-- MySQL dump 10.13  Distrib 5.5.47, for debian-linux-gnu (x86_64)
--
-- Host: localhost    Database: broadleaf
-- ------------------------------------------------------
-- Server version	5.5.47-0ubuntu0.14.04.1

/*!40101 SET @OLD_CHARACTER_SET_CLIENT=@@CHARACTER_SET_CLIENT */;
/*!40101 SET @OLD_CHARACTER_SET_RESULTS=@@CHARACTER_SET_RESULTS */;
/*!40101 SET @OLD_COLLATION_CONNECTION=@@COLLATION_CONNECTION */;
/*!40101 SET NAMES utf8 */;
/*!40103 SET @OLD_TIME_ZONE=@@TIME_ZONE */;
/*!40103 SET TIME_ZONE='+00:00' */;
/*!40014 SET @OLD_UNIQUE_CHECKS=@@UNIQUE_CHECKS, UNIQUE_CHECKS=0 */;
/*!40014 SET @OLD_FOREIGN_KEY_CHECKS=@@FOREIGN_KEY_CHECKS, FOREIGN_KEY_CHECKS=0 */;
/*!40101 SET @OLD_SQL_MODE=@@SQL_MODE, SQL_MODE='NO_AUTO_VALUE_ON_ZERO' */;
/*!40111 SET @OLD_SQL_NOTES=@@SQL_NOTES, SQL_NOTES=0 */;

--
-- Dumping data for table `BLC_ADDITIONAL_OFFER_INFO`
--

LOCK TABLES `BLC_ADDITIONAL_OFFER_INFO` WRITE;
/*!40000 ALTER TABLE `BLC_ADDITIONAL_OFFER_INFO` DISABLE KEYS */;
/*!40000 ALTER TABLE `BLC_ADDITIONAL_OFFER_INFO` ENABLE KEYS */;
UNLOCK TABLES;

--
-- Dumping data for table `BLC_ADDRESS`
--

LOCK TABLES `BLC_ADDRESS` WRITE;
/*!40000 ALTER TABLE `BLC_ADDRESS` DISABLE KEYS */;
INSERT INTO `BLC_ADDRESS` (`ADDRESS_ID`, `ADDRESS_LINE1`, `ADDRESS_LINE2`, `ADDRESS_LINE3`, `CITY`, `COMPANY_NAME`, `COUNTY`, `EMAIL_ADDRESS`, `FAX`, `FIRST_NAME`, `FULL_NAME`, `IS_ACTIVE`, `IS_BUSINESS`, `IS_DEFAULT`, `IS_MAILING`, `IS_STREET`, `ISO_COUNTRY_SUB`, `LAST_NAME`, `POSTAL_CODE`, `PRIMARY_PHONE`, `SECONDARY_PHONE`, `STANDARDIZED`, `SUB_STATE_PROV_REG`, `TOKENIZED_ADDRESS`, `VERIFICATION_LEVEL`, `ZIP_FOUR`, `COUNTRY`, `ISO_COUNTRY_ALPHA2`, `PHONE_FAX_ID`, `PHONE_PRIMARY_ID`, `PHONE_SECONDARY_ID`, `STATE_PROV_REGION`) VALUES (101,'RZ A1/111 Vijay Enclave Palam Dabari Road New Delhi 110045','',NULL,'Delhi',NULL,NULL,NULL,NULL,NULL,'Rohit Kumar Mishra',1,0,0,0,0,NULL,NULL,'110045',NULL,NULL,0,'Delhi',NULL,NULL,NULL,NULL,'IN',NULL,101,NULL,NULL),(102,'RZ A1/111 Vijay Enclave Palam Dabari Road New Delhi 110045','',NULL,'Delhi',NULL,NULL,NULL,NULL,NULL,'Rohit Kumar Mishra',1,0,0,0,0,NULL,NULL,'110045',NULL,NULL,0,'Delhi',NULL,NULL,NULL,NULL,'IN',NULL,102,NULL,NULL),(103,'B-1/258','Yamuna Vihar',NULL,'Delhi',NULL,NULL,NULL,NULL,NULL,'Gaurav Alugh',1,0,0,0,0,NULL,NULL,'110053',NULL,NULL,0,'Delhi',NULL,NULL,NULL,NULL,'IN',NULL,103,NULL,NULL),(104,'B-1/258','Yamuna Vihar',NULL,'Delhi',NULL,NULL,NULL,NULL,NULL,'Gaurav Alugh',1,0,0,0,0,NULL,NULL,'110053',NULL,NULL,0,'Delhi',NULL,NULL,NULL,NULL,'IN',NULL,104,NULL,NULL),(105,'A44/45 Sector 62 noida 201301','',NULL,'Delhi',NULL,NULL,NULL,NULL,NULL,'Aradhana Jain',1,0,0,0,0,NULL,NULL,'201301',NULL,NULL,0,'Delhi',NULL,NULL,NULL,NULL,'IN',NULL,105,NULL,NULL),(106,'A44/45 Sector 62 noida 201301','',NULL,'Delhi',NULL,NULL,NULL,NULL,NULL,'Aradhana Jain',1,0,0,0,0,NULL,NULL,'201301',NULL,NULL,0,'Delhi',NULL,NULL,NULL,NULL,'IN',NULL,106,NULL,NULL),(107,'A44/45 Sector 62 noida 201301','',NULL,'Delhi',NULL,NULL,NULL,NULL,NULL,'Aradhana Jain',1,0,0,0,0,NULL,NULL,'201301',NULL,NULL,0,'Delhi',NULL,NULL,NULL,NULL,'IN',NULL,107,NULL,NULL),(108,'A44/45 Sector 62 noida 201301','',NULL,'Delhi',NULL,NULL,NULL,NULL,NULL,'Aradhana Jain',1,0,0,0,0,NULL,NULL,'201301',NULL,NULL,0,'Delhi',NULL,NULL,NULL,NULL,'IN',NULL,108,NULL,NULL),(109,'A44/45 Sector 62 noida 201301','',NULL,'Delhi',NULL,NULL,NULL,NULL,NULL,'Aradhana Jain',1,0,0,0,0,NULL,NULL,'201301',NULL,NULL,0,'Delhi',NULL,NULL,NULL,NULL,'IN',NULL,109,NULL,NULL),(110,'A44/45 Sector 62 noida 201301','',NULL,'Delhi',NULL,NULL,NULL,NULL,NULL,'Aradhana Jain',1,0,0,0,0,NULL,NULL,'201301',NULL,NULL,0,'Delhi',NULL,NULL,NULL,NULL,'IN',NULL,110,NULL,NULL),(111,'A44/45 Sector 62 noida 201301','',NULL,'Delhi',NULL,NULL,NULL,NULL,NULL,'Aradhana Jain',1,0,0,0,0,NULL,NULL,'201301',NULL,NULL,0,'Delhi',NULL,NULL,NULL,NULL,'IN',NULL,111,NULL,NULL),(112,'A44/45 Sector 62 noida 201301','',NULL,'Delhi',NULL,NULL,NULL,NULL,NULL,'Aradhana Jain',1,0,0,0,0,NULL,NULL,'201301',NULL,NULL,0,'Delhi',NULL,NULL,NULL,NULL,'IN',NULL,112,NULL,NULL),(151,'B-1/258','Yamuna Vihar',NULL,'Delhi',NULL,NULL,NULL,NULL,NULL,'Gaurav Alugh',1,0,0,0,0,NULL,NULL,'110053',NULL,NULL,0,'Delhi',NULL,NULL,NULL,NULL,'IN',NULL,151,NULL,NULL),(152,'B-1/258','Yamuna Vihar',NULL,'Delhi',NULL,NULL,NULL,NULL,NULL,'Gaurav Alugh',1,0,0,0,0,NULL,NULL,'110053',NULL,NULL,0,'Delhi',NULL,NULL,NULL,NULL,'IN',NULL,152,NULL,NULL);
/*!40000 ALTER TABLE `BLC_ADDRESS` ENABLE KEYS */;
UNLOCK TABLES;

--
-- Dumping data for table `BLC_ADMIN_MODULE`
--

LOCK TABLES `BLC_ADMIN_MODULE` WRITE;
/*!40000 ALTER TABLE `BLC_ADMIN_MODULE` DISABLE KEYS */;
INSERT INTO `BLC_ADMIN_MODULE` (`ADMIN_MODULE_ID`, `DISPLAY_ORDER`, `ICON`, `MODULE_KEY`, `NAME`) VALUES (-9,250,'icon-inbox','BLCInventory','Inventory'),(-8,150,'icon-money','BLCPricing','Pricing'),(-7,500,'icon-refresh','BLCWorkflow','Site Updates'),(-6,400,'icon-picture','BLCDesign','Design'),(-5,700,'icon-gear','BLCModuleConfiguration','Settings'),(-4,600,'icon-user','BLCOpenAdmin','Security'),(-3,550,'icon-heart','BLCCustomerCare','Customer Care'),(-2,200,'icon-file','BLCContentManagement','Content'),(-1,100,'icon-barcode','BLCMerchandising','Catalog');
/*!40000 ALTER TABLE `BLC_ADMIN_MODULE` ENABLE KEYS */;
UNLOCK TABLES;

--
-- Dumping data for table `BLC_ADMIN_PASSWORD_TOKEN`
--

LOCK TABLES `BLC_ADMIN_PASSWORD_TOKEN` WRITE;
/*!40000 ALTER TABLE `BLC_ADMIN_PASSWORD_TOKEN` DISABLE KEYS */;
INSERT INTO `BLC_ADMIN_PASSWORD_TOKEN` (`PASSWORD_TOKEN`, `ADMIN_USER_ID`, `CREATE_DATE`, `TOKEN_USED_DATE`, `TOKEN_USED_FLAG`) VALUES ('$2a$10$KlkJ4Y4HC0U0INfHakMPH.e5Ckqg82R/iZS5Lyli7LplOa/jMN5my',-1,'2016-08-09 05:27:39',NULL,0);
/*!40000 ALTER TABLE `BLC_ADMIN_PASSWORD_TOKEN` ENABLE KEYS */;
UNLOCK TABLES;

--
-- Dumping data for table `BLC_ADMIN_PERMISSION`
--

LOCK TABLES `BLC_ADMIN_PERMISSION` WRITE;
/*!40000 ALTER TABLE `BLC_ADMIN_PERMISSION` DISABLE KEYS */;
INSERT INTO `BLC_ADMIN_PERMISSION` (`ADMIN_PERMISSION_ID`, `DESCRIPTION`, `IS_FRIENDLY`, `NAME`, `PERMISSION_TYPE`) VALUES (-27003,'Maintain Menus',1,'PERMISSION_MENU','ALL'),(-27002,'View Menus',1,'PERMISSION_MENU','READ'),(-27001,'All Menu',NULL,'PERMISSION_ALL_MENU','ALL'),(-27000,'Read Menu',NULL,'PERMISSION_READ_MENU','READ'),(-201,'Read Structured Content Template',0,'PERMISSION_READ_STRUCTURED_CONTENT_TEMPLATE','READ'),(-200,'Read Page Template',0,'PERMISSION_READ_PAGE_TEMPLATE','READ'),(-161,'Maintain Field Definitions',1,'PERMISSION_FLDDEF_ALL','ALL'),(-160,'View Field Definitions',1,'PERMISSION_FLDDEF_VIEW','READ'),(-151,'Maintain Permissions',1,'PERMISSION_PERM_ALL','ALL'),(-150,'View Permissions',1,'PERMISSION_PERM_VIEW','READ'),(-141,'Maintain Roles',1,'PERMISSION_ROLE_ALL','ALL'),(-140,'View Roles',1,'PERMISSION_ROLE_VIEW','READ'),(-131,'Maintain Translations',1,'PERMISSION_TRANSLATION','ALL'),(-130,'View Translations',1,'PERMISSION_TRANSLATION','READ'),(-127,'Maintain Module Configurations',1,'PERMISSION_MODULECONFIGURATION','ALL'),(-126,'View Module Configurations',1,'PERMISSION_MODULECONFIGURATION','READ'),(-123,'Maintain System Properties',1,'PERMISSION_SYSTEMPROPERTY','ALL'),(-122,'View System Properties',1,'PERMISSION_SYSTEMPROPERTY','READ'),(-121,'Maintain Users',1,'PERMISSION_USER','ALL'),(-120,'View Users',1,'PERMISSION_USER','READ'),(-119,'Maintain Customers',1,'PERMISSION_CUSTOMER','ALL'),(-118,'View Customers',1,'PERMISSION_CUSTOMER','READ'),(-117,'Maintain Orders',1,'PERMISSION_ORDER','ALL'),(-116,'View Orders',1,'PERMISSION_ORDER','READ'),(-115,'Maintain URL Redirects',1,'PERMISSION_URLREDIRECT','ALL'),(-114,'View URL Redirects',1,'PERMISSION_URLREDIRECT','READ'),(-113,'Maintain Structured Contents',1,'PERMISSION_STRUCTUREDCONTENT','ALL'),(-112,'View Structured Contents',1,'PERMISSION_STRUCTUREDCONTENT','READ'),(-111,'Maintain Assets',1,'PERMISSION_ASSET','ALL'),(-110,'View Assets',1,'PERMISSION_ASSET','READ'),(-109,'Maintain Pages',1,'PERMISSION_PAGE','ALL'),(-108,'View Pages',1,'PERMISSION_PAGE','READ'),(-107,'Maintain Offers',1,'PERMISSION_OFFER','ALL'),(-106,'View Offers',1,'PERMISSION_OFFER','READ'),(-105,'Maintain Product Options',1,'PERMISSION_PRODUCTOPTIONS','ALL'),(-104,'View Product Options',1,'PERMISSION_PRODUCTOPTIONS','READ'),(-103,'Maintain Products',1,'PERMISSION_PRODUCT','ALL'),(-102,'View Products',1,'PERMISSION_PRODUCT','READ'),(-101,'Maintain Categories',1,'PERMISSION_CATEGORY','ALL'),(-100,'View Categories',1,'PERMISSION_CATEGORY','READ'),(-55,'All ISO COUNTRIES',0,'PERMISSION_ALL_ISO_COUNTRIES','ALL'),(-54,'Read ISO Countries',0,'PERMISSION_READ_ISO_COUNTRIES','READ'),(-53,'All Catalog Permissions',0,'PERMISSION_ALL_CATALOG_PERMS','ALL'),(-52,'Read Catalog Permissions',0,'PERMISSION_READ_CATALOG_PERMS','READ'),(-51,'All Field Definitions',0,'PERMISSION_ALL_FIELD_DEFS','ALL'),(-50,'Read Field Definitions',0,'PERMISSION_READ_FIELD_DEFS','READ'),(-49,'All Admin Permissions',0,'PERMISSION_ALL_ADMIN_PERMS','ALL'),(-48,'Read Admin Permissions',0,'PERMISSION_READ_ADMIN_PERMS','READ'),(-47,'All Admin Roles',0,'PERMISSION_ALL_ADMIN_ROLES','ALL'),(-46,'Read Admin Roles',0,'PERMISSION_READ_ADMIN_ROLES','READ'),(-45,'All System Property',0,'PERMISSION_ALL_SYSTEM_PROPERTY','ALL'),(-44,'Read System Property',0,'PERMISSION_READ_SYSTEM_PROPERTY','READ'),(-43,'All Site Map Gen Configuration',0,'PERMISSION_ALL_SITE_MAP_GEN_CONFIG','ALL'),(-42,'Read Site Map Gen Configuration',0,'PERMISSION_READ_SITE_MAP_GEN_CONFIG','READ'),(-41,'All Translation',0,'PERMISSION_ALL_TRANSLATION','ALL'),(-40,'Read Translation',0,'PERMISSION_READ_TRANSLATION','READ'),(-39,'All Enumeration',0,'PERMISSION_ALL_ENUMERATION','ALL'),(-38,'Read Enumeration',0,'PERMISSION_READ_ENUMERATION','READ'),(-37,'All Configuration',0,'PERMISSION_ALL_MODULECONFIGURATION','ALL'),(-36,'Read Configuration',0,'PERMISSION_READ_MODULECONFIGURATION','READ'),(-35,'All Currency',0,'PERMISSION_ALL_CURRENCY','ALL'),(-34,'Read Currency',0,'PERMISSION_READ_CURRENCY','READ'),(-33,'All SearchFacet',0,'PERMISSION_ALL_SEARCHFACET','ALL'),(-32,'Read SearchFacet',0,'PERMISSION_READ_SEARCHFACET','READ'),(-31,'All SearchRedirect',0,'PERMISSION_ALL_SEARCHREDIRECT','ALL'),(-30,'Read SearchRedirect',0,'PERMISSION_READ_SEARCHREDIRECT','READ'),(-29,'All URLHandler',0,'PERMISSION_ALL_URLHANDLER','ALL'),(-28,'Read URLHandler',0,'PERMISSION_READ_URLHANDLER','READ'),(-27,'All Admin User',0,'PERMISSION_ALL_ADMIN_USER','ALL'),(-26,'Read Admin User',0,'PERMISSION_READ_ADMIN_USER','READ'),(-25,'All Structured Content',0,'PERMISSION_ALL_STRUCTURED_CONTENT','ALL'),(-24,'Read Structured Content',0,'PERMISSION_READ_STRUCTURED_CONTENT','READ'),(-23,'All Asset',0,'PERMISSION_ALL_ASSET','ALL'),(-22,'Read Asset',0,'PERMISSION_READ_ASSET','READ'),(-21,'All Page',0,'PERMISSION_ALL_PAGE','ALL'),(-20,'Read Page',0,'PERMISSION_READ_PAGE','READ'),(-19,'All Customer',0,'PERMISSION_ALL_CUSTOMER','ALL'),(-18,'Read Customer',0,'PERMISSION_READ_CUSTOMER','READ'),(-17,'All Order Item',0,'PERMISSION_ALL_ORDER_ITEM','ALL'),(-16,'Read Order Item',0,'PERMISSION_READ_ORDER_ITEM','READ'),(-15,'All Fulfillment Group',0,'PERMISSION_ALL_FULFILLMENT_GROUP','ALL'),(-14,'Read Fulfillment Group',0,'PERMISSION_READ_FULFILLMENT_GROUP','READ'),(-13,'All Order',0,'PERMISSION_ALL_ORDER','ALL'),(-12,'Read Order',0,'PERMISSION_READ_ORDER','READ'),(-11,'All Promotion',0,'PERMISSION_ALL_PROMOTION','ALL'),(-10,'Read Promotion',0,'PERMISSION_READ_PROMOTION','READ'),(-9,'All Sku',0,'PERMISSION_ALL_SKU','ALL'),(-8,'Read Sku',0,'PERMISSION_READ_SKU','READ'),(-7,'All Product Option',0,'PERMISSION_ALL_PRODUCT_OPTION','ALL'),(-6,'Read Product Option',0,'PERMISSION_READ_PRODUCT_OPTION','READ'),(-5,'All Product',0,'PERMISSION_ALL_PRODUCT','ALL'),(-4,'Read Product',0,'PERMISSION_READ_PRODUCT','READ'),(-3,'All Category',0,'PERMISSION_ALL_CATEGORY','ALL'),(-2,'Read Category',0,'PERMISSION_READ_CATEGORY','READ'),(-1,'Default Permission',0,'PERMISSION_OTHER_DEFAULT','OTHER');
/*!40000 ALTER TABLE `BLC_ADMIN_PERMISSION` ENABLE KEYS */;
UNLOCK TABLES;

--
-- Dumping data for table `BLC_ADMIN_PERMISSION_ENTITY`
--

LOCK TABLES `BLC_ADMIN_PERMISSION_ENTITY` WRITE;
/*!40000 ALTER TABLE `BLC_ADMIN_PERMISSION_ENTITY` DISABLE KEYS */;
INSERT INTO `BLC_ADMIN_PERMISSION_ENTITY` (`ADMIN_PERMISSION_ENTITY_ID`, `CEILING_ENTITY`, `ADMIN_PERMISSION_ID`) VALUES (-27003,'org.broadleafcommerce.menu.domain.MenuItem',-27001),(-27002,'org.broadleafcommerce.menu.domain.MenuItem',-27000),(-27001,'org.broadleafcommerce.menu.domain.Menu',-27001),(-27000,'org.broadleafcommerce.menu.domain.Menu',-27000),(-1011,'org.broadleafcommerce.common.i18n.domain.ISOCountry',-55),(-1010,'org.broadleafcommerce.common.i18n.domain.ISOCountry',-54),(-1003,'org.broadleafcommerce.common.site.domain.Site',-53),(-1002,'org.broadleafcommerce.common.site.domain.Site',-52),(-1001,'org.broadleafcommerce.common.site.domain.Catalog',-53),(-1000,'org.broadleafcommerce.common.site.domain.Catalog',-52),(-991,'org.broadleafcommerce.cms.field.domain.FieldDefinition',-51),(-990,'org.broadleafcommerce.cms.field.domain.FieldDefinition',-50),(-983,'org.broadleafcommerce.openadmin.server.security.domain.AdminPermissionQualifiedEntity',-48),(-982,'org.broadleafcommerce.openadmin.server.security.domain.AdminPermissionQualifiedEntity',-49),(-981,'org.broadleafcommerce.openadmin.server.security.domain.AdminPermission',-48),(-980,'org.broadleafcommerce.openadmin.server.security.domain.AdminPermission',-49),(-971,'org.broadleafcommerce.openadmin.server.security.domain.AdminRole',-47),(-970,'org.broadleafcommerce.openadmin.server.security.domain.AdminRole',-46),(-961,'org.broadleafcommerce.common.config.domain.SystemProperty',-45),(-960,'org.broadleafcommerce.common.config.domain.SystemProperty',-44),(-953,'org.broadleafcommerce.common.sitemap.domain.SiteMapURLEntry',-43),(-952,'org.broadleafcommerce.common.sitemap.domain.SiteMapURLEntry',-42),(-951,'org.broadleafcommerce.common.sitemap.domain.SiteMapGeneratorConfiguration',-43),(-950,'org.broadleafcommerce.common.sitemap.domain.SiteMapGeneratorConfiguration',-42),(-911,'org.broadleafcommerce.common.i18n.domain.Translation',-41),(-910,'org.broadleafcommerce.common.i18n.domain.Translation',-40),(-903,'org.broadleafcommerce.common.enumeration.domain.DataDrivenEnumerationValue',-39),(-902,'org.broadleafcommerce.common.enumeration.domain.DataDrivenEnumerationValue',-38),(-901,'org.broadleafcommerce.common.enumeration.domain.DataDrivenEnumeration',-39),(-900,'org.broadleafcommerce.common.enumeration.domain.DataDrivenEnumeration',-38),(-881,'org.broadleafcommerce.common.config.domain.ModuleConfiguration',-37),(-880,'org.broadleafcommerce.common.config.domain.ModuleConfiguration',-36),(-851,'org.broadleafcommerce.common.currency.domain.BroadleafCurrency',-35),(-850,'org.broadleafcommerce.common.currency.domain.BroadleafCurrency',-34),(-809,'org.broadleafcommerce.core.search.domain.CategoryExcludedSearchFacet',-33),(-808,'org.broadleafcommerce.core.search.domain.CategoryExcludedSearchFacet',-32),(-807,'org.broadleafcommerce.core.search.domain.SearchFacetRange',-33),(-806,'org.broadleafcommerce.core.search.domain.SearchFacetRange',-32),(-805,'org.broadleafcommerce.core.search.domain.CategorySearchFacet',-33),(-804,'org.broadleafcommerce.core.search.domain.CategorySearchFacet',-32),(-803,'org.broadleafcommerce.core.search.domain.Field',-33),(-802,'org.broadleafcommerce.core.search.domain.Field',-32),(-801,'org.broadleafcommerce.core.search.domain.SearchFacet',-33),(-800,'org.broadleafcommerce.core.search.domain.SearchFacet',-32),(-781,'org.broadleafcommerce.core.search.redirect.domain.SearchRedirect',-31),(-780,'org.broadleafcommerce.core.search.redirect.domain.SearchRedirect',-30),(-753,'org.broadleafcommerce.common.locale.domain.Locale',-29),(-752,'org.broadleafcommerce.common.locale.domain.Locale',-28),(-751,'org.broadleafcommerce.cms.url.domain.URLHandler',-29),(-750,'org.broadleafcommerce.cms.url.domain.URLHandler',-28),(-721,'org.broadleafcommerce.openadmin.server.security.domain.AdminUser',-27),(-720,'org.broadleafcommerce.openadmin.server.security.domain.AdminUser',-26),(-659,'org.broadleafcommerce.common.locale.domain.Locale',-25),(-658,'org.broadleafcommerce.common.locale.domain.Locale',-24),(-657,'org.broadleafcommerce.cms.structure.domain.StructuredContentFieldTemplate',-201),(-655,'org.broadleafcommerce.cms.structure.domain.StructuredContentItemCriteria',-25),(-654,'org.broadleafcommerce.cms.structure.domain.StructuredContentItemCriteria',-24),(-653,'org.broadleafcommerce.cms.structure.domain.StructuredContentType',-201),(-651,'org.broadleafcommerce.cms.structure.domain.StructuredContent',-25),(-650,'org.broadleafcommerce.cms.structure.domain.StructuredContent',-24),(-603,'org.broadleafcommerce.cms.file.domain.StaticAssetFolder',-23),(-602,'org.broadleafcommerce.cms.file.domain.StaticAssetFolder',-22),(-601,'org.broadleafcommerce.cms.file.domain.StaticAsset',-23),(-600,'org.broadleafcommerce.cms.file.domain.StaticAsset',-22),(-557,'org.broadleafcommerce.common.locale.domain.Locale',-21),(-556,'org.broadleafcommerce.common.locale.domain.Locale',-20),(-555,'org.broadleafcommerce.cms.page.domain.PageItemCriteria',-21),(-554,'org.broadleafcommerce.cms.page.domain.PageItemCriteria',-20),(-552,'org.broadleafcommerce.cms.page.domain.PageTemplate',-200),(-551,'org.broadleafcommerce.cms.page.domain.Page',-21),(-550,'org.broadleafcommerce.cms.page.domain.Page',-20),(-514,'org.broadleafcommerce.core.catalog.domain.CrossSaleProductImpl',-19),(-513,'org.broadleafcommerce.core.catalog.domain.CrossSaleProductImpl',-18),(-512,'org.broadleafcommerce.profile.core.domain.CustomerPhone',-19),(-511,'org.broadleafcommerce.profile.core.domain.CustomerPhone',-18),(-510,'org.broadleafcommerce.profile.core.domain.CustomerPayment',-19),(-509,'org.broadleafcommerce.profile.core.domain.CustomerPayment',-18),(-508,'org.broadleafcommerce.profile.core.domain.CustomerAddress',-19),(-507,'org.broadleafcommerce.profile.core.domain.CustomerAddress',-18),(-506,'org.broadleafcommerce.profile.core.domain.CustomerAttribute',-19),(-504,'org.broadleafcommerce.profile.core.domain.CustomerAttribute',-18),(-503,'org.broadleafcommerce.profile.core.domain.ChallengeQuestion',-19),(-502,'org.broadleafcommerce.profile.core.domain.ChallengeQuestion',-18),(-501,'org.broadleafcommerce.profile.core.domain.Customer',-19),(-500,'org.broadleafcommerce.profile.core.domain.Customer',-18),(-461,'org.broadleafcommerce.core.order.domain.BundleOrderItemFeePriceImpl',-17),(-460,'org.broadleafcommerce.core.order.domain.BundleOrderItemFeePriceImpl',-16),(-459,'org.broadleafcommerce.core.order.domain.OrderItemPriceDetailImpl',-17),(-458,'org.broadleafcommerce.core.order.domain.OrderItemPriceDetailImpl',-16),(-457,'org.broadleafcommerce.core.offer.domain.OrderItemPriceDetailAdjustmentImpl',-17),(-456,'org.broadleafcommerce.core.offer.domain.OrderItemPriceDetailAdjustmentImpl',-16),(-455,'org.broadleafcommerce.core.offer.domain.OrderItemAdjustment',-17),(-454,'org.broadleafcommerce.core.offer.domain.OrderItemAdjustment',-16),(-453,'org.broadleafcommerce.core.order.domain.DiscreteOrderItemFeePrice',-17),(-452,'org.broadleafcommerce.core.order.domain.DiscreteOrderItemFeePrice',-16),(-451,'org.broadleafcommerce.core.order.domain.OrderItem',-17),(-450,'org.broadleafcommerce.core.order.domain.OrderItem',-16),(-407,'org.broadleafcommerce.core.order.domain.FulfillmentGroupItemImpl',-15),(-406,'org.broadleafcommerce.core.order.domain.FulfillmentGroupItemImpl',-14),(-405,'org.broadleafcommerce.core.order.domain.FulfillmentGroupFeeImpl',-15),(-404,'org.broadleafcommerce.core.order.domain.FulfillmentGroupFeeImpl',-14),(-403,'org.broadleafcommerce.core.offer.domain.FulfillmentGroupAdjustment',-15),(-402,'org.broadleafcommerce.core.offer.domain.FulfillmentGroupAdjustment',-14),(-401,'org.broadleafcommerce.core.order.domain.FulfillmentGroup',-15),(-400,'org.broadleafcommerce.core.order.domain.FulfillmentGroup',-14),(-370,'org.broadleafcommerce.core.payment.domain.PaymentTransactionImpl',-13),(-369,'org.broadleafcommerce.core.payment.domain.PaymentTransactionImpl',-12),(-368,'org.broadleafcommerce.profile.core.domain.State',-13),(-367,'org.broadleafcommerce.profile.core.domain.State',-12),(-366,'org.broadleafcommerce.profile.core.domain.Country',-13),(-365,'org.broadleafcommerce.profile.core.domain.Country',-12),(-361,'org.broadleafcommerce.core.payment.domain.OrderPayment',-13),(-360,'org.broadleafcommerce.core.payment.domain.OrderPayment',-12),(-356,'org.broadleafcommerce.core.offer.domain.OrderAdjustment',-13),(-355,'org.broadleafcommerce.core.offer.domain.OrderAdjustment',-12),(-351,'org.broadleafcommerce.core.order.domain.Order',-13),(-350,'org.broadleafcommerce.core.order.domain.Order',-12),(-307,'org.broadleafcommerce.core.offer.domain.OfferTier',-11),(-306,'org.broadleafcommerce.core.offer.domain.OfferTier',-10),(-305,'org.broadleafcommerce.core.offer.domain.OfferCode',-11),(-304,'org.broadleafcommerce.core.offer.domain.OfferCode',-10),(-303,'org.broadleafcommerce.core.offer.domain.OfferItemCriteria',-11),(-302,'org.broadleafcommerce.core.offer.domain.OfferItemCriteria',-10),(-301,'org.broadleafcommerce.core.offer.domain.Offer',-11),(-300,'org.broadleafcommerce.core.offer.domain.Offer',-10),(-251,'org.broadleafcommerce.core.catalog.domain.Sku',-9),(-250,'org.broadleafcommerce.core.catalog.domain.Sku',-8),(-207,'org.broadleafcommerce.core.catalog.domain.SkuProductOptionValueXref',-7),(-206,'org.broadleafcommerce.core.catalog.domain.SkuProductOptionValueXref',-6),(-205,'org.broadleafcommerce.core.catalog.domain.ProductOptionXref',-7),(-204,'org.broadleafcommerce.core.catalog.domain.ProductOptionXref',-6),(-203,'org.broadleafcommerce.core.catalog.domain.ProductOptionValue',-7),(-202,'org.broadleafcommerce.core.catalog.domain.ProductOptionValue',-6),(-201,'org.broadleafcommerce.core.catalog.domain.ProductOption',-7),(-200,'org.broadleafcommerce.core.catalog.domain.ProductOption',-6),(-107,'org.broadleafcommerce.core.catalog.domain.SkuBundleItemImpl',-5),(-106,'org.broadleafcommerce.core.catalog.domain.SkuBundleItemImpl',-4),(-105,'org.broadleafcommerce.core.catalog.domain.UpSaleProductImpl',-5),(-104,'org.broadleafcommerce.core.catalog.domain.UpSaleProductImpl',-4),(-103,'org.broadleafcommerce.core.catalog.domain.ProductAttribute',-5),(-102,'org.broadleafcommerce.core.catalog.domain.ProductAttribute',-4),(-101,'org.broadleafcommerce.core.catalog.domain.Product',-5),(-100,'org.broadleafcommerce.core.catalog.domain.Product',-4),(-14,'org.broadleafcommerce.core.catalog.domain.UpSaleProductImpl',-3),(-13,'org.broadleafcommerce.core.catalog.domain.UpSaleProductImpl',-2),(-12,'org.broadleafcommerce.core.catalog.domain.CrossSaleProductImpl',-3),(-11,'org.broadleafcommerce.core.catalog.domain.CrossSaleProductImpl',-2),(-10,'org.broadleafcommerce.core.catalog.domain.FeaturedProductImpl',-3),(-9,'org.broadleafcommerce.core.catalog.domain.FeaturedProductImpl',-2),(-8,'org.broadleafcommerce.core.catalog.domain.CategoryXrefImpl',-3),(-7,'org.broadleafcommerce.core.catalog.domain.CategoryXrefImpl',-2),(-6,'org.broadleafcommerce.core.catalog.domain.CategoryProductXrefImpl',-3),(-5,'org.broadleafcommerce.core.catalog.domain.CategoryProductXrefImpl',-2),(-4,'org.broadleafcommerce.core.catalog.domain.CategoryAttribute',-3),(-3,'org.broadleafcommerce.core.catalog.domain.CategoryAttribute',-2),(-2,'org.broadleafcommerce.core.catalog.domain.Category',-3),(-1,'org.broadleafcommerce.core.catalog.domain.Category',-2),(1000,'com.fitnfash.core.order.domain.OrderedSku',-16),(1001,'com.fitnfash.core.order.domain.OrderedSku',-17),(1002,'com.fitnfash.core.order.domain.OrderEvent',-12),(1003,'com.fitnfash.core.order.domain.OrderEvent',-13);
/*!40000 ALTER TABLE `BLC_ADMIN_PERMISSION_ENTITY` ENABLE KEYS */;
UNLOCK TABLES;

--
-- Dumping data for table `BLC_ADMIN_PERMISSION_XREF`
--

LOCK TABLES `BLC_ADMIN_PERMISSION_XREF` WRITE;
/*!40000 ALTER TABLE `BLC_ADMIN_PERMISSION_XREF` DISABLE KEYS */;
INSERT INTO `BLC_ADMIN_PERMISSION_XREF` (`CHILD_PERMISSION_ID`, `ADMIN_PERMISSION_ID`) VALUES (-2,-100),(-4,-100),(-32,-100),(-53,-100),(-3,-101),(-4,-101),(-32,-101),(-53,-101),(-4,-102),(-6,-102),(-8,-102),(-34,-102),(-53,-101),(-5,-103),(-6,-103),(-9,-103),(-34,-103),(-53,-103),(-6,-104),(-32,-104),(-53,-104),(-7,-105),(-32,-105),(-53,-105),(-10,-106),(-53,-106),(-11,-107),(-53,-106),(-20,-108),(-200,-108),(-21,-109),(-200,-109),(-22,-110),(-23,-111),(-24,-112),(-201,-112),(-25,-113),(-201,-113),(-28,-114),(-29,-115),(-12,-116),(-16,-116),(-14,-116),(-10,-116),(-13,-117),(-16,-117),(-14,-117),(-10,-117),(-18,-118),(-19,-119),(-26,-120),(-46,-120),(-48,-120),(-27,-121),(-46,-120),(-48,-120),(-44,-122),(-45,-123),(-36,-126),(-37,-127),(-40,-130),(-41,-131),(-46,-140),(-48,-140),(-47,-141),(-48,-141),(-48,-150),(-49,-151),(-50,-160),(-51,-161),(-27000,-27002),(-27001,-27003);
/*!40000 ALTER TABLE `BLC_ADMIN_PERMISSION_XREF` ENABLE KEYS */;
UNLOCK TABLES;

--
-- Dumping data for table `BLC_ADMIN_ROLE`
--

LOCK TABLES `BLC_ADMIN_ROLE` WRITE;
/*!40000 ALTER TABLE `BLC_ADMIN_ROLE` DISABLE KEYS */;
INSERT INTO `BLC_ADMIN_ROLE` (`ADMIN_ROLE_ID`, `DESCRIPTION`, `NAME`) VALUES (-7,'CMS Designer','ROLE_CONTENT_DESIGNER'),(-6,'CMS Approver','ROLE_CONTENT_APPROVER'),(-5,'CMS Editor','ROLE_CONTENT_EDITOR'),(-4,'CSR','ROLE_CUSTOMER_SERVICE_REP'),(-3,'Promotion Manager','ROLE_PROMOTION_MANAGER'),(-2,'Merchandiser','ROLE_MERCHANDISE_MANAGER'),(-1,'Admin Master Access','ROLE_ADMIN');
/*!40000 ALTER TABLE `BLC_ADMIN_ROLE` ENABLE KEYS */;
UNLOCK TABLES;

--
-- Dumping data for table `BLC_ADMIN_ROLE_PERMISSION_XREF`
--

LOCK TABLES `BLC_ADMIN_ROLE_PERMISSION_XREF` WRITE;
/*!40000 ALTER TABLE `BLC_ADMIN_ROLE_PERMISSION_XREF` DISABLE KEYS */;
INSERT INTO `BLC_ADMIN_ROLE_PERMISSION_XREF` (`ADMIN_ROLE_ID`, `ADMIN_PERMISSION_ID`) VALUES (-5,-27003),(-1,-27003),(-5,-161),(-1,-161),(-1,-141),(-5,-131),(-3,-131),(-2,-131),(-1,-131),(-1,-127),(-1,-123),(-1,-121),(-4,-119),(-1,-119),(-4,-117),(-1,-117),(-1,-115),(-5,-113),(-1,-113),(-6,-111),(-5,-111),(-2,-111),(-1,-111),(-6,-109),(-5,-109),(-1,-109),(-3,-107),(-1,-107),(-2,-105),(-1,-105),(-2,-103),(-1,-103),(-2,-101),(-1,-101);
/*!40000 ALTER TABLE `BLC_ADMIN_ROLE_PERMISSION_XREF` ENABLE KEYS */;
UNLOCK TABLES;

--
-- Dumping data for table `BLC_ADMIN_SECTION`
--

LOCK TABLES `BLC_ADMIN_SECTION` WRITE;
/*!40000 ALTER TABLE `BLC_ADMIN_SECTION` DISABLE KEYS */;
INSERT INTO `BLC_ADMIN_SECTION` (`ADMIN_SECTION_ID`, `CEILING_ENTITY`, `DISPLAY_CONTROLLER`, `DISPLAY_ORDER`, `NAME`, `SECTION_KEY`, `URL`, `USE_DEFAULT_HANDLER`, `ADMIN_MODULE_ID`) VALUES (-27000,'org.broadleafcommerce.menu.domain.Menu',NULL,2500,'Menus','Menus','/menu',1,-2),(-17,'org.broadleafcommerce.openadmin.server.security.domain.AdminPermission',NULL,3000,'Permission Management','PermissionManagement','/permission-management',NULL,-4),(-16,'org.broadleafcommerce.common.config.domain.SystemProperty',NULL,2000,'System Properties','SystemProperties','/system-properties',NULL,-5),(-15,'org.broadleafcommerce.common.config.domain.SystemProperty',NULL,3000,'System Property Management','SystemPropertyManagement','/system-properties-management',NULL,-5),(-13,'org.broadleafcommerce.common.config.domain.ModuleConfiguration',NULL,1000,'Configuration Management','ConfigurationManagement','/configuration-management',NULL,-5),(-12,'org.broadleafcommerce.openadmin.server.security.domain.AdminRole',NULL,2000,'Role Management','RoleManagement','/role-management',NULL,-4),(-11,'org.broadleafcommerce.openadmin.server.security.domain.AdminUser',NULL,1000,'User Management','UserManagement','/user-management',NULL,-4),(-10,'org.broadleafcommerce.profile.core.domain.Customer',NULL,1000,'Customer','Customer','/customer',NULL,-3),(-9,'org.broadleafcommerce.core.order.domain.Order',NULL,2000,'Order','Order','/order',NULL,-3),(-8,'org.broadleafcommerce.cms.url.domain.URLHandler',NULL,4000,'Redirect URL','RedirectURL','/redirect-url',NULL,-2),(-7,'org.broadleafcommerce.cms.structure.domain.StructuredContent',NULL,2000,'Structured Content','StructuredContent','/structured-content',NULL,-2),(-6,'org.broadleafcommerce.cms.file.domain.StaticAsset',NULL,3000,'Assets','Assets','/assets',NULL,-2),(-5,'org.broadleafcommerce.cms.page.domain.Page',NULL,1000,'Pages','Pages','/pages',NULL,-2),(-4,'org.broadleafcommerce.core.offer.domain.Offer',NULL,1000,'Offer','Offer','/offer',NULL,-8),(-3,'org.broadleafcommerce.core.catalog.domain.ProductOption',NULL,3000,'Product Options','ProductOptions','/product-options',NULL,-1),(-2,'org.broadleafcommerce.core.catalog.domain.Product',NULL,2000,'Product','Product','/product',NULL,-1),(-1,'org.broadleafcommerce.core.catalog.domain.Category',NULL,1000,'Category','Category','/category',NULL,-1),(4,NULL,NULL,4000,'Catalog Settings','Catalog Settings','/catalog-settings',NULL,-1);
/*!40000 ALTER TABLE `BLC_ADMIN_SECTION` ENABLE KEYS */;
UNLOCK TABLES;

--
-- Dumping data for table `BLC_ADMIN_SEC_PERM_XREF`
--

LOCK TABLES `BLC_ADMIN_SEC_PERM_XREF` WRITE;
/*!40000 ALTER TABLE `BLC_ADMIN_SEC_PERM_XREF` DISABLE KEYS */;
INSERT INTO `BLC_ADMIN_SEC_PERM_XREF` (`ADMIN_SECTION_ID`, `ADMIN_PERMISSION_ID`) VALUES (-1,-100),(-1,-101),(-2,-102),(-2,-103),(-3,-104),(-3,-105),(-4,-106),(-4,-107),(-5,-108),(-5,-109),(-6,-110),(-6,-111),(-7,-112),(-7,-113),(-8,-114),(-8,-115),(-9,-116),(-9,-117),(-10,-118),(-10,-119),(-11,-120),(-11,-121),(-12,-140),(-12,-141),(-13,-126),(-13,-127),(-15,-122),(-15,-123),(-16,-122),(-16,-123),(-17,-150),(-17,-151),(-27000,-27002),(-27000,-27003),(4,-1);
/*!40000 ALTER TABLE `BLC_ADMIN_SEC_PERM_XREF` ENABLE KEYS */;
UNLOCK TABLES;

--
-- Dumping data for table `BLC_ADMIN_USER`
--

LOCK TABLES `BLC_ADMIN_USER` WRITE;
/*!40000 ALTER TABLE `BLC_ADMIN_USER` DISABLE KEYS */;
INSERT INTO `BLC_ADMIN_USER` (`ADMIN_USER_ID`, `ACTIVE_STATUS_FLAG`, `EMAIL`, `LOGIN`, `NAME`, `PASSWORD`, `PHONE_NUMBER`) VALUES (-6,1,'cms_approver@yourdomain.com','cmsApprover','CMS Approver','$2a$04$dWsCiEZgmv5ciXulhFe9f.yB2RX9lEn7YZEGgLBRGVEgE.ckWBWDG',NULL),(-5,1,'cms_edit@yourdomain.com','cmsEditor','CMS Editor','$2a$04$dWsCiEZgmv5ciXulhFe9f.yB2RX9lEn7YZEGgLBRGVEgE.ckWBWDG',NULL),(-4,1,'csr@yourdomain.com','csr','CSR','$2a$04$dWsCiEZgmv5ciXulhFe9f.yB2RX9lEn7YZEGgLBRGVEgE.ckWBWDG',NULL),(-3,1,'promo@yourdomain.com','promo','Promotion Manager','$2a$04$dWsCiEZgmv5ciXulhFe9f.yB2RX9lEn7YZEGgLBRGVEgE.ckWBWDG',NULL),(-2,1,'merchandise@yourdomain.com','merchandise','Merchandise Manager','$2a$04$dWsCiEZgmv5ciXulhFe9f.yB2RX9lEn7YZEGgLBRGVEgE.ckWBWDG',NULL),(-1,1,'info@fitnfash.com','admin','Administrator','$2a$04$dWsCiEZgmv5ciXulhFe9f.yB2RX9lEn7YZEGgLBRGVEgE.ckWBWDG',NULL);
/*!40000 ALTER TABLE `BLC_ADMIN_USER` ENABLE KEYS */;
UNLOCK TABLES;

--
-- Dumping data for table `BLC_ADMIN_USER_ADDTL_FIELDS`
--

LOCK TABLES `BLC_ADMIN_USER_ADDTL_FIELDS` WRITE;
/*!40000 ALTER TABLE `BLC_ADMIN_USER_ADDTL_FIELDS` DISABLE KEYS */;
/*!40000 ALTER TABLE `BLC_ADMIN_USER_ADDTL_FIELDS` ENABLE KEYS */;
UNLOCK TABLES;

--
-- Dumping data for table `BLC_ADMIN_USER_PERMISSION_XREF`
--

LOCK TABLES `BLC_ADMIN_USER_PERMISSION_XREF` WRITE;
/*!40000 ALTER TABLE `BLC_ADMIN_USER_PERMISSION_XREF` DISABLE KEYS */;
/*!40000 ALTER TABLE `BLC_ADMIN_USER_PERMISSION_XREF` ENABLE KEYS */;
UNLOCK TABLES;

--
-- Dumping data for table `BLC_ADMIN_USER_ROLE_XREF`
--

LOCK TABLES `BLC_ADMIN_USER_ROLE_XREF` WRITE;
/*!40000 ALTER TABLE `BLC_ADMIN_USER_ROLE_XREF` DISABLE KEYS */;
INSERT INTO `BLC_ADMIN_USER_ROLE_XREF` (`ADMIN_USER_ID`, `ADMIN_ROLE_ID`) VALUES (-6,-6),(-5,-5),(-4,-4),(-3,-3),(-2,-2),(-1,-1);
/*!40000 ALTER TABLE `BLC_ADMIN_USER_ROLE_XREF` ENABLE KEYS */;
UNLOCK TABLES;

--
-- Dumping data for table `BLC_ADMIN_USER_SANDBOX`
--

LOCK TABLES `BLC_ADMIN_USER_SANDBOX` WRITE;
/*!40000 ALTER TABLE `BLC_ADMIN_USER_SANDBOX` DISABLE KEYS */;
/*!40000 ALTER TABLE `BLC_ADMIN_USER_SANDBOX` ENABLE KEYS */;
UNLOCK TABLES;

--
-- Dumping data for table `BLC_ASSET_DESC_MAP`
--

LOCK TABLES `BLC_ASSET_DESC_MAP` WRITE;
/*!40000 ALTER TABLE `BLC_ASSET_DESC_MAP` DISABLE KEYS */;
/*!40000 ALTER TABLE `BLC_ASSET_DESC_MAP` ENABLE KEYS */;
UNLOCK TABLES;

--
-- Dumping data for table `BLC_BANK_ACCOUNT_PAYMENT`
--

LOCK TABLES `BLC_BANK_ACCOUNT_PAYMENT` WRITE;
/*!40000 ALTER TABLE `BLC_BANK_ACCOUNT_PAYMENT` DISABLE KEYS */;
/*!40000 ALTER TABLE `BLC_BANK_ACCOUNT_PAYMENT` ENABLE KEYS */;
UNLOCK TABLES;

--
-- Dumping data for table `BLC_BUNDLE_ORDER_ITEM`
--

LOCK TABLES `BLC_BUNDLE_ORDER_ITEM` WRITE;
/*!40000 ALTER TABLE `BLC_BUNDLE_ORDER_ITEM` DISABLE KEYS */;
/*!40000 ALTER TABLE `BLC_BUNDLE_ORDER_ITEM` ENABLE KEYS */;
UNLOCK TABLES;

--
-- Dumping data for table `BLC_BUND_ITEM_FEE_PRICE`
--

LOCK TABLES `BLC_BUND_ITEM_FEE_PRICE` WRITE;
/*!40000 ALTER TABLE `BLC_BUND_ITEM_FEE_PRICE` DISABLE KEYS */;
/*!40000 ALTER TABLE `BLC_BUND_ITEM_FEE_PRICE` ENABLE KEYS */;
UNLOCK TABLES;

--
-- Dumping data for table `BLC_CANDIDATE_FG_OFFER`
--

LOCK TABLES `BLC_CANDIDATE_FG_OFFER` WRITE;
/*!40000 ALTER TABLE `BLC_CANDIDATE_FG_OFFER` DISABLE KEYS */;
/*!40000 ALTER TABLE `BLC_CANDIDATE_FG_OFFER` ENABLE KEYS */;
UNLOCK TABLES;

--
-- Dumping data for table `BLC_CANDIDATE_ITEM_OFFER`
--

LOCK TABLES `BLC_CANDIDATE_ITEM_OFFER` WRITE;
/*!40000 ALTER TABLE `BLC_CANDIDATE_ITEM_OFFER` DISABLE KEYS */;
/*!40000 ALTER TABLE `BLC_CANDIDATE_ITEM_OFFER` ENABLE KEYS */;
UNLOCK TABLES;

--
-- Dumping data for table `BLC_CANDIDATE_ORDER_OFFER`
--

LOCK TABLES `BLC_CANDIDATE_ORDER_OFFER` WRITE;
/*!40000 ALTER TABLE `BLC_CANDIDATE_ORDER_OFFER` DISABLE KEYS */;
/*!40000 ALTER TABLE `BLC_CANDIDATE_ORDER_OFFER` ENABLE KEYS */;
UNLOCK TABLES;

--
-- Dumping data for table `BLC_CATALOG`
--

LOCK TABLES `BLC_CATALOG` WRITE;
/*!40000 ALTER TABLE `BLC_CATALOG` DISABLE KEYS */;
/*!40000 ALTER TABLE `BLC_CATALOG` ENABLE KEYS */;
UNLOCK TABLES;

--
-- Dumping data for table `BLC_CATEGORY`
--

LOCK TABLES `BLC_CATEGORY` WRITE;
/*!40000 ALTER TABLE `BLC_CATEGORY` DISABLE KEYS */;
INSERT INTO `BLC_CATEGORY` (`CATEGORY_ID`, `ACTIVE_END_DATE`, `ACTIVE_START_DATE`, `ARCHIVED`, `DESCRIPTION`, `DISPLAY_TEMPLATE`, `EXTERNAL_ID`, `FULFILLMENT_TYPE`, `INVENTORY_TYPE`, `LONG_DESCRIPTION`, `NAME`, `OVERRIDE_GENERATED_URL`, `TAX_CODE`, `URL`, `URL_KEY`, `DEFAULT_PARENT_CATEGORY_ID`) VALUES (10050,NULL,'2016-07-05 09:19:44','N',NULL,NULL,NULL,NULL,NULL,NULL,'Friday Night',1,NULL,'/friday-night',NULL,NULL),(10051,NULL,'2016-06-29 14:59:33','N',NULL,'layout/home',NULL,NULL,NULL,NULL,'home',1,NULL,'/',NULL,NULL),(10052,NULL,'2016-06-29 15:01:05','N',NULL,NULL,NULL,NULL,NULL,NULL,'Ethnic',0,NULL,'/ethnic',NULL,NULL),(10053,NULL,'2016-06-29 15:21:00','N',NULL,NULL,NULL,NULL,NULL,NULL,'Indo-Western & Anarkali',1,NULL,'/ethnic/indo-western-anarkali',NULL,10052),(10054,NULL,'2016-06-29 15:22:13','N',NULL,NULL,NULL,NULL,NULL,NULL,'Lehenga & Lancha',1,NULL,'/ethnic/lehenga-lancha',NULL,10052),(10055,NULL,'2016-06-29 15:23:21','N',NULL,NULL,NULL,NULL,NULL,NULL,'Saree',0,NULL,'/ethnic/saree',NULL,10052),(10056,NULL,'2016-06-29 15:24:12','N',NULL,NULL,NULL,NULL,NULL,NULL,'Gown',0,NULL,'/ethnic/gown',NULL,10052),(10057,NULL,'2016-06-29 15:24:37','N',NULL,NULL,NULL,NULL,NULL,NULL,'Western',0,NULL,'/western',NULL,NULL),(10058,NULL,'2016-06-29 15:24:53','N',NULL,NULL,NULL,NULL,NULL,NULL,'Western Gown',1,NULL,'/western/western-gown',NULL,10057),(10059,NULL,'2016-06-29 15:25:32','N',NULL,NULL,NULL,NULL,NULL,NULL,'Crop Top & Skirt',1,NULL,'/western/crop-top-skirt',NULL,10057),(10060,NULL,'2016-06-29 15:25:59','N',NULL,NULL,NULL,NULL,NULL,NULL,'Jumpsuit',0,NULL,'/western/jumpsuit',NULL,10057),(10061,NULL,'2016-06-29 15:27:19','N',NULL,NULL,NULL,NULL,NULL,NULL,'Short Dress',1,NULL,'/western/short-dress',NULL,10057),(10062,NULL,'2016-06-29 15:28:58','N',NULL,NULL,NULL,NULL,NULL,NULL,'Skater',0,NULL,'/western/skater',NULL,10057),(10100,NULL,'2016-07-05 09:34:50','N',NULL,NULL,NULL,NULL,NULL,NULL,'Formal Dress',1,NULL,'/formal-dress',NULL,NULL),(10101,NULL,'2016-07-05 09:39:54','N',NULL,NULL,NULL,NULL,NULL,NULL,'Evening Dress',1,NULL,'/evening-dress',NULL,NULL),(10102,NULL,'2016-07-05 09:41:08','N',NULL,NULL,NULL,NULL,NULL,NULL,'Holiday',0,NULL,'/holiday',NULL,NULL),(10103,NULL,'2016-07-05 09:42:03','N',NULL,NULL,NULL,NULL,NULL,NULL,'Party',0,NULL,'/party',NULL,NULL),(10104,NULL,'2016-07-05 09:42:53','N',NULL,NULL,NULL,NULL,NULL,NULL,'Wedding/Function',1,NULL,'/wedding-function',NULL,NULL),(10105,NULL,'2016-07-05 09:43:49','N',NULL,NULL,NULL,NULL,NULL,NULL,'Festival',0,NULL,'/festival',NULL,NULL),(10150,NULL,'2016-08-14 10:41:10','N',NULL,NULL,NULL,NULL,NULL,NULL,'Classic Accessories',1,NULL,'/accessories',NULL,NULL);
/*!40000 ALTER TABLE `BLC_CATEGORY` ENABLE KEYS */;
UNLOCK TABLES;

--
-- Dumping data for table `BLC_CATEGORY_ATTRIBUTE`
--

LOCK TABLES `BLC_CATEGORY_ATTRIBUTE` WRITE;
/*!40000 ALTER TABLE `BLC_CATEGORY_ATTRIBUTE` DISABLE KEYS */;
INSERT INTO `BLC_CATEGORY_ATTRIBUTE` (`CATEGORY_ATTRIBUTE_ID`, `NAME`, `SEARCHABLE`, `VALUE`, `CATEGORY_ID`) VALUES (1,'classification-by',0,'occasion',10050),(51,'classification-by',0,'occasion',10100),(52,'classification-by',0,'occasion',10101),(53,'classification-by',0,'occasion',10102),(54,'classification-by',0,'occasion',10103),(55,'classification-by',0,'occasion',10104),(56,'classification-by',0,'occasion',10105);
/*!40000 ALTER TABLE `BLC_CATEGORY_ATTRIBUTE` ENABLE KEYS */;
UNLOCK TABLES;

--
-- Dumping data for table `BLC_CATEGORY_MEDIA_MAP`
--

LOCK TABLES `BLC_CATEGORY_MEDIA_MAP` WRITE;
/*!40000 ALTER TABLE `BLC_CATEGORY_MEDIA_MAP` DISABLE KEYS */;
/*!40000 ALTER TABLE `BLC_CATEGORY_MEDIA_MAP` ENABLE KEYS */;
UNLOCK TABLES;

--
-- Dumping data for table `BLC_CATEGORY_PRODUCT_XREF`
--

LOCK TABLES `BLC_CATEGORY_PRODUCT_XREF` WRITE;
/*!40000 ALTER TABLE `BLC_CATEGORY_PRODUCT_XREF` DISABLE KEYS */;
INSERT INTO `BLC_CATEGORY_PRODUCT_XREF` (`CATEGORY_PRODUCT_ID`, `DEFAULT_REFERENCE`, `DISPLAY_ORDER`, `CATEGORY_ID`, `PRODUCT_ID`) VALUES (1200,1,NULL,10061,10150),(1201,1,NULL,10058,10151),(1250,1,NULL,10059,10200),(1251,1,NULL,10061,10201),(1252,1,NULL,10062,10202),(1253,1,NULL,10062,10203),(1254,1,NULL,10059,10204),(1255,1,NULL,10062,10205),(1256,1,NULL,10062,10206),(1257,1,NULL,10062,10207),(1258,1,NULL,10061,10208),(1259,1,NULL,10062,10209),(1260,1,NULL,10061,10210),(1262,1,NULL,10060,10212),(1263,1,NULL,10058,10213),(1264,1,NULL,10058,10214),(1265,1,NULL,10058,10215),(1266,1,NULL,10061,10216),(1267,1,NULL,10062,10217),(1268,1,NULL,10056,10218),(1269,1,NULL,10056,10219),(1270,1,NULL,10056,10220),(1271,1,NULL,10056,10221),(1273,1,NULL,10053,10223),(1276,1,NULL,10053,10226),(1277,1,NULL,10053,10227),(1279,1,NULL,10053,10229),(1280,1,NULL,10053,10230),(1281,1,NULL,10053,10231),(1282,1,NULL,10053,10232),(1284,1,NULL,10053,10234),(1290,1,NULL,10055,10240),(1291,1,NULL,10055,10241),(1292,1,NULL,10055,10242),(1293,1,NULL,10055,10243),(1294,1,NULL,10055,10244),(1295,1,NULL,10055,10245),(1296,1,NULL,10061,10246),(1297,1,NULL,10061,10247),(1298,1,NULL,10062,10248),(1299,1,NULL,10058,10249),(1300,1,NULL,10061,10250),(1301,1,NULL,10061,10251),(1302,1,NULL,10060,10252),(1303,1,NULL,10061,10253),(1304,1,NULL,10061,10254),(1305,1,NULL,10059,10255),(1306,1,NULL,10058,10256),(1307,1,NULL,10061,10257),(1308,1,NULL,10062,10211),(1350,NULL,0.000000,10050,10150),(1351,NULL,1.000000,10050,10200),(1352,NULL,2.000000,10050,10202),(1353,NULL,0.000000,10104,10219),(1354,NULL,1.000000,10104,10218),(1400,1,NULL,10056,10300),(1450,NULL,3.000000,10050,10209),(1451,NULL,4.000000,10050,10254),(1452,NULL,5.000000,10050,10206),(1453,NULL,6.000000,10050,10208),(1454,NULL,7.000000,10050,10215),(1455,NULL,8.000000,10050,10214),(1456,NULL,9.000000,10050,10248),(1458,NULL,10.000000,10050,10217),(1459,NULL,11.000000,10050,10213),(1460,NULL,12.000000,10050,10256),(1461,NULL,13.000000,10050,10203),(1462,NULL,14.000000,10050,10216),(1463,NULL,15.000000,10050,10249),(1464,NULL,16.000000,10050,10212),(1465,NULL,17.000000,10050,10253),(1466,NULL,18.000000,10050,10211),(1467,NULL,19.000000,10050,10210),(1468,NULL,20.000000,10050,10257),(1469,NULL,21.000000,10050,10247),(1470,NULL,22.000000,10050,10250),(1471,NULL,23.000000,10050,10207),(1472,NULL,24.000000,10050,10246),(1473,NULL,0.000000,10051,10202),(1474,NULL,1.000000,10051,10214),(1475,NULL,2.000000,10051,10151),(1476,NULL,3.000000,10051,10246),(1477,NULL,4.000000,10051,10219),(1479,NULL,6.000000,10051,10233),(1480,NULL,7.000000,10051,10242),(1481,NULL,8.000000,10051,10236),(1482,NULL,0.000000,10052,10218),(1483,NULL,1.000000,10052,10219),(1484,NULL,2.000000,10052,10220),(1485,NULL,3.000000,10052,10221),(1486,NULL,4.000000,10052,10222),(1487,NULL,5.000000,10052,10223),(1488,NULL,6.000000,10052,10224),(1489,NULL,7.000000,10052,10225),(1490,NULL,8.000000,10052,10226),(1491,NULL,9.000000,10052,10227),(1492,NULL,10.000000,10052,10228),(1493,NULL,11.000000,10052,10229),(1494,NULL,12.000000,10052,10230),(1495,NULL,13.000000,10052,10231),(1496,NULL,14.000000,10052,10232),(1497,NULL,15.000000,10052,10233),(1498,NULL,16.000000,10052,10234),(1499,NULL,17.000000,10052,10235),(1500,NULL,18.000000,10052,10236),(1501,NULL,19.000000,10052,10237),(1502,NULL,20.000000,10052,10238),(1503,NULL,21.000000,10052,10239),(1504,NULL,22.000000,10052,10240),(1505,NULL,23.000000,10052,10241),(1506,NULL,24.000000,10052,10242),(1507,NULL,25.000000,10052,10243),(1508,NULL,26.000000,10052,10244),(1509,NULL,27.000000,10052,10245),(1513,NULL,0.000000,10053,10220),(1514,NULL,0.000000,10053,10221),(1515,NULL,0.000000,10053,10225),(1517,NULL,0.000000,10053,10224),(1518,1,0.000000,10054,10236),(1519,1,1.000000,10054,10233),(1520,1,2.000000,10054,10237),(1521,1,3.000000,10054,10222),(1522,1,4.000000,10054,10224),(1523,1,5.000000,10054,10239),(1524,1,6.000000,10054,10235),(1525,1,7.000000,10054,10238),(1550,NULL,0.000000,10057,10150),(1551,NULL,1.000000,10057,10151),(1552,NULL,2.000000,10057,10200),(1553,NULL,3.000000,10057,10201),(1554,NULL,4.000000,10057,10202),(1555,NULL,5.000000,10057,10203),(1600,NULL,0.000000,10100,10150),(1601,NULL,1.000000,10100,10205),(1602,NULL,2.000000,10100,10206),(1603,NULL,3.000000,10100,10207),(1604,NULL,4.000000,10100,10210),(1605,NULL,5.000000,10100,10217),(1606,NULL,6.000000,10100,10246),(1607,NULL,7.000000,10100,10253),(1608,NULL,8.000000,10100,10254),(1609,NULL,9.000000,10100,10257),(1610,NULL,0.000000,10101,10150),(1612,NULL,2.000000,10101,10200),(1613,NULL,3.000000,10101,10201),(1614,NULL,4.000000,10101,10202),(1615,NULL,5.000000,10101,10203),(1616,NULL,6.000000,10101,10204),(1617,NULL,7.000000,10101,10205),(1618,NULL,8.000000,10101,10206),(1619,NULL,9.000000,10101,10207),(1620,NULL,10.000000,10101,10208),(1621,NULL,11.000000,10101,10209),(1622,NULL,12.000000,10101,10210),(1623,NULL,13.000000,10101,10211),(1624,NULL,14.000000,10101,10212),(1625,NULL,15.000000,10101,10214),(1626,NULL,16.000000,10101,10215),(1627,NULL,17.000000,10101,10216),(1628,NULL,18.000000,10101,10246),(1629,NULL,19.000000,10101,10247),(1630,NULL,20.000000,10101,10248),(1631,NULL,21.000000,10101,10249),(1632,NULL,22.000000,10101,10250),(1633,NULL,23.000000,10101,10251),(1634,NULL,24.000000,10101,10253),(1635,NULL,25.000000,10101,10254),(1636,NULL,26.000000,10101,10255),(1637,NULL,27.000000,10101,10256),(1638,NULL,28.000000,10101,10257),(1639,NULL,0.000000,10102,10150),(1640,NULL,1.000000,10102,10200),(1641,NULL,2.000000,10102,10201),(1642,NULL,3.000000,10102,10204),(1643,NULL,4.000000,10102,10206),(1644,NULL,5.000000,10102,10209),(1645,NULL,6.000000,10102,10210),(1646,NULL,7.000000,10102,10212),(1647,NULL,8.000000,10102,10248),(1648,NULL,9.000000,10102,10250),(1649,NULL,10.000000,10102,10252),(1650,NULL,11.000000,10102,10255),(1651,NULL,12.000000,10102,10257),(1652,NULL,0.000000,10103,10151),(1653,NULL,1.000000,10103,10202),(1654,NULL,2.000000,10103,10203),(1655,NULL,3.000000,10103,10204),(1656,NULL,4.000000,10103,10200),(1657,NULL,5.000000,10103,10205),(1658,NULL,6.000000,10103,10150),(1659,NULL,7.000000,10103,10207),(1660,NULL,8.000000,10103,10208),(1661,NULL,9.000000,10103,10210),(1662,NULL,10.000000,10103,10211),(1663,NULL,11.000000,10103,10213),(1664,NULL,12.000000,10103,10214),(1665,NULL,13.000000,10103,10215),(1666,NULL,14.000000,10103,10216),(1667,NULL,15.000000,10103,10246),(1668,NULL,16.000000,10103,10247),(1669,NULL,17.000000,10103,10248),(1670,NULL,18.000000,10103,10249),(1671,NULL,19.000000,10103,10250),(1672,NULL,20.000000,10103,10255),(1673,NULL,21.000000,10103,10256),(1674,NULL,10.000000,10100,10251),(1675,NULL,2.000000,10104,10151),(1676,NULL,3.000000,10104,10213),(1677,NULL,4.000000,10104,10214),(1678,NULL,5.000000,10104,10215),(1679,NULL,6.000000,10104,10220),(1680,NULL,7.000000,10104,10221),(1681,NULL,8.000000,10104,10222),(1682,NULL,9.000000,10104,10223),(1683,NULL,10.000000,10104,10224),(1684,NULL,11.000000,10104,10225),(1685,NULL,12.000000,10104,10226),(1686,NULL,13.000000,10104,10227),(1687,NULL,14.000000,10104,10228),(1688,NULL,15.000000,10104,10229),(1689,NULL,16.000000,10104,10230),(1690,NULL,17.000000,10104,10231),(1691,NULL,18.000000,10104,10232),(1692,NULL,19.000000,10104,10233),(1693,NULL,20.000000,10104,10234),(1694,NULL,21.000000,10104,10236),(1695,NULL,22.000000,10104,10235),(1696,NULL,23.000000,10104,10237),(1697,NULL,24.000000,10104,10238),(1698,NULL,25.000000,10104,10239),(1699,NULL,26.000000,10104,10240),(1700,NULL,27.000000,10104,10241),(1701,NULL,28.000000,10104,10242),(1702,NULL,29.000000,10104,10243),(1703,NULL,30.000000,10104,10244),(1704,NULL,31.000000,10104,10245),(1705,NULL,0.000000,10105,10225),(1706,NULL,1.000000,10105,10226),(1707,NULL,2.000000,10105,10227),(1708,NULL,3.000000,10105,10228),(1709,NULL,4.000000,10105,10229),(1710,NULL,5.000000,10105,10230),(1711,NULL,6.000000,10105,10231),(1712,NULL,7.000000,10105,10232),(1713,NULL,8.000000,10105,10234),(1714,NULL,9.000000,10105,10240),(1715,NULL,10.000000,10105,10241),(1716,NULL,11.000000,10105,10244),(1717,NULL,12.000000,10105,10242),(1718,NULL,13.000000,10105,10243),(1719,NULL,14.000000,10105,10245),(1720,NULL,15.000000,10105,10151),(1721,NULL,22.000000,10103,10252),(1750,1,NULL,10054,10225),(1751,1,NULL,10053,10228),(1752,1,NULL,10150,10350),(1753,1,NULL,10150,10351),(1754,1,NULL,10150,10352),(1755,1,NULL,10150,10353),(1756,1,NULL,10150,10354),(1757,1,NULL,10150,10355),(1758,1,NULL,10150,10356),(1759,1,NULL,10150,10357),(1760,1,NULL,10150,10358);
/*!40000 ALTER TABLE `BLC_CATEGORY_PRODUCT_XREF` ENABLE KEYS */;
UNLOCK TABLES;

--
-- Dumping data for table `BLC_CATEGORY_XREF`
--

LOCK TABLES `BLC_CATEGORY_XREF` WRITE;
/*!40000 ALTER TABLE `BLC_CATEGORY_XREF` DISABLE KEYS */;
INSERT INTO `BLC_CATEGORY_XREF` (`CATEGORY_XREF_ID`, `DEFAULT_REFERENCE`, `DISPLAY_ORDER`, `CATEGORY_ID`, `SUB_CATEGORY_ID`) VALUES (1050,1,NULL,10052,10053),(1051,1,NULL,10052,10054),(1052,1,NULL,10052,10055),(1053,1,NULL,10052,10056),(1054,1,NULL,10057,10058),(1055,1,NULL,10057,10059),(1056,1,NULL,10057,10060),(1057,1,NULL,10057,10061),(1058,1,NULL,10057,10062);
/*!40000 ALTER TABLE `BLC_CATEGORY_XREF` ENABLE KEYS */;
UNLOCK TABLES;

--
-- Dumping data for table `BLC_CAT_SEARCH_FACET_EXCL_XREF`
--

LOCK TABLES `BLC_CAT_SEARCH_FACET_EXCL_XREF` WRITE;
/*!40000 ALTER TABLE `BLC_CAT_SEARCH_FACET_EXCL_XREF` DISABLE KEYS */;
INSERT INTO `BLC_CAT_SEARCH_FACET_EXCL_XREF` (`CAT_EXCL_SEARCH_FACET_ID`, `SEQUENCE`, `CATEGORY_ID`, `SEARCH_FACET_ID`) VALUES (1000,0.00,10053,10),(1001,0.00,10054,10),(1002,0.00,10055,10),(1050,0.00,10056,10),(1051,0.00,10058,10),(1052,0.00,10059,10),(1053,0.00,10060,10),(1054,0.00,10061,10),(1055,0.00,10062,10);
/*!40000 ALTER TABLE `BLC_CAT_SEARCH_FACET_EXCL_XREF` ENABLE KEYS */;
UNLOCK TABLES;

--
-- Dumping data for table `BLC_CAT_SEARCH_FACET_XREF`
--

LOCK TABLES `BLC_CAT_SEARCH_FACET_XREF` WRITE;
/*!40000 ALTER TABLE `BLC_CAT_SEARCH_FACET_XREF` DISABLE KEYS */;
INSERT INTO `BLC_CAT_SEARCH_FACET_XREF` (`CATEGORY_SEARCH_FACET_ID`, `SEQUENCE`, `CATEGORY_ID`, `SEARCH_FACET_ID`) VALUES (1050,7.00,10052,1),(1052,1.00,10052,5),(1053,2.00,10052,6),(1054,5.00,10052,7),(1055,3.00,10052,9),(1056,4.00,10052,11),(1057,6.00,10052,10),(1101,1.00,10057,4),(1102,3.00,10057,5),(1103,5.00,10057,6),(1104,6.00,10057,7),(1105,2.00,10057,9),(1106,8.00,10057,10),(1107,7.00,10057,11),(1108,4.00,10057,1),(1150,0.00,10050,1),(1151,1.00,10050,3),(1152,2.00,10050,5),(1153,3.00,10050,6),(1154,4.00,10050,7),(1155,5.00,10050,8),(1156,6.00,10050,9),(1157,7.00,10050,10),(1158,0.00,10104,1),(1159,1.00,10104,3),(1160,2.00,10104,5),(1161,3.00,10104,6),(1162,4.00,10104,7),(1163,5.00,10104,8),(1164,6.00,10104,9),(1165,7.00,10104,10),(1166,0.00,10100,1),(1167,1.00,10100,3),(1168,2.00,10100,4),(1169,3.00,10100,5),(1170,4.00,10100,6),(1171,5.00,10100,7),(1172,6.00,10100,8),(1173,7.00,10100,9),(1175,8.00,10100,10),(1176,0.00,10101,1),(1177,1.00,10101,3),(1178,2.00,10101,4),(1179,3.00,10101,5),(1180,4.00,10101,6),(1181,5.00,10101,7),(1182,6.00,10101,8),(1183,7.00,10101,9),(1184,8.00,10101,10),(1185,0.00,10102,1),(1186,1.00,10102,3),(1187,2.00,10102,4),(1188,3.00,10102,5),(1189,4.00,10102,6),(1190,5.00,10102,7),(1191,6.00,10102,8),(1192,7.00,10102,9),(1193,8.00,10102,10),(1194,0.00,10103,1),(1195,1.00,10103,3),(1196,2.00,10103,4),(1197,3.00,10103,5),(1198,4.00,10103,6),(1199,5.00,10103,7),(1200,6.00,10103,8),(1201,7.00,10103,9),(1202,8.00,10103,10),(1203,0.00,10105,1),(1204,1.00,10105,3),(1205,2.00,10105,4),(1206,3.00,10105,5),(1207,4.00,10105,6),(1208,5.00,10105,7),(1209,6.00,10105,8),(1210,7.00,10105,9),(1211,8.00,10105,10);
/*!40000 ALTER TABLE `BLC_CAT_SEARCH_FACET_XREF` ENABLE KEYS */;
UNLOCK TABLES;

--
-- Dumping data for table `BLC_CAT_SITE_MAP_GEN_CFG`
--

LOCK TABLES `BLC_CAT_SITE_MAP_GEN_CFG` WRITE;
/*!40000 ALTER TABLE `BLC_CAT_SITE_MAP_GEN_CFG` DISABLE KEYS */;
INSERT INTO `BLC_CAT_SITE_MAP_GEN_CFG` (`ENDING_DEPTH`, `STARTING_DEPTH`, `GEN_CONFIG_ID`, `ROOT_CATEGORY_ID`) VALUES (5,0,1,10050),(5,0,2,10051),(5,0,3,10052),(5,0,4,10053),(5,0,5,10054),(5,0,6,10055),(5,0,7,10056),(5,0,8,10057),(5,0,9,10058),(5,0,10,10059),(5,0,11,10060),(5,0,12,10061),(5,0,13,10062),(5,0,14,10100),(5,0,15,10101),(5,0,16,10102),(5,0,17,10103),(5,0,18,10104),(5,0,19,10105);
/*!40000 ALTER TABLE `BLC_CAT_SITE_MAP_GEN_CFG` ENABLE KEYS */;
UNLOCK TABLES;

--
-- Dumping data for table `BLC_CHALLENGE_QUESTION`
--

LOCK TABLES `BLC_CHALLENGE_QUESTION` WRITE;
/*!40000 ALTER TABLE `BLC_CHALLENGE_QUESTION` DISABLE KEYS */;
/*!40000 ALTER TABLE `BLC_CHALLENGE_QUESTION` ENABLE KEYS */;
UNLOCK TABLES;

--
-- Dumping data for table `BLC_CMS_MENU`
--

LOCK TABLES `BLC_CMS_MENU` WRITE;
/*!40000 ALTER TABLE `BLC_CMS_MENU` DISABLE KEYS */;
INSERT INTO `BLC_CMS_MENU` (`MENU_ID`, `NAME`) VALUES (1000,'Header Nav'),(1050,'Occasion Submenu');
/*!40000 ALTER TABLE `BLC_CMS_MENU` ENABLE KEYS */;
UNLOCK TABLES;

--
-- Dumping data for table `BLC_CMS_MENU_ITEM`
--

LOCK TABLES `BLC_CMS_MENU_ITEM` WRITE;
/*!40000 ALTER TABLE `BLC_CMS_MENU_ITEM` DISABLE KEYS */;
INSERT INTO `BLC_CMS_MENU_ITEM` (`MENU_ITEM_ID`, `ACTION_URL`, `ALT_TEXT`, `CUSTOM_HTML`, `LABEL`, `SEQUENCE`, `MENU_ITEM_TYPE`, `MEDIA_ID`, `LINKED_MENU_ID`, `LINKED_PAGE_ID`, `PARENT_MENU_ID`) VALUES (1000,'/',NULL,NULL,'Home',1.000000,'CATEGORY',NULL,NULL,NULL,1000),(1001,'/western/',NULL,NULL,'Western',3.000000,'CATEGORY',NULL,NULL,NULL,1000),(1002,'/ethnic/',NULL,NULL,'Ethnic',4.000000,'CATEGORY',NULL,NULL,NULL,1000),(1050,'/browse/',NULL,NULL,'Browse',2.000000,'LINK',NULL,NULL,NULL,1000),(1101,'/wedding-function/',NULL,NULL,'Wedding Function',5.000000,'CATEGORY',NULL,NULL,NULL,1050),(1102,'/party/',NULL,NULL,'Party',6.000000,'CATEGORY',NULL,NULL,NULL,1050),(1103,'/holiday/',NULL,NULL,'Holiday',7.000000,'CATEGORY',NULL,NULL,NULL,1050),(1104,'/festival/',NULL,NULL,'Festival',8.000000,'CATEGORY',NULL,NULL,NULL,1050),(1105,'/evening-dress/',NULL,NULL,'Evening Dress',9.000000,'CATEGORY',NULL,NULL,NULL,1050),(1106,NULL,NULL,NULL,'By Occasion',10.000000,'SUBMENU',NULL,1050,NULL,1000),(1107,'/formal-dress/',NULL,NULL,'Formal',11.000000,'CATEGORY',NULL,NULL,NULL,1050),(1108,'/friday-night/',NULL,NULL,'Friday Night',12.000000,'CATEGORY',NULL,NULL,NULL,1050);
/*!40000 ALTER TABLE `BLC_CMS_MENU_ITEM` ENABLE KEYS */;
UNLOCK TABLES;

--
-- Dumping data for table `BLC_CODE_TYPES`
--

LOCK TABLES `BLC_CODE_TYPES` WRITE;
/*!40000 ALTER TABLE `BLC_CODE_TYPES` DISABLE KEYS */;
/*!40000 ALTER TABLE `BLC_CODE_TYPES` ENABLE KEYS */;
UNLOCK TABLES;

--
-- Dumping data for table `BLC_COUNTRY`
--

LOCK TABLES `BLC_COUNTRY` WRITE;
/*!40000 ALTER TABLE `BLC_COUNTRY` DISABLE KEYS */;
INSERT INTO `BLC_COUNTRY` (`ABBREVIATION`, `NAME`) VALUES ('CA','Canada'),('MX','Mexico'),('US','United States');
/*!40000 ALTER TABLE `BLC_COUNTRY` ENABLE KEYS */;
UNLOCK TABLES;

--
-- Dumping data for table `BLC_COUNTRY_SUB`
--

LOCK TABLES `BLC_COUNTRY_SUB` WRITE;
/*!40000 ALTER TABLE `BLC_COUNTRY_SUB` DISABLE KEYS */;
INSERT INTO `BLC_COUNTRY_SUB` (`ABBREVIATION`, `ALT_ABBREVIATION`, `NAME`, `COUNTRY_SUB_CAT`, `COUNTRY`) VALUES ('CA-AB','AB','ALBERTA',63,'CA'),('CA-BC','BC','BRITISH COLUMBIA',63,'CA'),('CA-MB','MB','MANITOBA',63,'CA'),('CA-NB','NB','NEW BRUNSWICK',63,'CA'),('CA-NL','NL','NEWFOUNDLAND',63,'CA'),('CA-NS','NS','NOVA SCOTIA',63,'CA'),('CA-NT','NT','NORTHWEST TERRITORIES',81,'CA'),('CA-NU','NU','NUNAVUT',81,'CA'),('CA-ON','ON','ONTARIO',63,'CA'),('CA-PE','PE','PRINCE EDWARD ISLAND',63,'CA'),('CA-QC','QC','QUEBEC',63,'CA'),('CA-SK','SK','SASKATCHEWAN',63,'CA'),('CA-YT','YT','YUKON',81,'CA'),('US-AK','AK','ALASKA',79,'US'),('US-AL','AL','ALABAMA',79,'US'),('US-AR','AR','ARKANSAS',79,'US'),('US-AS','AS','AMERICAN SAMOA',57,'US'),('US-AZ','AZ','ARIZONA',79,'US'),('US-CA','CA','CALIFORNIA',79,'US'),('US-CO','CO','COLORADO',79,'US'),('US-CT','CT','CONNECTICUT',79,'US'),('US-DC','DC','DISTRICT OF COLUMBIA',31,'US'),('US-DE','DE','DELAWARE',79,'US'),('US-FL','FL','FLORIDA',79,'US'),('US-GA','GA','GEORGIA',79,'US'),('US-GU','GU','GUAM',57,'US'),('US-HI','HI','HAWAII',79,'US'),('US-IA','IA','IOWA',79,'US'),('US-ID','ID','IDAHO',79,'US'),('US-IL','IL','ILLINOIS',79,'US'),('US-IN','IN','INDIANA',79,'US'),('US-KS','KS','KANSAS',79,'US'),('US-KY','KY','KENTUCKY',79,'US'),('US-LA','LA','LOUISIANA',79,'US'),('US-MA','MA','MASSACHUSETTS',79,'US'),('US-MD','MD','MARYLAND',79,'US'),('US-ME','ME','MAINE',79,'US'),('US-MI','MI','MICHIGAN',79,'US'),('US-MN','MN','MINNESOTA',79,'US'),('US-MO','MO','MISSOURI',79,'US'),('US-MP','MP','NORTHERN MARIANA ISLANDS',57,'US'),('US-MS','MS','MISSISSIPPI',79,'US'),('US-MT','MT','MONTANA',79,'US'),('US-NC','NC','NORTH CAROLINA',79,'US'),('US-ND','ND','NORTH DAKOTA',79,'US'),('US-NE','NE','NEBRASKA',79,'US'),('US-NH','NH','NEW HAMPSHIRE',79,'US'),('US-NJ','NJ','NEW JERSEY',79,'US'),('US-NM','NM','NEW MEXICO',79,'US'),('US-NV','NV','NEVADA',79,'US'),('US-NY','NY','NEW YORK',79,'US'),('US-OH','OH','OHIO',79,'US'),('US-OK','OK','OKLAHOMA',79,'US'),('US-OR','OR','OREGON',79,'US'),('US-PA','PA','PENNSYLVANIA',79,'US'),('US-PR','PR','PUERTO RICO',57,'US'),('US-RI','RI','RHODE ISLAND',79,'US'),('US-SC','SC','SOUTH CAROLINA',79,'US'),('US-SD','SD','SOUTH DAKOTA',79,'US'),('US-TN','TN','TENNESSEE',79,'US'),('US-TX','TX','TEXAS',79,'US'),('US-UM','UM','UNITED STATES MINOR OUTLYING ISLANDS',57,'US'),('US-UT','UT','UTAH',79,'US'),('US-VA','VA','VIRGINIA',79,'US'),('US-VI','VI','VIRGIN ISLANDS',57,'US'),('US-VT','VT','VERMONT',79,'US'),('US-WA','WA','WASHINGTON',79,'US'),('US-WI','WI','WISCONSIN',79,'US'),('US-WV','WV','WEST VIRGINIA',79,'US'),('US-WY','WY','WYOMING',79,'US');
/*!40000 ALTER TABLE `BLC_COUNTRY_SUB` ENABLE KEYS */;
UNLOCK TABLES;

--
-- Dumping data for table `BLC_COUNTRY_SUB_CAT`
--

LOCK TABLES `BLC_COUNTRY_SUB_CAT` WRITE;
/*!40000 ALTER TABLE `BLC_COUNTRY_SUB_CAT` DISABLE KEYS */;
INSERT INTO `BLC_COUNTRY_SUB_CAT` (`COUNTRY_SUB_CAT_ID`, `NAME`) VALUES (1,'Administration'),(2,'Administrative Atoll'),(3,'Administrative Region'),(4,'Area'),(5,'Autonomous City'),(6,'Autonomous Community'),(7,'Autonomous District'),(8,'Autonomous Municipality'),(9,'Autonomous Province'),(10,'Autonomous Region'),(11,'Autonomous Republic'),(12,'Autonomous Sector'),(13,'Autonomous Territorial Unit'),(14,'Borough'),(15,'Canton'),(16,'Capital'),(17,'Capital City'),(18,'Capital District'),(19,'Capital Metropolitan City'),(20,'City'),(21,'City of County Right'),(22,'Commune'),(23,'Constitutional Province'),(24,'Corporation'),(25,'Council Area'),(26,'Country'),(27,'County'),(28,'Department'),(29,'Dependency'),(30,'Development Region'),(31,'District'),(32,'District With Special Status'),(33,'Division'),(34,'Economic Prefecture'),(35,'Emirate'),(36,'Entity'),(37,'Federal Capital Territory'),(38,'Federal Dependency'),(39,'Federal District'),(40,'Federal Land'),(41,'Federal Territory'),(42,'Federated States'),(43,'Geographical Entity'),(44,'Geographical Regions'),(45,'Governorate'),(46,'Indigenous Region'),(47,'Island'),(48,'Island Council'),(49,'Local Council'),(50,'Metropolitan Administration'),(51,'Metropolitan City'),(52,'Metropolitan Department'),(53,'Metropolitan Region'),(54,'Municipality'),(55,'Oblast'),(56,'Outlying Area'),(57,'Outlying Territory'),(58,'Overseas Region'),(59,'Overseas Territorial Collectivity'),(60,'Parish'),(61,'Popularate'),(62,'Prefecture'),(63,'Province'),(64,'Quarter'),(65,'Rayon'),(66,'Region'),(67,'Regional Council'),(68,'Republic'),(69,'Republican City'),(70,'Self-governed Part'),(71,'Special Administrative City'),(72,'Special Administrative Region'),(73,'Special City'),(74,'Special District'),(75,'Special Island Authority'),(76,'Special Municipality'),(77,'Special Region'),(78,'Special Zone'),(79,'State'),(80,'Territorial Unit'),(81,'Territory'),(82,'Town Council'),(83,'Union Territory'),(84,'Unitary Authority'),(85,'Urban Community'),(86,'Zone');
/*!40000 ALTER TABLE `BLC_COUNTRY_SUB_CAT` ENABLE KEYS */;
UNLOCK TABLES;

--
-- Dumping data for table `BLC_CREDIT_CARD_PAYMENT`
--

LOCK TABLES `BLC_CREDIT_CARD_PAYMENT` WRITE;
/*!40000 ALTER TABLE `BLC_CREDIT_CARD_PAYMENT` DISABLE KEYS */;
/*!40000 ALTER TABLE `BLC_CREDIT_CARD_PAYMENT` ENABLE KEYS */;
UNLOCK TABLES;

--
-- Dumping data for table `BLC_CURRENCY`
--

LOCK TABLES `BLC_CURRENCY` WRITE;
/*!40000 ALTER TABLE `BLC_CURRENCY` DISABLE KEYS */;
INSERT INTO `BLC_CURRENCY` (`CURRENCY_CODE`, `DEFAULT_FLAG`, `FRIENDLY_NAME`) VALUES ('INR',1,'Indian Rupees'),('USD',0,'US Dollar');
/*!40000 ALTER TABLE `BLC_CURRENCY` ENABLE KEYS */;
UNLOCK TABLES;

--
-- Dumping data for table `BLC_CUSTOMER`
--

LOCK TABLES `BLC_CUSTOMER` WRITE;
/*!40000 ALTER TABLE `BLC_CUSTOMER` DISABLE KEYS */;
INSERT INTO `BLC_CUSTOMER` (`CUSTOMER_ID`, `CREATED_BY`, `DATE_CREATED`, `DATE_UPDATED`, `UPDATED_BY`, `CHALLENGE_ANSWER`, `DEACTIVATED`, `EMAIL_ADDRESS`, `FIRST_NAME`, `LAST_NAME`, `PASSWORD`, `PASSWORD_CHANGE_REQUIRED`, `IS_PREVIEW`, `RECEIVE_EMAIL`, `IS_REGISTERED`, `TAX_EXEMPTION_CODE`, `USER_NAME`, `CHALLENGE_QUESTION_ID`, `LOCALE_CODE`) VALUES (393,393,'2016-08-07 07:57:53',NULL,NULL,NULL,0,NULL,NULL,NULL,NULL,0,NULL,1,0,NULL,'393',NULL,NULL),(1105,1105,'2016-08-08 21:18:48',NULL,NULL,NULL,0,'rohit.m.cool@gmail.com','rohit','mishra','$2a$10$C6jBw3hvZR3021.oMbh50u3JJZSJTLETi9oN873QEKuLHRxD1a1XW',0,NULL,1,1,NULL,'rohit.m.cool@gmail.com',NULL,NULL),(1145,1145,'2016-08-08 21:33:36',NULL,NULL,NULL,0,'rohit_mishra19@rediffmail.com','Rohit','Mishra','$2a$10$/ptJGqJ2aAY6TziSMWR7lOCkz9bAxBvmP9e.r2NuNeZF4UAmg8s0i',0,NULL,1,1,NULL,'rohit_mishra19@rediffmail.com',NULL,NULL),(1147,1147,'2016-08-08 21:34:43',NULL,NULL,NULL,0,'fitnfash@gmail.com','Fit','Fash','$2a$10$1RL0TE07Pawjmm8cp3hdQO67W8FT5KuhWxLToxVPbTTzVpSnjS/0S',0,NULL,1,1,NULL,'fitnfash@gmail.com',NULL,NULL),(1172,1172,'2016-08-09 05:07:49','2016-08-09 05:08:40',1172,NULL,0,'deepu.bansal@gmail.com','Deepak','Bansal','$2a$10$/ksZrOlT0gt6GUhLDH.2oeVcuOYsNUzJnNgjS68lv7VQIUBX.hxca',0,NULL,1,1,NULL,'deepu.bansal@gmail.com',NULL,NULL),(1202,1202,'2016-08-09 06:20:48',NULL,NULL,NULL,0,NULL,NULL,NULL,NULL,0,NULL,1,0,NULL,'1202',NULL,NULL),(1714,1714,'2016-08-09 18:27:15',NULL,NULL,NULL,0,NULL,NULL,NULL,NULL,0,NULL,1,0,NULL,'1714',NULL,NULL),(1715,1715,'2016-08-09 18:41:21',NULL,NULL,NULL,0,'aradhana985@gmail.com','aradhana','jain','1470760881446',0,NULL,1,1,NULL,'aradhana985@gmail.com',NULL,NULL),(2033,2033,'2016-08-09 23:43:31',NULL,NULL,NULL,0,NULL,NULL,NULL,NULL,0,NULL,1,0,NULL,'2033',NULL,NULL),(2088,2088,'2016-08-10 09:04:37',NULL,NULL,NULL,0,NULL,NULL,NULL,NULL,0,NULL,1,0,NULL,'2088',NULL,NULL),(2120,2120,'2016-08-10 17:10:24',NULL,NULL,NULL,0,NULL,NULL,NULL,NULL,0,NULL,1,0,NULL,'2120',NULL,NULL),(2122,2122,'2016-08-10 18:19:35',NULL,NULL,NULL,0,NULL,NULL,NULL,NULL,0,NULL,1,0,NULL,'2122',NULL,NULL),(2131,2131,'2016-08-10 22:18:33',NULL,NULL,NULL,0,'subgaurav@gmail.com','Gaurav','Sharma','$2a$10$nix32cuHIcWq3jEpsUlsI.4M1L21z4huNZ.4t/H4q7ejF5/4FSOcG',0,NULL,1,1,NULL,'subgaurav@gmail.com',NULL,NULL),(2234,2234,'2016-08-11 12:29:49',NULL,NULL,NULL,0,NULL,NULL,NULL,NULL,0,NULL,1,0,NULL,'2234',NULL,NULL),(2305,2305,'2016-08-12 12:41:12',NULL,NULL,NULL,0,NULL,NULL,NULL,NULL,0,NULL,1,0,NULL,'2305',NULL,NULL),(2312,2312,'2016-08-12 13:35:08',NULL,NULL,NULL,0,'gaurav.mca11@gmail.com','gaurav','alugh','$2a$10$0m3l4h6yPQK.FrwLrGH9w.2ry7nLSkhr8Zr68UhbvmF0ZJdZiNC8W',0,NULL,1,1,NULL,'gaurav.mca11@gmail.com',NULL,NULL),(2317,2317,'2016-08-12 14:19:45',NULL,NULL,NULL,0,NULL,NULL,NULL,NULL,0,NULL,1,0,NULL,'2317',NULL,NULL),(2405,2405,'2016-08-13 21:38:10',NULL,NULL,NULL,0,NULL,NULL,NULL,NULL,0,NULL,1,0,NULL,'2405',NULL,NULL),(2406,2406,'2016-08-13 21:21:55',NULL,NULL,NULL,0,NULL,NULL,NULL,NULL,0,NULL,1,0,NULL,'2406',NULL,NULL),(2448,2448,'2016-08-14 10:20:08',NULL,NULL,NULL,0,NULL,NULL,NULL,NULL,0,NULL,1,0,NULL,'2448',NULL,NULL),(2701,2701,'2016-08-14 11:01:14',NULL,NULL,NULL,0,NULL,NULL,NULL,NULL,0,NULL,1,0,NULL,'2701',NULL,NULL),(2801,2801,'2016-08-14 11:21:11',NULL,NULL,NULL,0,NULL,NULL,NULL,NULL,0,NULL,1,0,NULL,'2801',NULL,NULL),(2805,2805,'2016-08-14 12:00:52',NULL,NULL,NULL,0,NULL,NULL,NULL,NULL,0,NULL,1,0,NULL,'2805',NULL,NULL),(2901,2901,'2016-08-14 12:39:42',NULL,NULL,NULL,0,NULL,NULL,NULL,NULL,0,NULL,1,0,NULL,'2901',NULL,NULL),(2920,2920,'2016-08-14 12:56:13',NULL,NULL,NULL,0,NULL,NULL,NULL,NULL,0,NULL,1,0,NULL,'2920',NULL,NULL),(3013,3013,'2016-08-14 18:11:27',NULL,NULL,NULL,0,NULL,NULL,NULL,NULL,0,NULL,1,0,NULL,'3013',NULL,NULL),(3428,3428,'2016-08-15 14:26:56',NULL,NULL,NULL,0,NULL,NULL,NULL,NULL,0,NULL,1,0,NULL,'3428',NULL,NULL);
/*!40000 ALTER TABLE `BLC_CUSTOMER` ENABLE KEYS */;
UNLOCK TABLES;

--
-- Dumping data for table `BLC_CUSTOMER_ADDRESS`
--

LOCK TABLES `BLC_CUSTOMER_ADDRESS` WRITE;
/*!40000 ALTER TABLE `BLC_CUSTOMER_ADDRESS` DISABLE KEYS */;
/*!40000 ALTER TABLE `BLC_CUSTOMER_ADDRESS` ENABLE KEYS */;
UNLOCK TABLES;

--
-- Dumping data for table `BLC_CUSTOMER_ATTRIBUTE`
--

LOCK TABLES `BLC_CUSTOMER_ATTRIBUTE` WRITE;
/*!40000 ALTER TABLE `BLC_CUSTOMER_ATTRIBUTE` DISABLE KEYS */;
/*!40000 ALTER TABLE `BLC_CUSTOMER_ATTRIBUTE` ENABLE KEYS */;
UNLOCK TABLES;

--
-- Dumping data for table `BLC_CUSTOMER_OFFER_XREF`
--

LOCK TABLES `BLC_CUSTOMER_OFFER_XREF` WRITE;
/*!40000 ALTER TABLE `BLC_CUSTOMER_OFFER_XREF` DISABLE KEYS */;
/*!40000 ALTER TABLE `BLC_CUSTOMER_OFFER_XREF` ENABLE KEYS */;
UNLOCK TABLES;

--
-- Dumping data for table `BLC_CUSTOMER_PASSWORD_TOKEN`
--

LOCK TABLES `BLC_CUSTOMER_PASSWORD_TOKEN` WRITE;
/*!40000 ALTER TABLE `BLC_CUSTOMER_PASSWORD_TOKEN` DISABLE KEYS */;
/*!40000 ALTER TABLE `BLC_CUSTOMER_PASSWORD_TOKEN` ENABLE KEYS */;
UNLOCK TABLES;

--
-- Dumping data for table `BLC_CUSTOMER_PAYMENT`
--

LOCK TABLES `BLC_CUSTOMER_PAYMENT` WRITE;
/*!40000 ALTER TABLE `BLC_CUSTOMER_PAYMENT` DISABLE KEYS */;
/*!40000 ALTER TABLE `BLC_CUSTOMER_PAYMENT` ENABLE KEYS */;
UNLOCK TABLES;

--
-- Dumping data for table `BLC_CUSTOMER_PAYMENT_FIELDS`
--

LOCK TABLES `BLC_CUSTOMER_PAYMENT_FIELDS` WRITE;
/*!40000 ALTER TABLE `BLC_CUSTOMER_PAYMENT_FIELDS` DISABLE KEYS */;
/*!40000 ALTER TABLE `BLC_CUSTOMER_PAYMENT_FIELDS` ENABLE KEYS */;
UNLOCK TABLES;

--
-- Dumping data for table `BLC_CUSTOMER_PHONE`
--

LOCK TABLES `BLC_CUSTOMER_PHONE` WRITE;
/*!40000 ALTER TABLE `BLC_CUSTOMER_PHONE` DISABLE KEYS */;
/*!40000 ALTER TABLE `BLC_CUSTOMER_PHONE` ENABLE KEYS */;
UNLOCK TABLES;

--
-- Dumping data for table `BLC_CUSTOMER_ROLE`
--

LOCK TABLES `BLC_CUSTOMER_ROLE` WRITE;
/*!40000 ALTER TABLE `BLC_CUSTOMER_ROLE` DISABLE KEYS */;
INSERT INTO `BLC_CUSTOMER_ROLE` (`CUSTOMER_ROLE_ID`, `CUSTOMER_ID`, `ROLE_ID`) VALUES (151,1105,1),(152,1145,1),(153,1147,1),(154,1172,1),(201,1715,1),(251,2131,1),(252,2312,1);
/*!40000 ALTER TABLE `BLC_CUSTOMER_ROLE` ENABLE KEYS */;
UNLOCK TABLES;

--
-- Dumping data for table `BLC_CUST_SITE_MAP_GEN_CFG`
--

LOCK TABLES `BLC_CUST_SITE_MAP_GEN_CFG` WRITE;
/*!40000 ALTER TABLE `BLC_CUST_SITE_MAP_GEN_CFG` DISABLE KEYS */;
INSERT INTO `BLC_CUST_SITE_MAP_GEN_CFG` (`GEN_CONFIG_ID`) VALUES (-1);
/*!40000 ALTER TABLE `BLC_CUST_SITE_MAP_GEN_CFG` ENABLE KEYS */;
UNLOCK TABLES;

--
-- Dumping data for table `BLC_DATA_DRVN_ENUM`
--

LOCK TABLES `BLC_DATA_DRVN_ENUM` WRITE;
/*!40000 ALTER TABLE `BLC_DATA_DRVN_ENUM` DISABLE KEYS */;
/*!40000 ALTER TABLE `BLC_DATA_DRVN_ENUM` ENABLE KEYS */;
UNLOCK TABLES;

--
-- Dumping data for table `BLC_DATA_DRVN_ENUM_VAL`
--

LOCK TABLES `BLC_DATA_DRVN_ENUM_VAL` WRITE;
/*!40000 ALTER TABLE `BLC_DATA_DRVN_ENUM_VAL` DISABLE KEYS */;
/*!40000 ALTER TABLE `BLC_DATA_DRVN_ENUM_VAL` ENABLE KEYS */;
UNLOCK TABLES;

--
-- Dumping data for table `BLC_DISCRETE_ORDER_ITEM`
--

LOCK TABLES `BLC_DISCRETE_ORDER_ITEM` WRITE;
/*!40000 ALTER TABLE `BLC_DISCRETE_ORDER_ITEM` DISABLE KEYS */;
INSERT INTO `BLC_DISCRETE_ORDER_ITEM` (`BASE_RETAIL_PRICE`, `BASE_SALE_PRICE`, `ORDER_ITEM_ID`, `BUNDLE_ORDER_ITEM_ID`, `PRODUCT_ID`, `SKU_ID`, `SKU_BUNDLE_ITEM_ID`) VALUES (1099.00000,1099.00000,1351,NULL,10240,10292,NULL),(2499.00000,NULL,1401,NULL,10219,10270,NULL),(2499.00000,2499.00000,1402,NULL,10219,10270,NULL),(2499.00000,2499.00000,1403,NULL,10219,10270,NULL),(2499.00000,2499.00000,1404,NULL,10219,10270,NULL),(499.00000,NULL,1406,NULL,10207,10231,NULL),(749.00000,NULL,1407,NULL,10214,10257,NULL),(499.00000,NULL,1451,NULL,10202,10208,NULL),(1799.00000,1799.00000,1501,NULL,10222,10273,NULL);
/*!40000 ALTER TABLE `BLC_DISCRETE_ORDER_ITEM` ENABLE KEYS */;
UNLOCK TABLES;

--
-- Dumping data for table `BLC_DISC_ITEM_FEE_PRICE`
--

LOCK TABLES `BLC_DISC_ITEM_FEE_PRICE` WRITE;
/*!40000 ALTER TABLE `BLC_DISC_ITEM_FEE_PRICE` DISABLE KEYS */;
/*!40000 ALTER TABLE `BLC_DISC_ITEM_FEE_PRICE` ENABLE KEYS */;
UNLOCK TABLES;

--
-- Dumping data for table `BLC_DYN_DISCRETE_ORDER_ITEM`
--

LOCK TABLES `BLC_DYN_DISCRETE_ORDER_ITEM` WRITE;
/*!40000 ALTER TABLE `BLC_DYN_DISCRETE_ORDER_ITEM` DISABLE KEYS */;
/*!40000 ALTER TABLE `BLC_DYN_DISCRETE_ORDER_ITEM` ENABLE KEYS */;
UNLOCK TABLES;

--
-- Dumping data for table `BLC_EMAIL_TRACKING`
--

LOCK TABLES `BLC_EMAIL_TRACKING` WRITE;
/*!40000 ALTER TABLE `BLC_EMAIL_TRACKING` DISABLE KEYS */;
INSERT INTO `BLC_EMAIL_TRACKING` (`EMAIL_TRACKING_ID`, `DATE_SENT`, `EMAIL_ADDRESS`, `TYPE`) VALUES (201,'2016-08-08 21:18:48','rohit.m.cool@gmail.com',NULL),(202,'2016-08-08 21:33:36','rohit_mishra19@rediffmail.com',NULL),(203,'2016-08-08 21:34:43','fitnfash@gmail.com',NULL),(204,'2016-08-09 05:08:38','deepu.bansal@gmail.com',NULL),(251,'2016-08-09 05:27:39','info@fitnfash.com',NULL),(301,'2016-08-09 18:41:21','aradhana985@gmail.com',NULL),(351,'2016-08-10 22:18:33','subgaurav@gmail.com',NULL),(352,'2016-08-12 13:35:08','gaurav.mca11@gmail.com',NULL);
/*!40000 ALTER TABLE `BLC_EMAIL_TRACKING` ENABLE KEYS */;
UNLOCK TABLES;

--
-- Dumping data for table `BLC_EMAIL_TRACKING_CLICKS`
--

LOCK TABLES `BLC_EMAIL_TRACKING_CLICKS` WRITE;
/*!40000 ALTER TABLE `BLC_EMAIL_TRACKING_CLICKS` DISABLE KEYS */;
/*!40000 ALTER TABLE `BLC_EMAIL_TRACKING_CLICKS` ENABLE KEYS */;
UNLOCK TABLES;

--
-- Dumping data for table `BLC_EMAIL_TRACKING_OPENS`
--

LOCK TABLES `BLC_EMAIL_TRACKING_OPENS` WRITE;
/*!40000 ALTER TABLE `BLC_EMAIL_TRACKING_OPENS` DISABLE KEYS */;
/*!40000 ALTER TABLE `BLC_EMAIL_TRACKING_OPENS` ENABLE KEYS */;
UNLOCK TABLES;

--
-- Dumping data for table `BLC_FG_ADJUSTMENT`
--

LOCK TABLES `BLC_FG_ADJUSTMENT` WRITE;
/*!40000 ALTER TABLE `BLC_FG_ADJUSTMENT` DISABLE KEYS */;
/*!40000 ALTER TABLE `BLC_FG_ADJUSTMENT` ENABLE KEYS */;
UNLOCK TABLES;

--
-- Dumping data for table `BLC_FG_FEE_TAX_XREF`
--

LOCK TABLES `BLC_FG_FEE_TAX_XREF` WRITE;
/*!40000 ALTER TABLE `BLC_FG_FEE_TAX_XREF` DISABLE KEYS */;
/*!40000 ALTER TABLE `BLC_FG_FEE_TAX_XREF` ENABLE KEYS */;
UNLOCK TABLES;

--
-- Dumping data for table `BLC_FG_FG_TAX_XREF`
--

LOCK TABLES `BLC_FG_FG_TAX_XREF` WRITE;
/*!40000 ALTER TABLE `BLC_FG_FG_TAX_XREF` DISABLE KEYS */;
/*!40000 ALTER TABLE `BLC_FG_FG_TAX_XREF` ENABLE KEYS */;
UNLOCK TABLES;

--
-- Dumping data for table `BLC_FG_ITEM_TAX_XREF`
--

LOCK TABLES `BLC_FG_ITEM_TAX_XREF` WRITE;
/*!40000 ALTER TABLE `BLC_FG_ITEM_TAX_XREF` DISABLE KEYS */;
/*!40000 ALTER TABLE `BLC_FG_ITEM_TAX_XREF` ENABLE KEYS */;
UNLOCK TABLES;

--
-- Dumping data for table `BLC_FIELD`
--

LOCK TABLES `BLC_FIELD` WRITE;
/*!40000 ALTER TABLE `BLC_FIELD` DISABLE KEYS */;
INSERT INTO `BLC_FIELD` (`FIELD_ID`, `ABBREVIATION`, `ENTITY_TYPE`, `FACET_FIELD_TYPE`, `FRIENDLY_NAME`, `PROPERTY_NAME`, `SEARCHABLE`, `TRANSLATABLE`) VALUES (1,'tag','PRODUCT','ss',NULL,'productAttributesMap(tag)',1,NULL),(3,'price','PRODUCT','p',NULL,'defaultSku.mrp',0,NULL),(4,'name','PRODUCT','s',NULL,'defaultSku.name',1,1),(6,'desc','PRODUCT',NULL,NULL,'defaultSku.description',1,1),(7,'ldesc','PRODUCT',NULL,NULL,'defaultSku.longDescription',1,1),(8,'size','PRODUCT','ss','Size','productOptionValuesMap(SIZE)',0,NULL),(9,'eventDates','PRODUCT','dts',NULL,'availableDates',0,NULL),(10,'slots','PRODUCT','is',NULL,'availableSlots',0,NULL),(11,'rent','PRODUCT','p',NULL,'defaultSku.retailPrice',0,NULL),(12,'customizable','PRODUCT','b',NULL,'customizable',0,NULL),(13,'startDate','PRODUCT','b',NULL,'activeStartDate',0,NULL),(14,'color','PRODUCT','ss',NULL,'productAttributesMap(color)',1,NULL),(15,'category','PRODUCT','s',NULL,'category.name',1,NULL),(16,'occasion','PRODUCT','ss',NULL,'categoryByClassficationMap(occasion)',1,NULL);
/*!40000 ALTER TABLE `BLC_FIELD` ENABLE KEYS */;
UNLOCK TABLES;

--
-- Dumping data for table `BLC_FIELD_SEARCH_TYPES`
--

LOCK TABLES `BLC_FIELD_SEARCH_TYPES` WRITE;
/*!40000 ALTER TABLE `BLC_FIELD_SEARCH_TYPES` DISABLE KEYS */;
INSERT INTO `BLC_FIELD_SEARCH_TYPES` (`FIELD_ID`, `SEARCHABLE_FIELD_TYPE`) VALUES (1,'ss'),(4,'t'),(6,'t'),(7,'t'),(14,'ss'),(15,'t'),(16,'ss');
/*!40000 ALTER TABLE `BLC_FIELD_SEARCH_TYPES` ENABLE KEYS */;
UNLOCK TABLES;

--
-- Dumping data for table `BLC_FLD_DEF`
--

LOCK TABLES `BLC_FLD_DEF` WRITE;
/*!40000 ALTER TABLE `BLC_FLD_DEF` DISABLE KEYS */;
INSERT INTO `BLC_FLD_DEF` (`FLD_DEF_ID`, `ALLOW_MULTIPLES`, `COLUMN_WIDTH`, `FLD_ORDER`, `FLD_TYPE`, `FRIENDLY_NAME`, `HELP_TEXT`, `HIDDEN_FLAG`, `HINT`, `MAX_LENGTH`, `NAME`, `REQUIRED_FLAG`, `SECURITY_LEVEL`, `TEXT_AREA_FLAG`, `TOOLTIP`, `VLDTN_ERROR_MSSG_KEY`, `VLDTN_REGEX`, `ENUM_ID`, `FLD_GROUP_ID`) VALUES (-2,0,'*',1,'BOOLEAN','Plain Text',NULL,0,NULL,NULL,'plainText',NULL,NULL,0,NULL,NULL,NULL,NULL,-3),(-1,0,'*',0,'HTML','File Contents',NULL,0,NULL,NULL,'body',NULL,NULL,0,NULL,NULL,NULL,NULL,-3),(2,0,'*',1,'HTML','Body',NULL,0,NULL,NULL,'body',NULL,NULL,0,NULL,NULL,NULL,NULL,1),(3,0,'*',0,'STRING','Title',NULL,0,NULL,NULL,'title',NULL,NULL,0,NULL,NULL,NULL,NULL,1),(7,0,'*',0,'STRING','Image URL',NULL,0,NULL,150,'imageUrl',NULL,NULL,0,NULL,NULL,NULL,NULL,4),(8,0,'*',1,'STRING','Target URL',NULL,0,NULL,150,'targetUrl',NULL,NULL,0,NULL,NULL,NULL,NULL,4),(9,0,'*',0,'STRING','Message Text',NULL,0,NULL,150,'messageText',NULL,NULL,0,NULL,NULL,NULL,NULL,6),(10,0,'*',0,'HTML','HTML Content',NULL,0,NULL,NULL,'htmlContent',NULL,NULL,0,NULL,NULL,NULL,NULL,5);
/*!40000 ALTER TABLE `BLC_FLD_DEF` ENABLE KEYS */;
UNLOCK TABLES;

--
-- Dumping data for table `BLC_FLD_ENUM`
--

LOCK TABLES `BLC_FLD_ENUM` WRITE;
/*!40000 ALTER TABLE `BLC_FLD_ENUM` DISABLE KEYS */;
/*!40000 ALTER TABLE `BLC_FLD_ENUM` ENABLE KEYS */;
UNLOCK TABLES;

--
-- Dumping data for table `BLC_FLD_ENUM_ITEM`
--

LOCK TABLES `BLC_FLD_ENUM_ITEM` WRITE;
/*!40000 ALTER TABLE `BLC_FLD_ENUM_ITEM` DISABLE KEYS */;
/*!40000 ALTER TABLE `BLC_FLD_ENUM_ITEM` ENABLE KEYS */;
UNLOCK TABLES;

--
-- Dumping data for table `BLC_FLD_GROUP`
--

LOCK TABLES `BLC_FLD_GROUP` WRITE;
/*!40000 ALTER TABLE `BLC_FLD_GROUP` DISABLE KEYS */;
INSERT INTO `BLC_FLD_GROUP` (`FLD_GROUP_ID`, `INIT_COLLAPSED_FLAG`, `NAME`) VALUES (-3,0,'None'),(1,0,'Content'),(4,0,'Ad Fields'),(5,0,'HTML Fields'),(6,0,'Message Fields');
/*!40000 ALTER TABLE `BLC_FLD_GROUP` ENABLE KEYS */;
UNLOCK TABLES;

--
-- Dumping data for table `BLC_FULFILLMENT_GROUP`
--

LOCK TABLES `BLC_FULFILLMENT_GROUP` WRITE;
/*!40000 ALTER TABLE `BLC_FULFILLMENT_GROUP` DISABLE KEYS */;
INSERT INTO `BLC_FULFILLMENT_GROUP` (`FULFILLMENT_GROUP_ID`, `DELIVERY_INSTRUCTION`, `PRICE`, `SHIPPING_PRICE_TAXABLE`, `MERCHANDISE_TOTAL`, `METHOD`, `IS_PRIMARY`, `REFERENCE_NUMBER`, `RETAIL_PRICE`, `SALE_PRICE`, `FULFILLMENT_GROUP_SEQUNCE`, `SERVICE`, `SHIPPING_OVERRIDE`, `STATUS`, `TOTAL`, `TOTAL_FEE_TAX`, `TOTAL_FG_TAX`, `TOTAL_ITEM_TAX`, `TOTAL_TAX`, `TYPE`, `ADDRESS_ID`, `FULFILLMENT_OPTION_ID`, `ORDER_ID`, `PERSONAL_MESSAGE_ID`, `PHONE_ID`) VALUES (1301,NULL,0.00000,0,1099.00000,NULL,0,NULL,0.00000,0.00000,NULL,NULL,NULL,NULL,1099.00000,0.00000,0.00000,0.00000,0.00000,NULL,NULL,NULL,1601,NULL,NULL),(1351,NULL,NULL,0,NULL,NULL,0,NULL,NULL,NULL,NULL,NULL,NULL,NULL,NULL,NULL,NULL,NULL,NULL,NULL,NULL,NULL,1652,NULL,NULL),(1352,NULL,0.00000,0,4998.00000,NULL,0,NULL,0.00000,0.00000,NULL,NULL,NULL,NULL,4998.00000,0.00000,0.00000,0.00000,0.00000,NULL,102,1,1651,101,NULL),(1353,NULL,0.00000,0,2499.00000,NULL,0,NULL,0.00000,0.00000,NULL,NULL,NULL,NULL,2499.00000,0.00000,0.00000,0.00000,0.00000,NULL,NULL,NULL,1653,NULL,NULL),(1354,NULL,0.00000,0,0.00000,NULL,0,NULL,0.00000,0.00000,NULL,NULL,NULL,NULL,0.00000,0.00000,0.00000,0.00000,0.00000,NULL,NULL,NULL,1656,NULL,NULL),(1355,NULL,0.00000,0,499.00000,NULL,0,NULL,0.00000,0.00000,NULL,NULL,NULL,NULL,499.00000,0.00000,0.00000,0.00000,0.00000,NULL,104,1,1658,102,NULL),(1356,NULL,0.00000,0,749.00000,NULL,0,NULL,0.00000,0.00000,NULL,NULL,NULL,NULL,749.00000,0.00000,0.00000,0.00000,0.00000,NULL,112,1,1659,110,NULL),(1401,NULL,NULL,0,NULL,NULL,0,NULL,NULL,NULL,NULL,NULL,NULL,NULL,NULL,NULL,NULL,NULL,NULL,NULL,NULL,NULL,1753,NULL,NULL),(1451,NULL,0.00000,0,1799.00000,NULL,0,NULL,0.00000,0.00000,NULL,NULL,NULL,NULL,1799.00000,0.00000,0.00000,0.00000,0.00000,NULL,NULL,NULL,1851,NULL,NULL);
/*!40000 ALTER TABLE `BLC_FULFILLMENT_GROUP` ENABLE KEYS */;
UNLOCK TABLES;

--
-- Dumping data for table `BLC_FULFILLMENT_GROUP_FEE`
--

LOCK TABLES `BLC_FULFILLMENT_GROUP_FEE` WRITE;
/*!40000 ALTER TABLE `BLC_FULFILLMENT_GROUP_FEE` DISABLE KEYS */;
/*!40000 ALTER TABLE `BLC_FULFILLMENT_GROUP_FEE` ENABLE KEYS */;
UNLOCK TABLES;

--
-- Dumping data for table `BLC_FULFILLMENT_GROUP_ITEM`
--

LOCK TABLES `BLC_FULFILLMENT_GROUP_ITEM` WRITE;
/*!40000 ALTER TABLE `BLC_FULFILLMENT_GROUP_ITEM` DISABLE KEYS */;
INSERT INTO `BLC_FULFILLMENT_GROUP_ITEM` (`FULFILLMENT_GROUP_ITEM_ID`, `PRORATED_ORDER_ADJ`, `QUANTITY`, `STATUS`, `TOTAL_ITEM_AMOUNT`, `TOTAL_ITEM_TAXABLE_AMOUNT`, `TOTAL_ITEM_TAX`, `FULFILLMENT_GROUP_ID`, `ORDER_ITEM_ID`) VALUES (1351,0.00,1,NULL,1099.00000,1099.00000,0.00000,1301,1351),(1401,NULL,1,NULL,NULL,NULL,NULL,1351,1401),(1404,0.00,1,NULL,2499.00000,2499.00000,0.00000,1352,1403),(1405,0.00,1,NULL,2499.00000,2499.00000,0.00000,1352,1402),(1407,0.00,1,NULL,2499.00000,2499.00000,0.00000,1353,1404),(1410,0.00,1,NULL,499.00000,499.00000,0.00000,1355,1406),(1412,0.00,1,NULL,749.00000,749.00000,0.00000,1356,1407),(1451,NULL,1,NULL,NULL,NULL,NULL,1401,1451),(1501,0.00,1,NULL,1799.00000,1799.00000,0.00000,1451,1501);
/*!40000 ALTER TABLE `BLC_FULFILLMENT_GROUP_ITEM` ENABLE KEYS */;
UNLOCK TABLES;

--
-- Dumping data for table `BLC_FULFILLMENT_OPTION`
--

LOCK TABLES `BLC_FULFILLMENT_OPTION` WRITE;
/*!40000 ALTER TABLE `BLC_FULFILLMENT_OPTION` DISABLE KEYS */;
INSERT INTO `BLC_FULFILLMENT_OPTION` (`FULFILLMENT_OPTION_ID`, `FULFILLMENT_TYPE`, `LONG_DESCRIPTION`, `NAME`, `TAX_CODE`, `TAXABLE`, `USE_FLAT_RATES`) VALUES (1,'PHYSICAL_SHIP','5 - 7 Days','Standard',NULL,NULL,0);
/*!40000 ALTER TABLE `BLC_FULFILLMENT_OPTION` ENABLE KEYS */;
UNLOCK TABLES;

--
-- Dumping data for table `BLC_FULFILLMENT_OPTION_FIXED`
--

LOCK TABLES `BLC_FULFILLMENT_OPTION_FIXED` WRITE;
/*!40000 ALTER TABLE `BLC_FULFILLMENT_OPTION_FIXED` DISABLE KEYS */;
INSERT INTO `BLC_FULFILLMENT_OPTION_FIXED` (`PRICE`, `FULFILLMENT_OPTION_ID`, `CURRENCY_CODE`) VALUES (0.00000,1,'INR');
/*!40000 ALTER TABLE `BLC_FULFILLMENT_OPTION_FIXED` ENABLE KEYS */;
UNLOCK TABLES;

--
-- Dumping data for table `BLC_FULFILLMENT_OPT_BANDED_PRC`
--

LOCK TABLES `BLC_FULFILLMENT_OPT_BANDED_PRC` WRITE;
/*!40000 ALTER TABLE `BLC_FULFILLMENT_OPT_BANDED_PRC` DISABLE KEYS */;
/*!40000 ALTER TABLE `BLC_FULFILLMENT_OPT_BANDED_PRC` ENABLE KEYS */;
UNLOCK TABLES;

--
-- Dumping data for table `BLC_FULFILLMENT_OPT_BANDED_WGT`
--

LOCK TABLES `BLC_FULFILLMENT_OPT_BANDED_WGT` WRITE;
/*!40000 ALTER TABLE `BLC_FULFILLMENT_OPT_BANDED_WGT` DISABLE KEYS */;
/*!40000 ALTER TABLE `BLC_FULFILLMENT_OPT_BANDED_WGT` ENABLE KEYS */;
UNLOCK TABLES;

--
-- Dumping data for table `BLC_FULFILLMENT_PRICE_BAND`
--

LOCK TABLES `BLC_FULFILLMENT_PRICE_BAND` WRITE;
/*!40000 ALTER TABLE `BLC_FULFILLMENT_PRICE_BAND` DISABLE KEYS */;
/*!40000 ALTER TABLE `BLC_FULFILLMENT_PRICE_BAND` ENABLE KEYS */;
UNLOCK TABLES;

--
-- Dumping data for table `BLC_FULFILLMENT_WEIGHT_BAND`
--

LOCK TABLES `BLC_FULFILLMENT_WEIGHT_BAND` WRITE;
/*!40000 ALTER TABLE `BLC_FULFILLMENT_WEIGHT_BAND` DISABLE KEYS */;
/*!40000 ALTER TABLE `BLC_FULFILLMENT_WEIGHT_BAND` ENABLE KEYS */;
UNLOCK TABLES;

--
-- Dumping data for table `BLC_GIFTWRAP_ORDER_ITEM`
--

LOCK TABLES `BLC_GIFTWRAP_ORDER_ITEM` WRITE;
/*!40000 ALTER TABLE `BLC_GIFTWRAP_ORDER_ITEM` DISABLE KEYS */;
/*!40000 ALTER TABLE `BLC_GIFTWRAP_ORDER_ITEM` ENABLE KEYS */;
UNLOCK TABLES;

--
-- Dumping data for table `BLC_GIFT_CARD_PAYMENT`
--

LOCK TABLES `BLC_GIFT_CARD_PAYMENT` WRITE;
/*!40000 ALTER TABLE `BLC_GIFT_CARD_PAYMENT` DISABLE KEYS */;
/*!40000 ALTER TABLE `BLC_GIFT_CARD_PAYMENT` ENABLE KEYS */;
UNLOCK TABLES;

--
-- Dumping data for table `BLC_ID_GENERATION`
--

LOCK TABLES `BLC_ID_GENERATION` WRITE;
/*!40000 ALTER TABLE `BLC_ID_GENERATION` DISABLE KEYS */;
INSERT INTO `BLC_ID_GENERATION` (`ID_TYPE`, `BATCH_SIZE`, `BATCH_START`, `ID_MIN`, `ID_MAX`, `version`) VALUES ('org.broadleafcommerce.profile.core.domain.Customer',100,3901,NULL,NULL,39);
/*!40000 ALTER TABLE `BLC_ID_GENERATION` ENABLE KEYS */;
UNLOCK TABLES;

--
-- Dumping data for table `BLC_IMG_STATIC_ASSET`
--

LOCK TABLES `BLC_IMG_STATIC_ASSET` WRITE;
/*!40000 ALTER TABLE `BLC_IMG_STATIC_ASSET` DISABLE KEYS */;
INSERT INTO `BLC_IMG_STATIC_ASSET` (`HEIGHT`, `WIDTH`, `STATIC_ASSET_ID`) VALUES (1800,1200,100050),(1800,1200,100051),(1800,1200,100052),(1800,1200,100053),(1800,1200,100054),(1800,1200,100055),(1800,1200,100056),(1800,1200,100057),(1800,1200,100058),(1800,1200,100059),(1800,1200,100060),(1800,1200,100061),(1800,1200,100062),(1800,1200,100063),(1800,1200,100064),(1800,1200,100065),(1800,1200,100066),(1800,1200,100067),(1800,1200,100068),(1800,1200,100069),(1800,1200,100070),(1800,1200,100071),(1800,1200,100072),(1800,1200,100073),(1800,1200,100074),(1800,1200,100075),(1800,1200,100076),(1800,1200,100077),(1800,1200,100078),(1800,1200,100079),(1800,1200,100080),(1800,1200,100081),(1800,1200,100082),(1800,1200,100083),(1800,1200,100084),(1800,1200,100085),(1800,1200,100086),(1800,1200,100087),(1800,1200,100088),(1800,1200,100089),(1800,1200,100090),(1800,1200,100091),(1800,1200,100092),(1800,1200,100093),(1800,1200,100094),(1800,1200,100095),(1800,1200,100096),(1800,1200,100097),(1800,1200,100098),(1800,1200,100099),(1800,1200,100100),(1800,1200,100101),(1800,1200,100102),(1800,1200,100103),(1800,1200,100104),(1800,1200,100105),(1800,1200,100106),(1800,1200,100107),(1800,1200,100108),(1800,1200,100109),(1800,1200,100110),(1800,1200,100111),(1800,1200,100112),(1800,1200,100113),(1800,1200,100114),(1800,1200,100115),(1800,1200,100116),(1800,1200,100117),(1800,1200,100118),(1800,1200,100119),(1800,1200,100120),(1800,1200,100121),(1800,1200,100122),(1800,1200,100123),(1800,1200,100124),(1800,1200,100125),(1800,1200,100126),(1800,1200,100127),(1800,1200,100128),(1800,1200,100129),(1800,1200,100130),(1800,1200,100131),(1800,1200,100132),(1800,1200,100133),(1800,1200,100134),(1800,1200,100135),(1800,1200,100136),(1800,1200,100137),(1800,1200,100138),(1800,1200,100139),(1800,1200,100140),(1800,1200,100141),(1800,1200,100142),(1800,1200,100143),(1800,1200,100144),(1800,1200,100145),(1800,1200,100146),(1800,1200,100147),(1800,1200,100148),(1800,1200,100149),(1800,1200,100150),(1800,1200,100151),(1800,1200,100152),(1800,1200,100153),(1800,1200,100154),(1800,1200,100155),(1800,1200,100156),(1800,1200,100157),(1800,1200,100158),(1800,1200,100159),(1800,1200,100160),(1800,1200,100161),(1800,1200,100162),(1800,1200,100163),(1800,1200,100164),(1800,1200,100165),(1800,1200,100166),(1800,1200,100167),(1800,1200,100168),(1800,1200,100169),(1800,1200,100170),(1800,1200,100171),(1800,1200,100172),(1800,1200,100173),(1800,1200,100174),(1800,1200,100175),(1800,1200,100176),(1800,1200,100177),(1800,1200,100178),(1800,1200,100179),(1800,1200,100180),(1800,1200,100181),(1800,1200,100182),(1800,1200,100183),(1800,1200,100184),(1800,1200,100185),(1800,1200,100186),(1800,1200,100187),(1800,1200,100188),(1800,1200,100189),(1800,1200,100190),(1800,1200,100191),(1800,1200,100192),(1800,1200,100193),(1800,1200,100194),(1800,1200,100195),(1800,1200,100196),(1800,1200,100197),(1800,1200,100198),(1800,1200,100199),(1800,1200,100200),(1800,1200,100201),(1800,1200,100202),(1800,1200,100203),(1800,1200,100204),(1800,1200,100205),(1800,1200,100206),(1800,1200,100207),(1800,1200,100208),(1800,1200,100209),(1800,1200,100210),(1800,1200,100211),(1800,1200,100212),(1800,1200,100213),(1800,1200,100214),(1800,1200,100215),(1800,1200,100216),(1800,1200,100217),(1800,1200,100218),(1800,1200,100219),(1800,1200,100220),(1800,1200,100221),(1800,1200,100222),(1800,1200,100223),(1800,1200,100224),(1800,1200,100225),(1800,1200,100226),(1800,1200,100227),(1800,1200,100228),(1800,1200,100229),(1800,1200,100230),(1800,1200,100231),(1800,1200,100232),(1800,1200,100233),(1800,1200,100234),(1800,1200,100235),(1800,1200,100236),(1800,1200,100237),(1800,1200,100238),(1800,1200,100239),(1800,1200,100240),(1800,1200,100241),(1800,1200,100242),(1800,1200,100243),(1800,1200,100244),(1800,1200,100245),(1800,1200,100246),(1800,1200,100247),(1800,1200,100248),(1800,1200,100249),(1800,1200,100250),(1800,1200,100251),(1800,1200,100252),(1800,1200,100253),(1800,1200,100254),(1800,1200,100255),(1800,1200,100256),(1800,1200,100257),(1800,1200,100258),(1800,1200,100259),(1800,1200,100260),(1800,1200,100261),(1800,1200,100262),(1800,1200,100263),(1800,1200,100264),(1800,1200,100265),(1800,1200,100266),(1800,1200,100267),(1800,1200,100268),(1800,1200,100269),(1800,1200,100270),(1800,1200,100271),(1800,1200,100272),(1800,1200,100273),(1800,1200,100274),(1800,1200,100275),(1800,1200,100276),(1800,1200,100277),(1800,1200,100278),(1800,1200,100279),(1800,1200,100280),(1800,1200,100281),(1800,1200,100282),(1800,1200,100283),(1800,1200,100284),(1800,1200,100285),(1800,1200,100286),(1800,1200,100287),(1800,1200,100288),(1800,1200,100289),(1800,1200,100290),(1800,1200,100291),(1800,1200,100292),(1800,1200,100293),(1800,1200,100294),(1800,1200,100295),(1800,1200,100296),(1800,1200,100297),(1800,1200,100298),(1800,1200,100299),(1800,1200,100300),(1800,1200,100301),(1800,1200,100302),(1800,1200,100303),(1800,1200,100304),(1800,1200,100305),(1800,1200,100306),(1800,1200,100307),(1800,1200,100308),(1800,1200,100309),(1800,1200,100310),(1800,1200,100311),(1800,1200,100312),(1800,1200,100313),(1800,1200,100314),(1800,1200,100315),(1800,1200,100316),(1800,1200,100317),(1800,1200,100318),(1800,1200,100319),(1800,1200,100320),(1800,1200,100321),(1800,1200,100322),(1800,1200,100323),(1800,1200,100324),(1800,1200,100325),(1800,1200,100326),(1800,1200,100327),(1800,1200,100328),(1800,1200,100329),(1800,1200,100330),(1800,1200,100331),(1800,1200,100332),(1800,1200,100333),(1800,1200,100334),(1800,1200,100335),(1800,1200,100336),(1800,1200,100337),(1800,1200,100338),(1800,1200,100339),(1800,1200,100340),(1800,1200,100341),(1800,1200,100342),(1800,1200,100343),(1800,1200,100344),(1800,1200,100345),(1800,1200,100346),(1800,1200,100347),(1800,1200,100348),(1800,1200,100349),(1800,1200,100350),(1800,1200,100351),(1800,1200,100352),(1800,1200,100353),(1800,1200,100354),(1800,1200,100355),(1800,1200,100356),(1800,1200,100357),(1800,1200,100358),(1800,1200,100359),(1800,1200,100360),(1800,1200,100361),(1800,1200,100362),(1800,1200,100363),(1800,1200,100364),(1800,1200,100365),(1800,1200,100366),(1800,1200,100367),(1800,1200,100368),(1800,1200,100369),(1800,1200,100370),(1800,1200,100371),(1800,1200,100372),(1800,1200,100373),(1800,1200,100374),(1800,1200,100375),(1800,1200,100376),(1800,1200,100377),(1800,1200,100378),(1800,1200,100379),(1800,1200,100380),(1800,1200,100381),(1800,1200,100382),(1800,1200,100383),(1800,1200,100384),(1800,1200,100385),(1800,1200,100386),(1800,1200,100387),(1800,1200,100388),(1800,1200,100389),(1800,1200,100390),(1800,1200,100391),(1800,1200,100392),(1800,1200,100393),(1800,1200,100394),(1800,1200,100395),(1800,1200,100396),(1800,1200,100397),(1800,1200,100398),(1800,1200,100399),(1800,1200,100400),(1800,1200,100401),(1800,1200,100402),(1800,1200,100403),(1800,1200,100404),(1800,1200,100405),(1800,1200,100406),(1800,1200,100407),(1800,1200,100408),(1800,1200,100409),(1800,1200,100410),(1800,1200,100411),(1800,1200,100412),(1800,1200,100413),(1800,1200,100414),(1800,1200,100415),(1800,1200,100416),(1800,1200,100417),(1800,1200,100418),(1800,1200,100419),(1800,1200,100420),(1800,1200,100421),(1800,1200,100422),(1800,1200,100423),(1800,1200,100424),(1800,1200,100425),(1800,1200,100426),(1800,1200,100427),(1800,1200,100428),(1800,1200,100429),(1800,1200,100430),(1800,1200,100431),(1800,1200,100432),(1800,1200,100433),(1800,1200,100434),(1800,1200,100435),(1800,1200,100436),(1800,1200,100437),(1800,1200,100438),(1800,1200,100439),(1800,1200,100440),(1800,1200,100441),(1800,1200,100442),(1800,1200,100443),(1800,1200,100444),(1800,1200,100445),(1800,1200,100446),(1800,1200,100447),(1800,1200,100448),(1800,1200,100449),(1800,1200,100450),(1800,1200,100451),(1800,1200,100452),(1800,1200,100453),(1800,1200,100454),(1800,1200,100455),(1800,1200,100456),(1800,1200,100457),(1800,1200,100458),(1800,1200,100459),(1800,1200,100460),(1800,1200,100461),(1800,1200,100462),(1800,1200,100463),(1800,1200,100464),(1800,1200,100465),(1800,1200,100466),(1800,1200,100467),(1800,1200,100468),(1800,1200,100469),(1800,1200,100470),(1800,1200,100471),(1800,1200,100472),(1800,1200,100473),(1800,1200,100474),(1800,1200,100475),(1800,1200,100476),(1800,1200,100477),(1800,1200,100478),(1800,1200,100479),(1800,1200,100480),(1800,1200,100481),(1800,1200,100482),(1800,1200,100483),(1800,1200,100484),(1800,1200,100485),(1800,1200,100486),(1800,1200,100487),(1800,1200,100488),(1800,1200,100489),(1800,1200,100490),(1800,1200,100491),(1800,1200,100492),(1800,1200,100493),(1800,1200,100494),(1800,1200,100495),(1800,1200,100496),(1800,1200,100497),(1800,1200,100498),(1800,1200,100499),(1800,1200,100500),(1800,1200,100501),(1800,1200,100502),(1800,1200,100503),(1800,1200,100504),(1800,1200,100505),(1800,1200,100506),(1800,1200,100507),(1800,1200,100508),(1800,1200,100509),(1800,1200,100510),(1800,1200,100511),(1800,1200,100512),(1800,1200,100513),(1800,1200,100514),(1800,1200,100515),(1800,1200,100516),(1800,1200,100517),(1800,1200,100518),(1800,1200,100519),(1800,1200,100520),(1800,1200,100521),(1800,1200,100522),(1800,1200,100523),(1800,1200,100524),(1800,1200,100525),(1800,1200,100526),(1800,1200,100527),(1800,1200,100528),(1800,1200,100529),(1800,1200,100530),(1800,1200,100531),(1800,1200,100532),(1800,1200,100533),(1800,1200,100534),(1800,1200,100535),(1800,1200,100536),(1800,1200,101050),(1800,1200,101051),(1800,1200,101052),(1800,1200,101053),(1800,1200,101054),(1800,1200,101055),(1800,1200,101056),(1800,1200,101057),(1800,1200,101058),(1800,1200,101059),(1800,1200,101060),(1800,1200,101061),(1800,1200,101062),(1800,1200,101063),(1800,1200,101064),(1800,1200,101065),(1800,1200,101066),(1800,1200,101067),(1800,1200,101068),(1800,1200,101069),(1800,1200,101070),(1800,1200,101071),(1800,1200,101072),(1800,1200,101073),(1800,1200,101074),(1800,1200,101075),(1800,1200,101076),(1800,1200,101077),(1800,1200,101078),(1800,1200,101079),(1800,1200,101080),(1800,1200,101081),(1800,1200,101082),(1800,1200,101083),(1800,1200,101084),(1800,1200,101085),(1800,1200,101086),(1800,1200,101087),(1800,1200,101088),(1800,1200,101089),(1800,1200,101090),(1800,1200,101091),(1800,1200,101092),(1800,1200,101093),(1800,1200,101094),(1800,1200,101095),(1800,1200,101096),(1800,1200,101097),(1800,1200,101098),(1800,1200,101099),(1800,1200,101100),(1800,1200,101101),(1800,1200,101102),(1800,1200,101103),(1800,1200,101104),(1800,1200,101105),(1800,1200,101106),(1800,1200,101107),(1800,1200,101108),(1800,1200,101109),(1800,1200,101110),(1800,1200,101111),(1800,1200,101112),(1800,1200,101113),(1800,1200,101114),(1800,1200,101115),(1800,1200,101116),(1800,1200,101117),(1800,1200,101118),(1800,1200,101119),(1800,1200,101120),(1800,1200,101121),(1800,1200,101122),(1800,1200,101123),(1800,1200,101124),(1800,1200,101125),(1800,1200,101126),(1800,1200,101127),(1800,1200,101128),(1800,1200,101129),(1800,1200,101130),(1800,1200,101131),(1800,1200,101132),(1800,1200,101133),(1800,1200,101134),(1800,1200,101135),(1800,1200,101136),(1800,1200,101137),(1800,1200,101138),(1800,1200,101139),(1800,1200,101140),(1800,1200,101141),(1800,1200,101142),(1800,1200,101143),(1800,1200,101144),(1800,1200,101145),(1800,1200,101146),(1800,1200,101147),(1800,1200,101148),(1800,1200,101149),(1800,1200,101150),(1800,1200,101151);
/*!40000 ALTER TABLE `BLC_IMG_STATIC_ASSET` ENABLE KEYS */;
UNLOCK TABLES;

--
-- Dumping data for table `BLC_ISO_COUNTRY`
--

LOCK TABLES `BLC_ISO_COUNTRY` WRITE;
/*!40000 ALTER TABLE `BLC_ISO_COUNTRY` DISABLE KEYS */;
INSERT INTO `BLC_ISO_COUNTRY` (`ALPHA_2`, `ALPHA_3`, `NAME`, `NUMERIC_CODE`, `STATUS`) VALUES ('IN','','India',NULL,'OFFICIALLY_ASSIGNED');
/*!40000 ALTER TABLE `BLC_ISO_COUNTRY` ENABLE KEYS */;
UNLOCK TABLES;

--
-- Dumping data for table `BLC_ITEM_OFFER_QUALIFIER`
--

LOCK TABLES `BLC_ITEM_OFFER_QUALIFIER` WRITE;
/*!40000 ALTER TABLE `BLC_ITEM_OFFER_QUALIFIER` DISABLE KEYS */;
/*!40000 ALTER TABLE `BLC_ITEM_OFFER_QUALIFIER` ENABLE KEYS */;
UNLOCK TABLES;

--
-- Dumping data for table `BLC_LOCALE`
--

LOCK TABLES `BLC_LOCALE` WRITE;
/*!40000 ALTER TABLE `BLC_LOCALE` DISABLE KEYS */;
INSERT INTO `BLC_LOCALE` (`LOCALE_CODE`, `DEFAULT_FLAG`, `FRIENDLY_NAME`, `USE_IN_SEARCH_INDEX`, `CURRENCY_CODE`) VALUES ('en',0,'English',NULL,'USD'),('en_IN',1,'Hindi India',NULL,'INR'),('en_US',0,'English US',NULL,'USD');
/*!40000 ALTER TABLE `BLC_LOCALE` ENABLE KEYS */;
UNLOCK TABLES;

--
-- Dumping data for table `BLC_MEDIA`
--

LOCK TABLES `BLC_MEDIA` WRITE;
/*!40000 ALTER TABLE `BLC_MEDIA` DISABLE KEYS */;
INSERT INTO `BLC_MEDIA` (`MEDIA_ID`, `ALT_TEXT`, `TAGS`, `TITLE`, `URL`) VALUES (100150,NULL,NULL,NULL,'/cmsstatic/product/IMG_6661.JPG'),(100151,NULL,NULL,NULL,'/cmsstatic/product/IMG_6663.JPG'),(100152,NULL,NULL,NULL,'/cmsstatic/product/IMG_6660.JPG'),(100153,NULL,NULL,NULL,'/cmsstatic/product/IMG_6664.JPG'),(100154,NULL,NULL,NULL,'/cmsstatic/product/IMG_6666.JPG'),(100155,NULL,NULL,NULL,'/cmsstatic/product/IMG_6662.JPG'),(100156,NULL,NULL,NULL,'/cmsstatic/product/IMG_6836.JPG'),(100200,NULL,NULL,NULL,'/cmsstatic/product/IMG_6804.JPG'),(100201,NULL,NULL,NULL,'/cmsstatic/product/IMG_6698.JPG'),(100202,NULL,NULL,NULL,'/cmsstatic/product/IMG_6739.JPG'),(100203,NULL,NULL,NULL,'/cmsstatic/product/IMG_6763.JPG'),(100204,NULL,NULL,NULL,'/cmsstatic/product/IMG_6755.JPG'),(100205,NULL,NULL,NULL,'/cmsstatic/product/IMG_6718.JPG'),(100206,NULL,NULL,NULL,'/cmsstatic/product/IMG_6704.JPG'),(100207,NULL,NULL,NULL,'/cmsstatic/product/IMG_6667.JPG'),(100208,NULL,NULL,NULL,'/cmsstatic/product/IMG_6711.JPG'),(100209,NULL,NULL,NULL,'/cmsstatic/product/IMG_6726.JPG'),(100210,NULL,NULL,NULL,'/cmsstatic/product/IMG_6645.JPG'),(100211,NULL,NULL,NULL,'/cmsstatic/product/IMG_6676.JPG'),(100212,NULL,NULL,NULL,'/cmsstatic/product/IMG_6872.JPG'),(100213,NULL,NULL,NULL,'/cmsstatic/product/IMG_6847.JPG'),(100214,NULL,NULL,NULL,'/cmsstatic/product/IMG_6789.JPG'),(100215,NULL,NULL,NULL,'/cmsstatic/product/IMG_6771.JPG'),(100216,NULL,NULL,NULL,'/cmsstatic/product/IMG_6813.JPG'),(100217,NULL,NULL,NULL,'/cmsstatic/product/IMG_6775.JPG'),(100218,NULL,NULL,NULL,'/cmsstatic/product/IMG_6914.JPG'),(100219,NULL,NULL,NULL,'/cmsstatic/product/IMG_7012.JPG'),(100220,NULL,NULL,NULL,'/cmsstatic/product/IMG_6995.JPG'),(100221,NULL,NULL,NULL,'/cmsstatic/product/IMG_7020.JPG'),(100222,NULL,NULL,NULL,'/cmsstatic/product/IMG_6975.JPG'),(100223,NULL,NULL,NULL,'/cmsstatic/product/IMG_7047.JPG'),(100224,NULL,NULL,NULL,'/cmsstatic/product/IMG_6929.JPG'),(100225,NULL,NULL,NULL,'/cmsstatic/product/IMG_7029.JPG'),(100226,NULL,NULL,NULL,'/cmsstatic/product/IMG_6883.JPG'),(100228,NULL,NULL,NULL,'/cmsstatic/product/IMG_6909.JPG'),(100229,NULL,NULL,NULL,'/cmsstatic/product/IMG_7037.JPG'),(100230,NULL,NULL,NULL,'/cmsstatic/product/IMG_6949.JPG'),(100231,NULL,NULL,NULL,'/cmsstatic/product/IMG_6897.JPG'),(100232,NULL,NULL,NULL,'/cmsstatic/product/IMG_7003.JPG'),(100233,NULL,NULL,NULL,'/cmsstatic/product/IMG_6985.JPG'),(100234,NULL,NULL,NULL,'/cmsstatic/product/IMG_7052.JPG'),(100235,NULL,NULL,NULL,'/cmsstatic/product/IMG_6922.JPG'),(100236,NULL,NULL,NULL,'/cmsstatic/product/IMG_6936.JPG'),(100237,NULL,NULL,NULL,'/cmsstatic/product/IMG_7060.JPG'),(100238,NULL,NULL,NULL,'/cmsstatic/product/IMG_7067.JPG'),(100240,NULL,NULL,NULL,'/cmsstatic/product/IMG_7076.JPG'),(100241,NULL,NULL,NULL,'/cmsstatic/product/IMG_7092.JPG'),(100242,NULL,NULL,NULL,'/cmsstatic/product/IMG_7123.JPG'),(100243,NULL,NULL,NULL,'/cmsstatic/product/IMG_7085.JPG'),(100244,NULL,NULL,NULL,'/cmsstatic/product/IMG_7115.JPG'),(100245,NULL,NULL,NULL,'/cmsstatic/product/IMG_7099.JPG'),(100246,NULL,NULL,NULL,'/cmsstatic/product/IMG_7107.JPG'),(100247,NULL,NULL,NULL,'/cmsstatic/product/IMG_6819.JPG'),(100248,NULL,NULL,NULL,'/cmsstatic/product/IMG_6684.JPG'),(100249,NULL,NULL,NULL,'/cmsstatic/product/IMG_6854.JPG'),(100250,NULL,NULL,NULL,'/cmsstatic/product/IMG_6783.JPG'),(100251,NULL,NULL,NULL,'/cmsstatic/product/IMG_6626.JPG'),(100252,NULL,NULL,NULL,'/cmsstatic/product/IMG_6749.JPG'),(100253,NULL,NULL,NULL,'/cmsstatic/product/IMG_6826.JPG'),(100254,NULL,NULL,NULL,'/cmsstatic/product/IMG_6691.JPG'),(100255,NULL,NULL,NULL,'/cmsstatic/product/IMG_6731.JPG'),(100256,NULL,NULL,NULL,'/cmsstatic/product/IMG_6797.JPG'),(100257,NULL,NULL,NULL,'/cmsstatic/product/IMG_6868.JPG'),(100258,NULL,NULL,NULL,'/cmsstatic/product/IMG_6654.JPG'),(100300,NULL,NULL,NULL,'/cmsstatic/product/IMG_6805.JPG'),(100301,NULL,NULL,NULL,'/cmsstatic/product/IMG_6807.JPG'),(100302,NULL,NULL,NULL,'/cmsstatic/product/IMG_6808.JPG'),(100303,NULL,NULL,NULL,'/cmsstatic/product/IMG_6809.JPG'),(100304,NULL,NULL,NULL,'/cmsstatic/product/IMG_6699.JPG'),(100305,NULL,NULL,NULL,'/cmsstatic/product/IMG_6700.JPG'),(100306,NULL,NULL,NULL,'/cmsstatic/product/IMG_6701.JPG'),(100307,NULL,NULL,NULL,'/cmsstatic/product/IMG_6697.JPG'),(100308,NULL,NULL,NULL,'/cmsstatic/product/IMG_6741.JPG'),(100309,NULL,NULL,NULL,'/cmsstatic/product/IMG_6742.JPG'),(100310,NULL,NULL,NULL,'/cmsstatic/product/IMG_6738.JPG'),(100311,NULL,NULL,NULL,'/cmsstatic/product/IMG_6743.JPG'),(100313,NULL,NULL,NULL,'/cmsstatic/product/IMG_6766.JPG'),(100314,NULL,NULL,NULL,'/cmsstatic/product/IMG_6767.JPG'),(100316,NULL,NULL,NULL,'/cmsstatic/product/IMG_6765.JPG'),(100317,NULL,NULL,NULL,'/cmsstatic/product/IMG_6762.JPG'),(100318,NULL,NULL,NULL,'/cmsstatic/product/IMG_6759.JPG'),(100319,NULL,NULL,NULL,'/cmsstatic/product/IMG_6758.JPG'),(100320,NULL,NULL,NULL,'/cmsstatic/product/IMG_6754.JPG'),(100322,NULL,NULL,NULL,'/cmsstatic/product/IMG_6760.JPG'),(100323,NULL,NULL,NULL,'/cmsstatic/product/IMG_6720.JPG'),(100324,NULL,NULL,NULL,'/cmsstatic/product/IMG_6722.JPG'),(100325,NULL,NULL,NULL,'/cmsstatic/product/IMG_6723.JPG'),(100326,NULL,NULL,NULL,'/cmsstatic/product/IMG_6719.JPG'),(100327,NULL,NULL,NULL,'/cmsstatic/product/IMG_6706.JPG'),(100328,NULL,NULL,NULL,'/cmsstatic/product/IMG_6708.JPG'),(100329,NULL,NULL,NULL,'/cmsstatic/product/IMG_6709.JPG'),(100330,NULL,NULL,NULL,'/cmsstatic/product/IMG_6705.JPG'),(100331,NULL,NULL,NULL,'/cmsstatic/product/IMG_6670.JPG'),(100332,NULL,NULL,NULL,'/cmsstatic/product/IMG_6671.JPG'),(100333,NULL,NULL,NULL,'/cmsstatic/product/IMG_6672.JPG'),(100334,NULL,NULL,NULL,'/cmsstatic/product/IMG_6673.JPG'),(100335,NULL,NULL,NULL,'/cmsstatic/product/IMG_6714.JPG'),(100336,NULL,NULL,NULL,'/cmsstatic/product/IMG_6715.JPG'),(100337,NULL,NULL,NULL,'/cmsstatic/product/IMG_6716.JPG'),(100338,NULL,NULL,NULL,'/cmsstatic/product/IMG_6712.JPG'),(100339,NULL,NULL,NULL,'/cmsstatic/product/IMG_6728.JPG'),(100340,NULL,NULL,NULL,'/cmsstatic/product/IMG_6729.JPG'),(100341,NULL,NULL,NULL,'/cmsstatic/product/IMG_6725.JPG'),(100342,NULL,NULL,NULL,'/cmsstatic/product/IMG_6727.JPG'),(100343,NULL,NULL,NULL,'/cmsstatic/product/IMG_6647.JPG'),(100344,NULL,NULL,NULL,'/cmsstatic/product/IMG_6648.JPG'),(100345,NULL,NULL,NULL,'/cmsstatic/product/IMG_6649.JPG'),(100346,NULL,NULL,NULL,'/cmsstatic/product/IMG_6646.JPG'),(100347,NULL,NULL,NULL,'/cmsstatic/product/IMG_6678.JPG'),(100348,NULL,NULL,NULL,'/cmsstatic/product/IMG_6679.JPG'),(100349,NULL,NULL,NULL,'/cmsstatic/product/IMG_6680.JPG'),(100350,NULL,NULL,NULL,'/cmsstatic/product/IMG_6677.JPG'),(100351,NULL,NULL,NULL,'/cmsstatic/product/IMG_6874.JPG'),(100352,NULL,NULL,NULL,'/cmsstatic/product/IMG_6875.JPG'),(100353,NULL,NULL,NULL,'/cmsstatic/product/IMG_6876.JPG'),(100354,NULL,NULL,NULL,'/cmsstatic/product/IMG_6873.JPG'),(100355,NULL,NULL,NULL,'/cmsstatic/product/IMG_6849.JPG'),(100356,NULL,NULL,NULL,'/cmsstatic/product/IMG_6850.JPG'),(100357,NULL,NULL,NULL,'/cmsstatic/product/IMG_6844.JPG'),(100358,NULL,NULL,NULL,'/cmsstatic/product/IMG_6848.JPG'),(100359,NULL,NULL,NULL,'/cmsstatic/product/IMG_6790.JPG'),(100360,NULL,NULL,NULL,'/cmsstatic/product/IMG_6791.JPG'),(100361,NULL,NULL,NULL,'/cmsstatic/product/IMG_6792.JPG'),(100362,NULL,NULL,NULL,'/cmsstatic/product/IMG_6788.JPG'),(100363,NULL,NULL,NULL,'/cmsstatic/product/IMG_6772.JPG'),(100364,NULL,NULL,NULL,'/cmsstatic/product/IMG_6773.JPG'),(100365,NULL,NULL,NULL,'/cmsstatic/product/IMG_6769.JPG'),(100366,NULL,NULL,NULL,'/cmsstatic/product/IMG_6770.JPG'),(100367,NULL,NULL,NULL,'/cmsstatic/product/IMG_6815.JPG'),(100368,NULL,NULL,NULL,'/cmsstatic/product/IMG_6816.JPG'),(100369,NULL,NULL,NULL,'/cmsstatic/product/IMG_6817.JPG'),(100370,NULL,NULL,NULL,'/cmsstatic/product/IMG_6814.JPG'),(100371,NULL,NULL,NULL,'/cmsstatic/product/IMG_6777.JPG'),(100372,NULL,NULL,NULL,'/cmsstatic/product/IMG_6778.JPG'),(100373,NULL,NULL,NULL,'/cmsstatic/product/IMG_6780.JPG'),(100374,NULL,NULL,NULL,'/cmsstatic/product/IMG_6779.JPG'),(100375,NULL,NULL,NULL,'/cmsstatic/product/IMG_6916.JPG'),(100376,NULL,NULL,NULL,'/cmsstatic/product/IMG_6917.JPG'),(100377,NULL,NULL,NULL,'/cmsstatic/product/IMG_6918.JPG'),(100378,NULL,NULL,NULL,'/cmsstatic/product/IMG_6915.JPG'),(100379,NULL,NULL,NULL,'/cmsstatic/product/IMG_7014.JPG'),(100380,NULL,NULL,NULL,'/cmsstatic/product/IMG_7015.JPG'),(100381,NULL,NULL,NULL,'/cmsstatic/product/IMG_7011.JPG'),(100382,NULL,NULL,NULL,'/cmsstatic/product/IMG_7013.JPG'),(100383,NULL,NULL,NULL,'/cmsstatic/product/IMG_6997.JPG'),(100384,NULL,NULL,NULL,'/cmsstatic/product/IMG_6998.JPG'),(100385,NULL,NULL,NULL,'/cmsstatic/product/IMG_6993.JPG'),(100386,NULL,NULL,NULL,'/cmsstatic/product/IMG_6995.JPG'),(100387,NULL,NULL,NULL,'/cmsstatic/product/IMG_7026.JPG'),(100388,NULL,NULL,NULL,'/cmsstatic/product/IMG_7024.JPG'),(100389,NULL,NULL,NULL,'/cmsstatic/product/IMG_7019.JPG'),(100390,NULL,NULL,NULL,'/cmsstatic/product/IMG_7020.JPG'),(100391,NULL,NULL,NULL,'/cmsstatic/product/IMG_6977.JPG'),(100392,NULL,NULL,NULL,'/cmsstatic/product/IMG_6978.JPG'),(100393,NULL,NULL,NULL,'/cmsstatic/product/IMG_6973.JPG'),(100394,NULL,NULL,NULL,'/cmsstatic/product/IMG_6976.JPG'),(100400,NULL,NULL,NULL,'/cmsstatic/product/IMG_7048.JPG'),(100401,NULL,NULL,NULL,'/cmsstatic/product/IMG_7049.JPG'),(100402,NULL,NULL,NULL,'/cmsstatic/product/IMG_7044.JPG'),(100403,NULL,NULL,NULL,'/cmsstatic/product/IMG_7046.JPG'),(100404,NULL,NULL,NULL,'/cmsstatic/product/IMG_6931.JPG'),(100405,NULL,NULL,NULL,'/cmsstatic/product/IMG_6932.JPG'),(100406,NULL,NULL,NULL,'/cmsstatic/product/IMG_6928.JPG'),(100407,NULL,NULL,NULL,'/cmsstatic/product/IMG_6930.JPG'),(100408,NULL,NULL,NULL,'/cmsstatic/product/IMG_7031.JPG'),(100409,NULL,NULL,NULL,'/cmsstatic/product/IMG_7032.JPG'),(100410,NULL,NULL,NULL,'/cmsstatic/product/IMG_7028.JPG'),(100411,NULL,NULL,NULL,'/cmsstatic/product/IMG_7030.JPG'),(100412,NULL,NULL,NULL,'/cmsstatic/product/IMG_6885.JPG'),(100413,NULL,NULL,NULL,'/cmsstatic/product/IMG_6887.JPG'),(100414,NULL,NULL,NULL,'/cmsstatic/product/IMG_6886.JPG'),(100415,NULL,NULL,NULL,'/cmsstatic/product/IMG_6884.JPG'),(100416,NULL,NULL,NULL,'/cmsstatic/product/IMG_6906.JPG'),(100417,NULL,NULL,NULL,'/cmsstatic/product/IMG_6908.JPG'),(100418,NULL,NULL,NULL,'/cmsstatic/product/IMG_6912.JPG'),(100419,NULL,NULL,NULL,'/cmsstatic/product/IMG_6904.JPG'),(100420,NULL,NULL,NULL,'/cmsstatic/product/IMG_7040.JPG'),(100421,NULL,NULL,NULL,'/cmsstatic/product/IMG_7041.JPG'),(100422,NULL,NULL,NULL,'/cmsstatic/product/IMG_7036.JPG'),(100423,NULL,NULL,NULL,'/cmsstatic/product/IMG_7038.JPG'),(100424,NULL,NULL,NULL,'/cmsstatic/product/IMG_6952.JPG'),(100425,NULL,NULL,NULL,'/cmsstatic/product/IMG_6953.JPG'),(100426,NULL,NULL,NULL,'/cmsstatic/product/IMG_6948.JPG'),(100427,NULL,NULL,NULL,'/cmsstatic/product/IMG_6951.JPG'),(100428,NULL,NULL,NULL,'/cmsstatic/product/IMG_6899.JPG'),(100429,NULL,NULL,NULL,'/cmsstatic/product/IMG_6893.JPG'),(100430,NULL,NULL,NULL,'/cmsstatic/product/IMG_6898.JPG'),(100431,NULL,NULL,NULL,'/cmsstatic/product/IMG_6897.JPG'),(100432,NULL,NULL,NULL,'/cmsstatic/product/IMG_7005.JPG'),(100433,NULL,NULL,NULL,'/cmsstatic/product/IMG_7006.JPG'),(100434,NULL,NULL,NULL,'/cmsstatic/product/IMG_7002.JPG'),(100435,NULL,NULL,NULL,'/cmsstatic/product/IMG_7004.JPG'),(100436,NULL,NULL,NULL,'/cmsstatic/product/IMG_6988.JPG'),(100437,NULL,NULL,NULL,'/cmsstatic/product/IMG_6989.JPG'),(100438,NULL,NULL,NULL,'/cmsstatic/product/IMG_6984.JPG'),(100439,NULL,NULL,NULL,'/cmsstatic/product/IMG_6986.JPG'),(100440,NULL,NULL,NULL,'/cmsstatic/product/IMG_7054.JPG'),(100441,NULL,NULL,NULL,'/cmsstatic/product/IMG_7055.JPG'),(100442,NULL,NULL,NULL,'/cmsstatic/product/IMG_7051.JPG'),(100443,NULL,NULL,NULL,'/cmsstatic/product/IMG_7053.JPG'),(100444,NULL,NULL,NULL,'/cmsstatic/product/IMG_6925.JPG'),(100445,NULL,NULL,NULL,'/cmsstatic/product/IMG_6926.JPG'),(100446,NULL,NULL,NULL,'/cmsstatic/product/IMG_6921.JPG'),(100447,NULL,NULL,NULL,'/cmsstatic/product/IMG_6924.JPG'),(100448,NULL,NULL,NULL,'/cmsstatic/product/IMG_6940.JPG'),(100449,NULL,NULL,NULL,'/cmsstatic/product/IMG_6939.JPG'),(100450,NULL,NULL,NULL,'/cmsstatic/product/IMG_6955.JPG'),(100451,NULL,NULL,NULL,'/cmsstatic/product/IMG_6942.JPG'),(100452,NULL,NULL,NULL,'/cmsstatic/product/IMG_7062.JPG'),(100453,NULL,NULL,NULL,'/cmsstatic/product/IMG_7063.JPG'),(100454,NULL,NULL,NULL,'/cmsstatic/product/IMG_7059.JPG'),(100455,NULL,NULL,NULL,'/cmsstatic/product/IMG_7061.JPG'),(100456,NULL,NULL,NULL,'/cmsstatic/product/IMG_7070.JPG'),(100457,NULL,NULL,NULL,'/cmsstatic/product/IMG_7071.JPG'),(100458,NULL,NULL,NULL,'/cmsstatic/product/IMG_7066.JPG'),(100459,NULL,NULL,NULL,'/cmsstatic/product/IMG_7069.JPG'),(100460,NULL,NULL,NULL,'/cmsstatic/product/IMG_7078.JPG'),(100461,NULL,NULL,NULL,'/cmsstatic/product/IMG_7080.JPG'),(100462,NULL,NULL,NULL,'/cmsstatic/product/IMG_7075.JPG'),(100463,NULL,NULL,NULL,'/cmsstatic/product/IMG_7077.JPG'),(100464,NULL,NULL,NULL,'/cmsstatic/product/IMG_7093.JPG'),(100465,NULL,NULL,NULL,'/cmsstatic/product/IMG_7095.JPG'),(100466,NULL,NULL,NULL,'/cmsstatic/product/IMG_7096.JPG'),(100467,NULL,NULL,NULL,'/cmsstatic/product/IMG_7092.JPG'),(100468,NULL,NULL,NULL,'/cmsstatic/product/IMG_7123.JPG'),(100469,NULL,NULL,NULL,'/cmsstatic/product/IMG_7129.JPG'),(100470,NULL,NULL,NULL,'/cmsstatic/product/IMG_7130.JPG'),(100471,NULL,NULL,NULL,'/cmsstatic/product/IMG_7124.JPG'),(100472,NULL,NULL,NULL,'/cmsstatic/product/IMG_7085.JPG'),(100473,NULL,NULL,NULL,'/cmsstatic/product/IMG_7084.JPG'),(100474,NULL,NULL,NULL,'/cmsstatic/product/IMG_7088.JPG'),(100475,NULL,NULL,NULL,'/cmsstatic/product/IMG_7091.JPG'),(100476,NULL,NULL,NULL,'/cmsstatic/product/IMG_7116.JPG'),(100477,NULL,NULL,NULL,'/cmsstatic/product/IMG_7119.JPG'),(100478,NULL,NULL,NULL,'/cmsstatic/product/IMG_7120.JPG'),(100479,NULL,NULL,NULL,'/cmsstatic/product/IMG_7118.JPG'),(100480,NULL,NULL,NULL,'/cmsstatic/product/IMG_7100.JPG'),(100481,NULL,NULL,NULL,'/cmsstatic/product/IMG_7104.JPG'),(100482,NULL,NULL,NULL,'/cmsstatic/product/IMG_7105.JPG'),(100483,NULL,NULL,NULL,'/cmsstatic/product/IMG_7099.JPG'),(100484,NULL,NULL,NULL,'/cmsstatic/product/IMG_7108.JPG'),(100485,NULL,NULL,NULL,'/cmsstatic/product/IMG_7112.JPG'),(100486,NULL,NULL,NULL,'/cmsstatic/product/IMG_7113.JPG'),(100487,NULL,NULL,NULL,'/cmsstatic/product/IMG_7111.JPG'),(100488,NULL,NULL,NULL,'/cmsstatic/product/IMG_6821.JPG'),(100489,NULL,NULL,NULL,'/cmsstatic/product/IMG_6822.JPG'),(100490,NULL,NULL,NULL,'/cmsstatic/product/IMG_6823.JPG'),(100491,NULL,NULL,NULL,'/cmsstatic/product/IMG_6820.JPG'),(100492,NULL,NULL,NULL,'/cmsstatic/product/IMG_6688.JPG'),(100493,NULL,NULL,NULL,'/cmsstatic/product/IMG_6687.JPG'),(100494,NULL,NULL,NULL,'/cmsstatic/product/IMG_6682.JPG'),(100495,NULL,NULL,NULL,'/cmsstatic/product/IMG_6683.JPG'),(100496,NULL,NULL,NULL,'/cmsstatic/product/IMG_6857.JPG'),(100497,NULL,NULL,NULL,'/cmsstatic/product/IMG_6858.JPG'),(100498,NULL,NULL,NULL,'/cmsstatic/product/IMG_6853.JPG'),(100499,NULL,NULL,NULL,'/cmsstatic/product/IMG_6856.JPG'),(100500,NULL,NULL,NULL,'/cmsstatic/product/IMG_6784.JPG'),(100501,NULL,NULL,NULL,'/cmsstatic/product/IMG_6785.JPG'),(100502,NULL,NULL,NULL,'/cmsstatic/product/IMG_6786.JPG'),(100503,NULL,NULL,NULL,'/cmsstatic/product/IMG_6782.JPG'),(100504,NULL,NULL,NULL,'/cmsstatic/product/IMG_6628.JPG'),(100505,NULL,NULL,NULL,'/cmsstatic/product/IMG_6630.JPG'),(100506,NULL,NULL,NULL,'/cmsstatic/product/IMG_6641.JPG'),(100507,NULL,NULL,NULL,'/cmsstatic/product/IMG_6627.JPG'),(100508,NULL,NULL,NULL,'/cmsstatic/product/IMG_6714.JPG'),(100509,NULL,NULL,NULL,'/cmsstatic/product/IMG_6715.JPG'),(100510,NULL,NULL,NULL,'/cmsstatic/product/IMG_6716.JPG'),(100511,NULL,NULL,NULL,'/cmsstatic/product/IMG_6711.JPG'),(100512,NULL,NULL,NULL,'/cmsstatic/product/IMG_6829.JPG'),(100513,NULL,NULL,NULL,'/cmsstatic/product/IMG_6830.JPG'),(100514,NULL,NULL,NULL,'/cmsstatic/product/IMG_6831.JPG'),(100515,NULL,NULL,NULL,'/cmsstatic/product/IMG_6827.JPG'),(100516,NULL,NULL,NULL,'/cmsstatic/product/IMG_6693.JPG'),(100517,NULL,NULL,NULL,'/cmsstatic/product/IMG_6694.JPG'),(100518,NULL,NULL,NULL,'/cmsstatic/product/IMG_6695.JPG'),(100519,NULL,NULL,NULL,'/cmsstatic/product/IMG_6692.JPG'),(100520,NULL,NULL,NULL,'/cmsstatic/product/IMG_6733.JPG'),(100521,NULL,NULL,NULL,'/cmsstatic/product/IMG_6734.JPG'),(100522,NULL,NULL,NULL,'/cmsstatic/product/IMG_6735.JPG'),(100523,NULL,NULL,NULL,'/cmsstatic/product/IMG_6732.JPG'),(100524,NULL,NULL,NULL,'/cmsstatic/product/IMG_6799.JPG'),(100525,NULL,NULL,NULL,'/cmsstatic/product/IMG_6800.JPG'),(100526,NULL,NULL,NULL,'/cmsstatic/product/IMG_6796.JPG'),(100527,NULL,NULL,NULL,'/cmsstatic/product/IMG_6801.JPG'),(100528,NULL,NULL,NULL,'/cmsstatic/product/IMG_6870.JPG'),(100529,NULL,NULL,NULL,'/cmsstatic/product/IMG_6869.JPG'),(100530,NULL,NULL,NULL,'/cmsstatic/product/IMG_6871.JPG'),(100531,NULL,NULL,NULL,'/cmsstatic/product/IMG_6867.JPG'),(100532,NULL,NULL,NULL,'/cmsstatic/product/IMG_6656.JPG'),(100533,NULL,NULL,NULL,'/cmsstatic/product/IMG_6657.JPG'),(100534,NULL,NULL,NULL,'/cmsstatic/product/IMG_6653.JPG'),(100535,NULL,NULL,NULL,'/cmsstatic/product/IMG_6658.JPG'),(100550,NULL,NULL,NULL,'/cmsstatic/product/IMG_6833.JPG'),(100551,NULL,NULL,NULL,'/cmsstatic/product/IMG_6838.JPG'),(100552,NULL,NULL,NULL,'/cmsstatic/product/IMG_6837.JPG'),(100553,NULL,NULL,NULL,'/cmsstatic/product/IMG_6839.JPG'),(100554,NULL,NULL,NULL,'/cmsstatic/product/IMG_6841.JPG'),(100555,NULL,NULL,NULL,'/cmsstatic/product/IMG_6812.JPG'),(100556,NULL,NULL,NULL,'/cmsstatic/product/IMG_6702.JPG'),(100557,NULL,NULL,NULL,'/cmsstatic/product/IMG_6744.JPG'),(100558,NULL,NULL,NULL,'/cmsstatic/product/IMG_6768.JPG'),(100559,NULL,NULL,NULL,'/cmsstatic/product/IMG_6761.JPG'),(100560,NULL,NULL,NULL,'/cmsstatic/product/IMG_6724.JPG'),(100561,NULL,NULL,NULL,'/cmsstatic/product/IMG_6710.JPG'),(100562,NULL,NULL,NULL,'/cmsstatic/product/IMG_6674.JPG'),(100563,NULL,NULL,NULL,'/cmsstatic/product/IMG_6717.JPG'),(100564,NULL,NULL,NULL,'/cmsstatic/product/IMG_6730.JPG'),(100565,NULL,NULL,NULL,'/cmsstatic/product/IMG_6650.JPG'),(100566,NULL,NULL,NULL,'/cmsstatic/product/IMG_6681.JPG'),(100567,NULL,NULL,NULL,'/cmsstatic/product/IMG_6878.JPG'),(100568,NULL,NULL,NULL,'/cmsstatic/product/IMG_6851.JPG'),(100569,NULL,NULL,NULL,'/cmsstatic/product/IMG_6852.JPG'),(100570,NULL,NULL,NULL,'/cmsstatic/product/IMG_6794.JPG'),(100571,NULL,NULL,NULL,'/cmsstatic/product/IMG_6774.JPG'),(100572,NULL,NULL,NULL,'/cmsstatic/product/IMG_6818.JPG'),(100573,NULL,NULL,NULL,'/cmsstatic/product/IMG_6781.JPG'),(100574,NULL,NULL,NULL,'/cmsstatic/product/IMG_6919.JPG'),(100575,NULL,NULL,NULL,'/cmsstatic/product/IMG_7016.JPG'),(100576,NULL,NULL,NULL,'/cmsstatic/product/IMG_7017.JPG'),(100577,NULL,NULL,NULL,'/cmsstatic/product/IMG_7000.JPG'),(100578,NULL,NULL,NULL,'/cmsstatic/product/IMG_7027.JPG'),(100579,NULL,NULL,NULL,'/cmsstatic/product/IMG_6983.JPG'),(100580,NULL,NULL,NULL,'/cmsstatic/product/IMG_7050.JPG'),(100581,NULL,NULL,NULL,'/cmsstatic/product/IMG_6934.JPG'),(100582,NULL,NULL,NULL,'/cmsstatic/product/IMG_6935.JPG'),(100583,NULL,NULL,NULL,'/cmsstatic/product/IMG_7033.JPG'),(100584,NULL,NULL,NULL,'/cmsstatic/product/IMG_7034.JPG'),(100585,NULL,NULL,NULL,'/cmsstatic/product/IMG_6888.JPG'),(100586,NULL,NULL,NULL,'/cmsstatic/product/IMG_6889.JPG'),(100587,NULL,NULL,NULL,'/cmsstatic/product/IMG_6911.JPG'),(100588,NULL,NULL,NULL,'/cmsstatic/product/IMG_7009.JPG'),(100589,NULL,NULL,NULL,'/cmsstatic/product/IMG_7010.JPG'),(100590,NULL,NULL,NULL,'/cmsstatic/product/IMG_6991.JPG'),(100591,NULL,NULL,NULL,'/cmsstatic/product/IMG_7042.JPG'),(100592,NULL,NULL,NULL,'/cmsstatic/product/IMG_7043.JPG'),(100593,NULL,NULL,NULL,'/cmsstatic/product/IMG_6954.JPG'),(100594,NULL,NULL,NULL,'/cmsstatic/product/IMG_6901.JPG'),(100595,NULL,NULL,NULL,'/cmsstatic/product/IMG_6902.JPG'),(100596,NULL,NULL,NULL,'/cmsstatic/product/IMG_7057.JPG'),(100597,NULL,NULL,NULL,'/cmsstatic/product/IMG_7058.JPG'),(100598,NULL,NULL,NULL,'/cmsstatic/product/IMG_7056.JPG'),(100599,NULL,NULL,NULL,'/cmsstatic/product/IMG_6927.JPG'),(100600,NULL,NULL,NULL,'/cmsstatic/product/IMG_6945.JPG'),(100601,NULL,NULL,NULL,'/cmsstatic/product/IMG_7064.JPG'),(100602,NULL,NULL,NULL,'/cmsstatic/product/IMG_7065.JPG'),(100603,NULL,NULL,NULL,'/cmsstatic/product/IMG_7073.JPG'),(100604,NULL,NULL,NULL,'/cmsstatic/product/IMG_7083.JPG'),(100605,NULL,NULL,NULL,'/cmsstatic/product/IMG_7082.JPG'),(100606,NULL,NULL,NULL,'/cmsstatic/product/IMG_7097.JPG'),(100607,NULL,NULL,NULL,'/cmsstatic/product/IMG_7098.JPG'),(100608,NULL,NULL,NULL,'/cmsstatic/product/IMG_7125.JPG'),(100609,NULL,NULL,NULL,'/cmsstatic/product/IMG_7126.JPG'),(100610,NULL,NULL,NULL,'/cmsstatic/product/IMG_7089.JPG'),(100611,NULL,NULL,NULL,'/cmsstatic/product/IMG_7091.JPG'),(100612,NULL,NULL,NULL,'/cmsstatic/product/IMG_7121.JPG'),(100613,NULL,NULL,NULL,'/cmsstatic/product/IMG_7106.JPG'),(100614,NULL,NULL,NULL,'/cmsstatic/product/IMG_7110.JPG'),(100615,NULL,NULL,NULL,'/cmsstatic/product/IMG_7111.JPG'),(100616,NULL,NULL,NULL,'/cmsstatic/product/IMG_6824.JPG'),(100617,NULL,NULL,NULL,'/cmsstatic/product/IMG_6690.JPG'),(100618,NULL,NULL,NULL,'/cmsstatic/product/IMG_6859.JPG'),(100619,NULL,NULL,NULL,'/cmsstatic/product/IMG_6787.JPG'),(100620,NULL,NULL,NULL,'/cmsstatic/product/IMG_6643.JPG'),(100621,NULL,NULL,NULL,'/cmsstatic/product/IMG_6717.JPG'),(100622,NULL,NULL,NULL,'/cmsstatic/product/IMG_6832.JPG'),(100623,NULL,NULL,NULL,'/cmsstatic/product/IMG_6696.JPG'),(100624,NULL,NULL,NULL,'/cmsstatic/product/IMG_6737.JPG'),(100625,NULL,NULL,NULL,'/cmsstatic/product/IMG_6803.JPG'),(100626,NULL,NULL,NULL,'/cmsstatic/product/IMG_6802.JPG'),(100627,NULL,NULL,NULL,'/cmsstatic/product/IMG_6866.JPG'),(100628,NULL,NULL,NULL,'/cmsstatic/product/IMG_6659.JPG'),(100629,NULL,NULL,NULL,'/cmsstatic/product/IMG_6957.JPG'),(100633,NULL,NULL,NULL,'/cmsstatic/product/IMG_2678.JPG'),(100650,NULL,NULL,NULL,'/cmsstatic/product/IMG_9583.JPG'),(100651,NULL,NULL,NULL,'/cmsstatic/product/IMG_9579.JPG'),(100652,NULL,NULL,NULL,'/cmsstatic/product/IMG_9584.JPG'),(100653,NULL,NULL,NULL,'/cmsstatic/product/IMG_9587.JPG'),(100654,NULL,NULL,NULL,'/cmsstatic/product/IMG_9588.JPG'),(100655,NULL,NULL,NULL,'/cmsstatic/product/IMG_9595.JPG'),(100656,NULL,NULL,NULL,'/cmsstatic/product/IMG_9598.JPG'),(100657,NULL,NULL,NULL,'/cmsstatic/product/IMG_9602.JPG'),(100658,NULL,NULL,NULL,'/cmsstatic/product/IMG_9606.JPG');
/*!40000 ALTER TABLE `BLC_MEDIA` ENABLE KEYS */;
UNLOCK TABLES;

--
-- Dumping data for table `BLC_MODULE_CONFIGURATION`
--

LOCK TABLES `BLC_MODULE_CONFIGURATION` WRITE;
/*!40000 ALTER TABLE `BLC_MODULE_CONFIGURATION` DISABLE KEYS */;
INSERT INTO `BLC_MODULE_CONFIGURATION` (`MODULE_CONFIG_ID`, `ACTIVE_END_DATE`, `ACTIVE_START_DATE`, `ARCHIVED`, `CREATED_BY`, `DATE_CREATED`, `DATE_UPDATED`, `UPDATED_BY`, `CONFIG_TYPE`, `IS_DEFAULT`, `MODULE_NAME`, `MODULE_PRIORITY`) VALUES (-1,NULL,'2016-03-28 19:01:25',NULL,NULL,NULL,NULL,NULL,'SITE_MAP',1,'SITE_MAP',100);
/*!40000 ALTER TABLE `BLC_MODULE_CONFIGURATION` ENABLE KEYS */;
UNLOCK TABLES;

--
-- Dumping data for table `BLC_OFFER`
--

LOCK TABLES `BLC_OFFER` WRITE;
/*!40000 ALTER TABLE `BLC_OFFER` DISABLE KEYS */;
INSERT INTO `BLC_OFFER` (`OFFER_ID`, `APPLIES_WHEN_RULES`, `APPLIES_TO_RULES`, `APPLY_OFFER_TO_MARKED_ITEMS`, `APPLY_TO_SALE_PRICE`, `ARCHIVED`, `AUTOMATICALLY_ADDED`, `COMBINABLE_WITH_OTHER_OFFERS`, `OFFER_DELIVERY_TYPE`, `OFFER_DESCRIPTION`, `OFFER_DISCOUNT_TYPE`, `END_DATE`, `MARKETING_MESSASGE`, `MAX_USES_PER_CUSTOMER`, `MAX_USES`, `OFFER_NAME`, `OFFER_ITEM_QUALIFIER_RULE`, `OFFER_ITEM_TARGET_RULE`, `OFFER_PRIORITY`, `QUALIFYING_ITEM_MIN_TOTAL`, `REQUIRES_RELATED_TAR_QUAL`, `STACKABLE`, `START_DATE`, `TARGET_SYSTEM`, `TOTALITARIAN_OFFER`, `USE_NEW_FORMAT`, `OFFER_TYPE`, `USES`, `OFFER_VALUE`) VALUES (1000,NULL,NULL,0,0,'N',0,0,NULL,NULL,'PERCENT_OFF',NULL,'Get 10 % off on your first purchase',1,1,'First Buy',NULL,NULL,NULL,NULL,0,1,'2016-07-07 21:26:54',NULL,0,0,'ORDER',0,10.00000);
/*!40000 ALTER TABLE `BLC_OFFER` ENABLE KEYS */;
UNLOCK TABLES;

--
-- Dumping data for table `BLC_OFFER_AUDIT`
--

LOCK TABLES `BLC_OFFER_AUDIT` WRITE;
/*!40000 ALTER TABLE `BLC_OFFER_AUDIT` DISABLE KEYS */;
/*!40000 ALTER TABLE `BLC_OFFER_AUDIT` ENABLE KEYS */;
UNLOCK TABLES;

--
-- Dumping data for table `BLC_OFFER_CODE`
--

LOCK TABLES `BLC_OFFER_CODE` WRITE;
/*!40000 ALTER TABLE `BLC_OFFER_CODE` DISABLE KEYS */;
INSERT INTO `BLC_OFFER_CODE` (`OFFER_CODE_ID`, `ARCHIVED`, `MAX_USES`, `OFFER_CODE`, `END_DATE`, `START_DATE`, `USES`, `OFFER_ID`) VALUES (1000,'N',NULL,'FIRSTBUY',NULL,'2016-07-07 21:35:46',0,1000);
/*!40000 ALTER TABLE `BLC_OFFER_CODE` ENABLE KEYS */;
UNLOCK TABLES;

--
-- Dumping data for table `BLC_OFFER_INFO`
--

LOCK TABLES `BLC_OFFER_INFO` WRITE;
/*!40000 ALTER TABLE `BLC_OFFER_INFO` DISABLE KEYS */;
/*!40000 ALTER TABLE `BLC_OFFER_INFO` ENABLE KEYS */;
UNLOCK TABLES;

--
-- Dumping data for table `BLC_OFFER_INFO_FIELDS`
--

LOCK TABLES `BLC_OFFER_INFO_FIELDS` WRITE;
/*!40000 ALTER TABLE `BLC_OFFER_INFO_FIELDS` DISABLE KEYS */;
/*!40000 ALTER TABLE `BLC_OFFER_INFO_FIELDS` ENABLE KEYS */;
UNLOCK TABLES;

--
-- Dumping data for table `BLC_OFFER_ITEM_CRITERIA`
--

LOCK TABLES `BLC_OFFER_ITEM_CRITERIA` WRITE;
/*!40000 ALTER TABLE `BLC_OFFER_ITEM_CRITERIA` DISABLE KEYS */;
/*!40000 ALTER TABLE `BLC_OFFER_ITEM_CRITERIA` ENABLE KEYS */;
UNLOCK TABLES;

--
-- Dumping data for table `BLC_OFFER_RULE`
--

LOCK TABLES `BLC_OFFER_RULE` WRITE;
/*!40000 ALTER TABLE `BLC_OFFER_RULE` DISABLE KEYS */;
INSERT INTO `BLC_OFFER_RULE` (`OFFER_RULE_ID`, `MATCH_RULE`) VALUES (1,'customer.?registered==true&&customer.?loggedIn==true');
/*!40000 ALTER TABLE `BLC_OFFER_RULE` ENABLE KEYS */;
UNLOCK TABLES;

--
-- Dumping data for table `BLC_OFFER_RULE_MAP`
--

LOCK TABLES `BLC_OFFER_RULE_MAP` WRITE;
/*!40000 ALTER TABLE `BLC_OFFER_RULE_MAP` DISABLE KEYS */;
INSERT INTO `BLC_OFFER_RULE_MAP` (`OFFER_OFFER_RULE_ID`, `MAP_KEY`, `BLC_OFFER_OFFER_ID`, `OFFER_RULE_ID`) VALUES (1,'CUSTOMER',1000,1);
/*!40000 ALTER TABLE `BLC_OFFER_RULE_MAP` ENABLE KEYS */;
UNLOCK TABLES;

--
-- Dumping data for table `BLC_ORDER`
--

LOCK TABLES `BLC_ORDER` WRITE;
/*!40000 ALTER TABLE `BLC_ORDER` DISABLE KEYS */;
INSERT INTO `BLC_ORDER` (`ORDER_ID`, `CREATED_BY`, `DATE_CREATED`, `DATE_UPDATED`, `UPDATED_BY`, `EMAIL_ADDRESS`, `NAME`, `ORDER_NUMBER`, `IS_PREVIEW`, `ORDER_STATUS`, `ORDER_SUBTOTAL`, `SUBMIT_DATE`, `TAX_OVERRIDE`, `ORDER_TOTAL`, `TOTAL_SHIPPING`, `TOTAL_TAX`, `CURRENCY_CODE`, `CUSTOMER_ID`, `LOCALE_CODE`) VALUES (1451,393,'2016-08-07 07:57:53',NULL,NULL,NULL,NULL,NULL,NULL,'IN_PROCESS',NULL,NULL,NULL,NULL,NULL,NULL,'INR',393,'en_IN'),(1501,1172,'2016-08-09 05:07:49','2016-08-09 19:38:56',1172,'deepu.bansal@gmail.com',NULL,NULL,NULL,'IN_PROCESS',0.00000,NULL,NULL,0.00000,0.00000,0.00000,'INR',1172,'en_IN'),(1551,1202,'2016-08-09 06:20:48',NULL,NULL,NULL,NULL,NULL,NULL,'IN_PROCESS',NULL,NULL,NULL,NULL,NULL,NULL,'INR',1202,'en_IN'),(1601,1714,'2016-08-09 18:27:15','2016-08-09 18:28:50',1714,NULL,NULL,NULL,NULL,'IN_PROCESS',1099.00000,NULL,NULL,1099.00000,0.00000,0.00000,'INR',1714,'en_IN'),(1651,1105,'2016-08-09 19:42:29','2016-08-09 19:44:50',1105,'rohit.m.cool@gmail.com',NULL,NULL,NULL,'IN_PROCESS',4998.00000,NULL,NULL,4998.00000,0.00000,0.00000,'INR',1105,'en_IN'),(1652,1105,'2016-08-09 19:44:25',NULL,NULL,NULL,'wishlist',NULL,NULL,'NAMED',NULL,NULL,NULL,NULL,NULL,NULL,NULL,1105,'en_IN'),(1653,2033,'2016-08-09 23:43:31','2016-08-09 23:44:15',2033,NULL,NULL,NULL,NULL,'IN_PROCESS',2499.00000,NULL,NULL,2499.00000,0.00000,0.00000,'INR',2033,'en_IN'),(1654,2088,'2016-08-10 09:04:37',NULL,NULL,NULL,NULL,NULL,NULL,'IN_PROCESS',NULL,NULL,NULL,NULL,NULL,NULL,'INR',2088,'en_IN'),(1655,2120,'2016-08-10 17:10:24',NULL,NULL,NULL,NULL,NULL,NULL,'IN_PROCESS',NULL,NULL,NULL,NULL,NULL,NULL,'INR',2120,'en_IN'),(1656,2122,'2016-08-10 18:19:35','2016-08-10 18:29:01',2122,NULL,NULL,NULL,NULL,'IN_PROCESS',0.00000,NULL,NULL,0.00000,0.00000,0.00000,'INR',2122,'en_IN'),(1657,2234,'2016-08-11 12:29:49',NULL,NULL,NULL,NULL,NULL,NULL,'IN_PROCESS',NULL,NULL,NULL,NULL,NULL,NULL,'INR',2234,'en_IN'),(1658,2305,'2016-08-12 12:41:12','2016-08-12 12:44:53',2305,'gaurav.alugh@rbs.co.uk',NULL,NULL,NULL,'IN_PROCESS',499.00000,NULL,NULL,499.00000,0.00000,0.00000,'INR',2305,'en_IN'),(1659,2317,'2016-08-12 14:19:45','2016-08-12 14:26:19',2317,'Aradhana985@gmail.com',NULL,NULL,NULL,'IN_PROCESS',749.00000,NULL,NULL,749.00000,0.00000,0.00000,'INR',2317,'en_IN'),(1660,2406,'2016-08-13 21:21:55',NULL,NULL,NULL,NULL,NULL,NULL,'IN_PROCESS',NULL,NULL,NULL,NULL,NULL,NULL,'INR',2406,'en_IN'),(1662,2405,'2016-08-13 21:40:20',NULL,NULL,NULL,NULL,NULL,NULL,'IN_PROCESS',NULL,NULL,NULL,NULL,NULL,NULL,'INR',2405,'en_IN'),(1663,2448,'2016-08-14 10:20:08',NULL,NULL,NULL,NULL,NULL,NULL,'IN_PROCESS',NULL,NULL,NULL,NULL,NULL,NULL,'INR',2448,'en_IN'),(1701,2701,'2016-08-14 11:01:14',NULL,NULL,NULL,NULL,NULL,NULL,'IN_PROCESS',NULL,NULL,NULL,NULL,NULL,NULL,'INR',2701,'en_IN'),(1751,2801,'2016-08-14 11:21:11',NULL,NULL,NULL,NULL,NULL,NULL,'IN_PROCESS',NULL,NULL,NULL,NULL,NULL,NULL,'INR',2801,'en_IN'),(1752,2805,'2016-08-14 12:00:52',NULL,NULL,NULL,NULL,NULL,NULL,'IN_PROCESS',NULL,NULL,NULL,NULL,NULL,NULL,'INR',2805,'en_IN'),(1753,1715,'2016-08-14 12:08:12',NULL,NULL,NULL,'wishlist',NULL,NULL,'NAMED',NULL,NULL,NULL,NULL,NULL,NULL,NULL,1715,'en_IN'),(1801,2901,'2016-08-14 12:39:42',NULL,NULL,NULL,NULL,NULL,NULL,'IN_PROCESS',NULL,NULL,NULL,NULL,NULL,NULL,'INR',2901,'en_IN'),(1802,2920,'2016-08-14 12:56:13',NULL,NULL,NULL,NULL,NULL,NULL,'IN_PROCESS',NULL,NULL,NULL,NULL,NULL,NULL,'INR',2920,'en_IN'),(1851,3013,'2016-08-14 18:11:27','2016-08-14 18:29:01',3013,NULL,NULL,NULL,NULL,'IN_PROCESS',1799.00000,NULL,NULL,1799.00000,0.00000,0.00000,'INR',3013,'en_IN'),(1902,3428,'2016-08-15 14:45:48',NULL,NULL,NULL,NULL,NULL,NULL,'IN_PROCESS',NULL,NULL,NULL,NULL,NULL,NULL,'INR',3428,'en_IN');
/*!40000 ALTER TABLE `BLC_ORDER` ENABLE KEYS */;
UNLOCK TABLES;

--
-- Dumping data for table `BLC_ORDER_ADJUSTMENT`
--

LOCK TABLES `BLC_ORDER_ADJUSTMENT` WRITE;
/*!40000 ALTER TABLE `BLC_ORDER_ADJUSTMENT` DISABLE KEYS */;
/*!40000 ALTER TABLE `BLC_ORDER_ADJUSTMENT` ENABLE KEYS */;
UNLOCK TABLES;

--
-- Dumping data for table `BLC_ORDER_ATTRIBUTE`
--

LOCK TABLES `BLC_ORDER_ATTRIBUTE` WRITE;
/*!40000 ALTER TABLE `BLC_ORDER_ATTRIBUTE` DISABLE KEYS */;
/*!40000 ALTER TABLE `BLC_ORDER_ATTRIBUTE` ENABLE KEYS */;
UNLOCK TABLES;

--
-- Dumping data for table `BLC_ORDER_ITEM`
--

LOCK TABLES `BLC_ORDER_ITEM` WRITE;
/*!40000 ALTER TABLE `BLC_ORDER_ITEM` DISABLE KEYS */;
INSERT INTO `BLC_ORDER_ITEM` (`ORDER_ITEM_ID`, `DISCOUNTS_ALLOWED`, `ITEM_TAXABLE_FLAG`, `NAME`, `ORDER_ITEM_TYPE`, `PRICE`, `QUANTITY`, `RETAIL_PRICE`, `RETAIL_PRICE_OVERRIDE`, `SALE_PRICE`, `SALE_PRICE_OVERRIDE`, `TOTAL_TAX`, `CATEGORY_ID`, `GIFT_WRAP_ITEM_ID`, `ORDER_ID`, `PARENT_ORDER_ITEM_ID`, `PERSONAL_MESSAGE_ID`) VALUES (1351,NULL,NULL,'Anushka','org.broadleafcommerce.core.order.domain.DiscreteOrderItem',1099.00000,1,1099.00000,NULL,1099.00000,NULL,NULL,10055,NULL,1601,NULL,NULL),(1401,NULL,NULL,'Natalie Princess Gown','org.broadleafcommerce.core.order.domain.DiscreteOrderItem',NULL,1,NULL,NULL,NULL,NULL,NULL,10056,NULL,1652,NULL,NULL),(1402,NULL,NULL,'Natalie Princess Gown','org.broadleafcommerce.core.order.domain.DiscreteOrderItem',2499.00000,1,2499.00000,NULL,2499.00000,NULL,NULL,10056,NULL,1651,NULL,NULL),(1403,NULL,NULL,'Natalie Princess Gown','org.broadleafcommerce.core.order.domain.DiscreteOrderItem',2499.00000,1,2499.00000,NULL,2499.00000,NULL,NULL,10056,NULL,1651,NULL,NULL),(1404,NULL,NULL,'Natalie Princess Gown','org.broadleafcommerce.core.order.domain.DiscreteOrderItem',2499.00000,1,2499.00000,NULL,2499.00000,NULL,NULL,10056,NULL,1653,NULL,NULL),(1406,NULL,NULL,'Elma','org.broadleafcommerce.core.order.domain.DiscreteOrderItem',499.00000,1,499.00000,NULL,NULL,NULL,NULL,10062,NULL,1658,NULL,NULL),(1407,NULL,NULL,'Jenna','org.broadleafcommerce.core.order.domain.DiscreteOrderItem',749.00000,1,749.00000,NULL,NULL,NULL,NULL,10058,NULL,1659,NULL,NULL),(1451,NULL,NULL,'Lillian','org.broadleafcommerce.core.order.domain.DiscreteOrderItem',NULL,1,NULL,NULL,NULL,NULL,NULL,10062,NULL,1753,NULL,NULL),(1501,NULL,NULL,'Roselyn','org.broadleafcommerce.core.order.domain.DiscreteOrderItem',1799.00000,1,1799.00000,NULL,1799.00000,NULL,NULL,10054,NULL,1851,NULL,NULL);
/*!40000 ALTER TABLE `BLC_ORDER_ITEM` ENABLE KEYS */;
UNLOCK TABLES;

--
-- Dumping data for table `BLC_ORDER_ITEM_ADD_ATTR`
--

LOCK TABLES `BLC_ORDER_ITEM_ADD_ATTR` WRITE;
/*!40000 ALTER TABLE `BLC_ORDER_ITEM_ADD_ATTR` DISABLE KEYS */;
/*!40000 ALTER TABLE `BLC_ORDER_ITEM_ADD_ATTR` ENABLE KEYS */;
UNLOCK TABLES;

--
-- Dumping data for table `BLC_ORDER_ITEM_ADJUSTMENT`
--

LOCK TABLES `BLC_ORDER_ITEM_ADJUSTMENT` WRITE;
/*!40000 ALTER TABLE `BLC_ORDER_ITEM_ADJUSTMENT` DISABLE KEYS */;
/*!40000 ALTER TABLE `BLC_ORDER_ITEM_ADJUSTMENT` ENABLE KEYS */;
UNLOCK TABLES;

--
-- Dumping data for table `BLC_ORDER_ITEM_ATTRIBUTE`
--

LOCK TABLES `BLC_ORDER_ITEM_ATTRIBUTE` WRITE;
/*!40000 ALTER TABLE `BLC_ORDER_ITEM_ATTRIBUTE` DISABLE KEYS */;
INSERT INTO `BLC_ORDER_ITEM_ATTRIBUTE` (`ORDER_ITEM_ATTRIBUTE_ID`, `NAME`, `VALUE`, `ORDER_ITEM_ID`) VALUES (1052,'SIZE','M',1406),(1053,'SIZE','L',1407);
/*!40000 ALTER TABLE `BLC_ORDER_ITEM_ATTRIBUTE` ENABLE KEYS */;
UNLOCK TABLES;

--
-- Dumping data for table `BLC_ORDER_ITEM_DTL_ADJ`
--

LOCK TABLES `BLC_ORDER_ITEM_DTL_ADJ` WRITE;
/*!40000 ALTER TABLE `BLC_ORDER_ITEM_DTL_ADJ` DISABLE KEYS */;
/*!40000 ALTER TABLE `BLC_ORDER_ITEM_DTL_ADJ` ENABLE KEYS */;
UNLOCK TABLES;

--
-- Dumping data for table `BLC_ORDER_ITEM_PRICE_DTL`
--

LOCK TABLES `BLC_ORDER_ITEM_PRICE_DTL` WRITE;
/*!40000 ALTER TABLE `BLC_ORDER_ITEM_PRICE_DTL` DISABLE KEYS */;
INSERT INTO `BLC_ORDER_ITEM_PRICE_DTL` (`ORDER_ITEM_PRICE_DTL_ID`, `QUANTITY`, `USE_SALE_PRICE`, `ORDER_ITEM_ID`) VALUES (51,1,1,1351),(101,1,1,1402),(102,1,1,1403),(103,1,1,1404),(105,1,1,1406),(106,1,1,1407),(151,1,1,1501);
/*!40000 ALTER TABLE `BLC_ORDER_ITEM_PRICE_DTL` ENABLE KEYS */;
UNLOCK TABLES;

--
-- Dumping data for table `BLC_ORDER_LOCK`
--

LOCK TABLES `BLC_ORDER_LOCK` WRITE;
/*!40000 ALTER TABLE `BLC_ORDER_LOCK` DISABLE KEYS */;
INSERT INTO `BLC_ORDER_LOCK` (`LOCK_KEY`, `ORDER_ID`, `LAST_UPDATED`, `LOCKED`) VALUES ('0eb6a0c8-f9ac-4e61-9e4e-24779d6379e4',1601,1470760129716,'N'),('120742a3-21a1-423a-a594-25e8ddf49bf2',1701,1471165435642,'N'),('45e4bed0-7a03-422f-a9f8-2db22c332496',1501,1470712114840,'N'),('708efe34-a4b7-4f9a-84be-0c683c7bbecb',1901,1471265148510,'N'),('708efe34-a4b7-4f9a-84be-0c683c7bbecb',1902,1471265189764,'N'),('7438d612-eba1-44e0-a132-966dae616b68',1851,1471192140629,'N'),('9aa4d421-a9a6-45ed-b085-a5931fa8b468',1501,1470812728527,'N'),('9aa4d421-a9a6-45ed-b085-a5931fa8b468',1651,1471021657144,'N'),('9aa4d421-a9a6-45ed-b085-a5931fa8b468',1653,1470779110992,'N'),('9aa4d421-a9a6-45ed-b085-a5931fa8b468',1654,1470812687345,'N'),('9aa4d421-a9a6-45ed-b085-a5931fa8b468',1656,1470847103927,'N'),('9aa4d421-a9a6-45ed-b085-a5931fa8b468',1657,1470911550182,'N'),('9aa4d421-a9a6-45ed-b085-a5931fa8b468',1658,1470998808643,'N'),('9aa4d421-a9a6-45ed-b085-a5931fa8b468',1659,1471004901604,'N'),('9aa4d421-a9a6-45ed-b085-a5931fa8b468',1661,1471117219994,'N'),('9aa4d421-a9a6-45ed-b085-a5931fa8b468',1663,1471163106732,'N'),('a9eee11a-8532-4e84-9a47-20b8220294da',1451,1470549486607,'N');
/*!40000 ALTER TABLE `BLC_ORDER_LOCK` ENABLE KEYS */;
UNLOCK TABLES;

--
-- Dumping data for table `BLC_ORDER_MULTISHIP_OPTION`
--

LOCK TABLES `BLC_ORDER_MULTISHIP_OPTION` WRITE;
/*!40000 ALTER TABLE `BLC_ORDER_MULTISHIP_OPTION` DISABLE KEYS */;
/*!40000 ALTER TABLE `BLC_ORDER_MULTISHIP_OPTION` ENABLE KEYS */;
UNLOCK TABLES;

--
-- Dumping data for table `BLC_ORDER_OFFER_CODE_XREF`
--

LOCK TABLES `BLC_ORDER_OFFER_CODE_XREF` WRITE;
/*!40000 ALTER TABLE `BLC_ORDER_OFFER_CODE_XREF` DISABLE KEYS */;
/*!40000 ALTER TABLE `BLC_ORDER_OFFER_CODE_XREF` ENABLE KEYS */;
UNLOCK TABLES;

--
-- Dumping data for table `BLC_ORDER_PAYMENT`
--

LOCK TABLES `BLC_ORDER_PAYMENT` WRITE;
/*!40000 ALTER TABLE `BLC_ORDER_PAYMENT` DISABLE KEYS */;
INSERT INTO `BLC_ORDER_PAYMENT` (`ORDER_PAYMENT_ID`, `AMOUNT`, `ARCHIVED`, `GATEWAY_TYPE`, `REFERENCE_NUMBER`, `PAYMENT_TYPE`, `ADDRESS_ID`, `ORDER_ID`) VALUES (151,9996.00000,'N','Temporary',NULL,'CREDIT_CARD',101,1651),(152,998.00000,'N','Temporary',NULL,'CREDIT_CARD',103,1658),(201,998.00000,'Y','Temporary',NULL,'CREDIT_CARD',151,NULL);
/*!40000 ALTER TABLE `BLC_ORDER_PAYMENT` ENABLE KEYS */;
UNLOCK TABLES;

--
-- Dumping data for table `BLC_ORDER_PAYMENT_TRANSACTION`
--

LOCK TABLES `BLC_ORDER_PAYMENT_TRANSACTION` WRITE;
/*!40000 ALTER TABLE `BLC_ORDER_PAYMENT_TRANSACTION` DISABLE KEYS */;
/*!40000 ALTER TABLE `BLC_ORDER_PAYMENT_TRANSACTION` ENABLE KEYS */;
UNLOCK TABLES;

--
-- Dumping data for table `BLC_PAGE`
--

LOCK TABLES `BLC_PAGE` WRITE;
/*!40000 ALTER TABLE `BLC_PAGE` DISABLE KEYS */;
INSERT INTO `BLC_PAGE` (`PAGE_ID`, `ACTIVE_END_DATE`, `ACTIVE_START_DATE`, `CREATED_BY`, `DATE_CREATED`, `DATE_UPDATED`, `UPDATED_BY`, `DESCRIPTION`, `EXCLUDE_FROM_SITE_MAP`, `FULL_URL`, `META_DESCRIPTION`, `META_TITLE`, `OFFLINE_FLAG`, `PRIORITY`, `PAGE_TMPLT_ID`) VALUES (1,NULL,NULL,NULL,NULL,NULL,NULL,'About Us',NULL,'/about_us',NULL,NULL,NULL,NULL,1),(2,NULL,NULL,NULL,NULL,NULL,NULL,'FAQ',NULL,'/faq',NULL,NULL,NULL,NULL,1),(3,NULL,NULL,NULL,NULL,'2016-04-04 13:07:17',-1,'New to Renting',NULL,'/new-to-renting',NULL,NULL,NULL,NULL,1);
/*!40000 ALTER TABLE `BLC_PAGE` ENABLE KEYS */;
UNLOCK TABLES;

--
-- Dumping data for table `BLC_PAGE_ATTRIBUTES`
--

LOCK TABLES `BLC_PAGE_ATTRIBUTES` WRITE;
/*!40000 ALTER TABLE `BLC_PAGE_ATTRIBUTES` DISABLE KEYS */;
/*!40000 ALTER TABLE `BLC_PAGE_ATTRIBUTES` ENABLE KEYS */;
UNLOCK TABLES;

--
-- Dumping data for table `BLC_PAGE_FLD`
--

LOCK TABLES `BLC_PAGE_FLD` WRITE;
/*!40000 ALTER TABLE `BLC_PAGE_FLD` DISABLE KEYS */;
INSERT INTO `BLC_PAGE_FLD` (`PAGE_FLD_ID`, `CREATED_BY`, `DATE_CREATED`, `DATE_UPDATED`, `UPDATED_BY`, `FLD_KEY`, `LOB_VALUE`, `VALUE`, `PAGE_ID`) VALUES (1,NULL,NULL,'2016-08-14 10:38:23',-1,'body','<p>How amazing would it feel to have a new dress any time you want it? Think this and then think that all this happens at a fraction of cost of those dresses!\r\n</p>\r\n<p>We at FitnFash believe in providing affordable luxury to you offering clothes on rent for all your special occasions. Find all the latest ethnic, indo-western and western wear in our closet. Choose to be a fashionista everytime you walk out of your door.\r\n</p>\r\n<p>We are strong believers of the idea that we dont have to own a piece of cloth to enjoy its luxury. We completely believe that cloth-renting solutions will bring about a remarkable change in the way we consume them and how it impacts the environment.\r\n</p>\r\n<p>Place a booking request online, we will deliver the dress at your doorstep and even pick it back after the event.\r\n</p>\r\n<p>Hygiene? Never even worry about it. We are an immaculate breed. Rest assured, every dress reaching you is dry cleaned and ready to wear.\r\n</p>',NULL,1),(2,NULL,NULL,'2016-08-14 10:38:23',-1,'title',NULL,'About Us',1),(3,NULL,NULL,'2016-08-14 10:37:37',-1,'body','<dl>\r\n	<dt>+  How do we use FitnFash?</dt>\r\n	<dd>\r\n	<p> It is simple! Just select the date to wear and book the available dress of your choosing. You will also get an option of selecting an alternative wear. You can opt to get a free demo of the dress(es)\r\n	</p>\r\n	<p>If your dress is customizable, we will take your measurements the same day as the demo and get the chosen dress tailor-fitted for you. For non-customizable dresses, we will only come and show you the real dress, thus, demo is optional for them\r\n	</p>\r\n	<p>The dress will be delivered one-day in advance of the event date\r\n	</p>\r\n	<p>Adorn your favourite dress on your special occasion. We will come to pick it back after one day of the event date.\r\n	</p>\r\n	</dd>\r\n</dl>\r\n<dl>\r\n	<dt>+  What is the difference between Product Retail Price and its Rental Price?</dt>\r\n	<dd>\r\n	<p> The Product Retail Price is how much the dress costs in the market, while its Rental Price is the one time usage amount for that dress. In other words, Rental price is the amount for which we are making that dress available to you for one-time wear.\r\n	</p>\r\n	</dd>\r\n</dl>\r\n<dl>\r\n	<dt>+  What is the minimum time before which I can book a dress?</dt>\r\n	<dd>\r\n	<p> Make sure you book a customizable ethnic dress at least 3 days before the event date, this is because we want one day for demo and fitting details, one day for getting it custom-fitted and one day for advance delivery\r\n	</p>\r\n	<p>A non-customizable outfit should ideally be booked 2 days prior to the even date, this is for demo and delivery. In case you dont need a demo, then 1 day advance booking is also available.\r\n	</p>\r\n	</dd>\r\n</dl>\r\n<dl>\r\n	<dt>+  What if I accidentally stain or damage a dress?</dt>\r\n	<dd>\r\n	<p> It totally depends on the kind of damage done to it. If it is just a regular damage which is expected with a wear, like a button/sequin/thread falling off, we will not charge anything from you and the entire security deposit will be refunded. But for a substantial loss, like staining beyond repair or tearing the dress, all of the security deposit will be charged.\r\n	</p>\r\n	</dd>\r\n</dl>\r\n<dl>\r\n	<dt>+  How do you clean the outfit before it arrives?</dt>\r\n	<dd>\r\n	<p> Each and every dress, once picked back from a customer is sent for hygiene wash and dry-cleaning. No dress is shown available for booking without being dry-cleaned first.\r\n	</p>\r\n	</dd>\r\n</dl>\r\n<dl>\r\n	<dt>+  Can I make cash payments for booking a dress with FitnFash?</dt>\r\n	<dd>\r\n	<p> No, we only accept online modes of payment: debit/credit card and netbanking.\r\n	</p>\r\n	</dd>\r\n</dl>\r\n<dl>\r\n	<dt>+  How long do I get to keep the outfit?</dt>\r\n	<dd>\r\n	<p> The booked dress will be delivered to you one day before the event date. And the pick-up is arranged one day after the event date.\r\n	</p>\r\n	</dd>\r\n</dl>\r\n<dl>\r\n	<dt>+  What if I need an outfit for a longer period?</dt>\r\n	<dd>\r\n	<p> We have a fixed period of dress locking with a customer. But if there is a special need, you can call us and we will try our best to accommodate your request to increase the time period.\r\n	</p>\r\n	</dd>\r\n</dl>\r\n<dl>\r\n	<dt>+  What if I still end up with an outfit that doesnt fit me?</dt>\r\n	<dd>\r\n	<p> Non-customizable ethnic and Western wear comes with a standard size chart and the dress of selected size will be delivered to you\r\n	</p>\r\n	<p>In case of customizable ethnic wear, if you are not satisfied with the fittings, you can raise alarm at the time of delivery and write back to our customer care at info@fitnfash.com. We will make sure that we get the dress fitted again and deliver it back on or before the event date.\r\n	</p>\r\n	</dd>\r\n</dl>\r\n<dl>\r\n	<dt>+  What if I change my mind after making a booking? Can I cancel it?</dt>\r\n	<dd>\r\n	<p> Yes you can cancel it anytime before the demo is completed. Once the demo is completed, and you attempt to cancel it, then we will charge you a minimum cancellation fee, as per our policy.\r\n	</p>\r\n	</dd>\r\n</dl>\r\n<dl>\r\n	<dt>+  Will my money be refunded for a cancelled order?</dt>\r\n	<dd>\r\n	<p> All your money will be refunded if the booking is cancelled before the demo of the dress is completed.\r\nIf you cancel your booking after we have completed a demo, then a minimum cancellation charges will be levied on you and the rest of the money will be refunded to your account.\r\n	</p>\r\n	</dd>\r\n</dl>\r\n<dl>\r\n	<dt>+  What if I want to change the event date (for which the booking has already been made)?</dt>\r\n	<dd>\r\n	<p> You can cancel your existing order and make a fresh booking for the new event date. Although in such a case there is a possibility that the same dress might not be available for that day!\r\n	</p>\r\n	</dd>\r\n</dl>\r\n<dl>\r\n	<dt>+  What time will my outfit reach me?</dt>\r\n	<dd>\r\n	<p> The delivery boy will contact you and attempt the dress delivery one day prior to the event date at the time of your convenience.\r\n	</p>\r\n	</dd>\r\n</dl>\r\n<dl>\r\n	<dt>+  How do I return my outfit?</dt>\r\n	<dd>\r\n	<p> The Pick-up boy will contact you and attempt to pick the dress one day after the event date at the time of your convenience.\r\n	</p>\r\n	</dd>\r\n</dl>\r\n<dl>\r\n	<dt>+  Can my outfit be picked back from another address (to which it wasnt initially booked)?</dt>\r\n	<dd>\r\n	<p> Yes, it is possible. Mark a mail to our customer care info@fitnfash.com mentioning your Order number and new pick up address at least one day in advance. We will arrange it.\r\n	</p>\r\n	</dd>\r\n</dl>\r\n<dl>\r\n	<dt>+  Can I reschedule delivery?</dt>\r\n	<dd>\r\n	<p> This is not possible since the delivery of  a dress is related to its event date. And to change your event date you have to cancel your existing order and create a new order.\r\n	</p>\r\n	</dd>\r\n</dl>\r\n<dl>\r\n	<dt>+  What is the purpose of Demo of dress(es)?</dt>\r\n	<dd>\r\n	<p> We schedule demo of the booked dress and the alternative wear mainly for the following reasons:\r\nSo you have a feel of the fabric and how it looks.\r\nSo you can select between the chosen dress and alternative wear.\r\nIn case of customizable outfit, we will take your measurements and deliver the finished dress.\r\n	</p>\r\n	</dd>\r\n</dl>\r\n<dl>\r\n	<dt>+  What if the alternative wear i choose has a higher price than the main dress and I choose to go for alternate wear after demo?</dt>\r\n	<dd>\r\n	<p> If you choose to go for alternative wear with a higher price then you can avail it for delivery only after online payment of the difference in amount.\r\n	</p>\r\n	</dd>\r\n</dl>',NULL,2),(4,NULL,NULL,NULL,NULL,'body',NULL,'<h2 style=\"text-align:center;\">This is an example of a content-managed page.</h2>',3),(1000,-1,'2016-04-04 13:07:17','2016-04-04 13:07:17',NULL,'title',NULL,NULL,3),(1050,-1,'2016-08-14 10:37:37','2016-08-14 10:37:37',NULL,'title',NULL,'FAQs',2);
/*!40000 ALTER TABLE `BLC_PAGE_FLD` ENABLE KEYS */;
UNLOCK TABLES;

--
-- Dumping data for table `BLC_PAGE_ITEM_CRITERIA`
--

LOCK TABLES `BLC_PAGE_ITEM_CRITERIA` WRITE;
/*!40000 ALTER TABLE `BLC_PAGE_ITEM_CRITERIA` DISABLE KEYS */;
/*!40000 ALTER TABLE `BLC_PAGE_ITEM_CRITERIA` ENABLE KEYS */;
UNLOCK TABLES;

--
-- Dumping data for table `BLC_PAGE_RULE`
--

LOCK TABLES `BLC_PAGE_RULE` WRITE;
/*!40000 ALTER TABLE `BLC_PAGE_RULE` DISABLE KEYS */;
/*!40000 ALTER TABLE `BLC_PAGE_RULE` ENABLE KEYS */;
UNLOCK TABLES;

--
-- Dumping data for table `BLC_PAGE_RULE_MAP`
--

LOCK TABLES `BLC_PAGE_RULE_MAP` WRITE;
/*!40000 ALTER TABLE `BLC_PAGE_RULE_MAP` DISABLE KEYS */;
/*!40000 ALTER TABLE `BLC_PAGE_RULE_MAP` ENABLE KEYS */;
UNLOCK TABLES;

--
-- Dumping data for table `BLC_PAGE_TMPLT`
--

LOCK TABLES `BLC_PAGE_TMPLT` WRITE;
/*!40000 ALTER TABLE `BLC_PAGE_TMPLT` DISABLE KEYS */;
INSERT INTO `BLC_PAGE_TMPLT` (`PAGE_TMPLT_ID`, `TMPLT_DESCR`, `TMPLT_NAME`, `TMPLT_PATH`, `LOCALE_CODE`) VALUES (-3,'Outputs the body field.','NONE','NONE',NULL),(1,'This template provides a basic layout with header and footer surrounding the content and title.','Basic Template','/content/default',NULL);
/*!40000 ALTER TABLE `BLC_PAGE_TMPLT` ENABLE KEYS */;
UNLOCK TABLES;

--
-- Dumping data for table `BLC_PAYMENT_LOG`
--

LOCK TABLES `BLC_PAYMENT_LOG` WRITE;
/*!40000 ALTER TABLE `BLC_PAYMENT_LOG` DISABLE KEYS */;
/*!40000 ALTER TABLE `BLC_PAYMENT_LOG` ENABLE KEYS */;
UNLOCK TABLES;

--
-- Dumping data for table `BLC_PERSONAL_MESSAGE`
--

LOCK TABLES `BLC_PERSONAL_MESSAGE` WRITE;
/*!40000 ALTER TABLE `BLC_PERSONAL_MESSAGE` DISABLE KEYS */;
INSERT INTO `BLC_PERSONAL_MESSAGE` (`PERSONAL_MESSAGE_ID`, `MESSAGE`, `MESSAGE_FROM`, `MESSAGE_TO`, `OCCASION`) VALUES (101,NULL,NULL,NULL,NULL),(102,NULL,NULL,NULL,NULL),(103,NULL,NULL,NULL,NULL),(104,NULL,NULL,NULL,NULL),(105,NULL,NULL,NULL,NULL),(106,NULL,NULL,NULL,NULL),(107,NULL,NULL,NULL,NULL),(108,NULL,NULL,NULL,NULL),(109,NULL,NULL,NULL,NULL),(110,NULL,NULL,NULL,NULL);
/*!40000 ALTER TABLE `BLC_PERSONAL_MESSAGE` ENABLE KEYS */;
UNLOCK TABLES;

--
-- Dumping data for table `BLC_PGTMPLT_FLDGRP_XREF`
--

LOCK TABLES `BLC_PGTMPLT_FLDGRP_XREF` WRITE;
/*!40000 ALTER TABLE `BLC_PGTMPLT_FLDGRP_XREF` DISABLE KEYS */;
INSERT INTO `BLC_PGTMPLT_FLDGRP_XREF` (`PG_TMPLT_FLD_GRP_ID`, `GROUP_ORDER`, `FLD_GROUP_ID`, `PAGE_TMPLT_ID`) VALUES (1,0.000000,1,1),(2,0.000000,-3,-3);
/*!40000 ALTER TABLE `BLC_PGTMPLT_FLDGRP_XREF` ENABLE KEYS */;
UNLOCK TABLES;

--
-- Dumping data for table `BLC_PHONE`
--

LOCK TABLES `BLC_PHONE` WRITE;
/*!40000 ALTER TABLE `BLC_PHONE` DISABLE KEYS */;
INSERT INTO `BLC_PHONE` (`PHONE_ID`, `COUNTRY_CODE`, `EXTENSION`, `IS_ACTIVE`, `IS_DEFAULT`, `PHONE_NUMBER`) VALUES (101,NULL,NULL,1,0,'9999175430'),(102,NULL,NULL,1,0,'9999175430'),(103,NULL,NULL,1,0,'9891194083'),(104,NULL,NULL,1,0,'9891194083'),(105,NULL,NULL,1,0,'09891168243'),(106,NULL,NULL,1,0,'09891168243'),(107,NULL,NULL,1,0,'09891168243'),(108,NULL,NULL,1,0,'09891168243'),(109,NULL,NULL,1,0,'09891168243'),(110,NULL,NULL,1,0,'09891168243'),(111,NULL,NULL,1,0,'09891168243'),(112,NULL,NULL,1,0,'09891168243'),(151,NULL,NULL,1,0,'9891194083'),(152,NULL,NULL,1,0,'9891194083');
/*!40000 ALTER TABLE `BLC_PHONE` ENABLE KEYS */;
UNLOCK TABLES;

--
-- Dumping data for table `BLC_PRODUCT`
--

LOCK TABLES `BLC_PRODUCT` WRITE;
/*!40000 ALTER TABLE `BLC_PRODUCT` DISABLE KEYS */;
INSERT INTO `BLC_PRODUCT` (`PRODUCT_ID`, `ARCHIVED`, `CAN_SELL_WITHOUT_OPTIONS`, `DISPLAY_TEMPLATE`, `IS_FEATURED_PRODUCT`, `MANUFACTURE`, `MODEL`, `OVERRIDE_GENERATED_URL`, `URL`, `URL_KEY`, `DEFAULT_CATEGORY_ID`, `DEFAULT_SKU_ID`) VALUES (10150,'N',1,NULL,0,NULL,NULL,0,'/western/short-dress/florence-short-dress',NULL,10061,10150),(10151,'N',1,NULL,0,NULL,NULL,0,'/western/western-gown/rose-pearl-gown',NULL,10058,10154),(10200,'N',1,NULL,0,NULL,NULL,0,'/western/crop-top-skirt/anna-crop-top-and-skirt',NULL,10059,10200),(10201,'N',0,NULL,0,NULL,NULL,0,'/western/short-dress/blossom-short-dress',NULL,10061,10204),(10202,'N',1,NULL,0,NULL,NULL,0,'/western/skater/lillian-skater-dress',NULL,10062,10208),(10203,'N',0,NULL,0,NULL,NULL,0,'/western/skater/grace-skater-dress',NULL,10062,10212),(10204,'N',1,NULL,0,NULL,NULL,0,'/western/crop-top-skirt/julia-crop-top-and-skirt',NULL,10059,10216),(10205,'N',1,NULL,0,NULL,NULL,0,'/western/skater/edna-skater-dress',NULL,10062,10220),(10206,'N',1,NULL,0,NULL,NULL,0,'/western/skater/nellie-skater-dress',NULL,10062,10224),(10207,'N',0,NULL,0,NULL,NULL,0,'/western/skater/elma-skater-dress',NULL,10062,10228),(10208,'N',0,NULL,0,NULL,NULL,0,'/western/short-dress/irene-short-dress',NULL,10061,10232),(10209,'N',0,NULL,0,NULL,NULL,0,'/western/skater/fanny-skater-dress',NULL,10062,10236),(10210,'N',0,NULL,0,NULL,NULL,0,'/western/short-dress/stella-short-dress',NULL,10061,10240),(10211,'N',0,NULL,0,NULL,NULL,0,'/western/western-gown/eva-gown',NULL,10062,10244),(10212,'N',0,NULL,0,NULL,NULL,0,'/western/jumpsuit/bernice-jumpsuit',NULL,10060,10248),(10213,'N',0,NULL,0,NULL,NULL,0,'/western/western-gown/loretta-gown',NULL,10058,10252),(10214,'N',0,NULL,0,NULL,NULL,0,'/western/western-gown/jenna-gown',NULL,10058,10256),(10215,'N',0,NULL,0,NULL,NULL,0,'/western/western-gown/bertha-gown',NULL,10058,10260),(10216,'N',0,NULL,0,NULL,NULL,0,'/western/short-dress/nettie',NULL,10061,10261),(10217,'N',0,NULL,0,NULL,NULL,0,'/western/skater/pauline-skater-dress',NULL,10062,10265),(10218,'N',0,NULL,0,NULL,NULL,0,'/ethnic/gown/adeleprincessgown',NULL,10056,10269),(10219,'N',0,NULL,0,NULL,NULL,0,'/ethnic/gown/natalieprincessgown',NULL,10056,10270),(10220,'N',0,NULL,0,NULL,NULL,0,'/ethnic/gown/evangelineprincessgown',NULL,10056,10271),(10221,'N',0,NULL,0,NULL,NULL,0,'/ethnic/gown/anastasiaprincessgown',NULL,10056,10272),(10222,'N',0,NULL,0,NULL,NULL,0,'/ethnic/lehenga-lancha/roselyn',NULL,10054,10273),(10223,'N',0,NULL,0,NULL,NULL,0,'/ethnic/indo-western-anarkali/suruthi',NULL,10053,10274),(10224,'N',0,NULL,0,NULL,NULL,0,'/ethnic/lehenga-lancha/manorama',NULL,10054,10275),(10225,'N',0,NULL,0,NULL,NULL,0,'/ethnic/lehenga-lancha/kamya',NULL,10054,10276),(10226,'N',0,NULL,0,NULL,NULL,0,'/ethnic/indo-western-anarkali/suruchiblue',NULL,10053,10277),(10227,'N',0,NULL,0,NULL,NULL,0,'/ethnic/indo-western-anarkali/chandrika',NULL,10053,10279),(10228,'N',0,NULL,0,NULL,NULL,0,'/ethnic/indo-western-anarkali/mastani',NULL,10105,10280),(10229,'N',0,NULL,0,NULL,NULL,0,'/ethnic/indo-western-anarkali/mugdha-anarkali',NULL,10053,10281),(10230,'N',0,NULL,0,NULL,NULL,0,'/ethnic/indo-western-anarkali/suruchirose',NULL,10053,10282),(10231,'N',0,NULL,0,NULL,NULL,0,'/ethnic/indo-western-anarkali/taapsi',NULL,10053,10283),(10232,'N',0,NULL,0,NULL,NULL,0,'/ethnic/indo-western-anarkali/surabhi',NULL,10053,10284),(10233,'N',0,NULL,0,NULL,NULL,0,'/ethnic/lehenga-lancha/ambika',NULL,10054,10285),(10234,'N',0,NULL,0,NULL,NULL,0,'/ethnic/indo-western-anarkali/bhumika',NULL,10053,10286),(10235,'N',0,NULL,0,NULL,NULL,0,'/ethnic/lehenga-lancha/amrita',NULL,10054,10287),(10236,'N',0,NULL,0,NULL,NULL,0,'/ethnic/lehenga-lancha/poorva',NULL,10054,10288),(10237,'N',0,NULL,0,NULL,NULL,0,'/ethnic/lehenga-lancha/amaira',NULL,10054,10289),(10238,'N',0,NULL,0,NULL,NULL,0,'/ethnic/lehenga-lancha/antra',NULL,10054,10290),(10239,'N',0,NULL,0,NULL,NULL,0,'/ethnic/lehenga-lancha/nitya',NULL,10054,10291),(10240,'N',0,NULL,0,NULL,NULL,0,'/ethnic/saree/anushka',NULL,10055,10292),(10241,'N',0,NULL,0,NULL,NULL,0,'/ethnic/saree/vashnavi',NULL,10055,10293),(10242,'N',0,NULL,0,NULL,NULL,0,'/ethnic/saree/indranifuchsia',NULL,10055,10294),(10243,'N',0,NULL,0,NULL,NULL,0,'/ethnic/saree/vasundhara',NULL,10055,10295),(10244,'N',0,NULL,0,NULL,NULL,0,'/ethnic/saree/indranitarquoise',NULL,10055,10296),(10245,'N',0,NULL,0,NULL,NULL,0,'/ethnic/saree/rasika',NULL,10055,10297),(10246,'N',0,NULL,0,NULL,NULL,0,'/western/short-dress/evelyn-short-dress',NULL,10061,10298),(10247,'N',0,NULL,0,NULL,NULL,0,'/western/short-dress/susan-short-dress',NULL,10061,10300),(10248,'N',0,NULL,0,NULL,NULL,0,'/western/skater/lizzi-skater-dress',NULL,10062,10304),(10249,'N',0,NULL,0,NULL,NULL,0,'/western/western-gown/sarah-gown',NULL,10058,10306),(10250,'N',0,NULL,0,NULL,NULL,0,'/western/short-dress/frieda-short-dress',NULL,10061,10308),(10251,'N',0,NULL,0,NULL,NULL,0,'/western/short-dress/doris-short-dress',NULL,10061,10310),(10252,'N',0,NULL,0,NULL,NULL,0,'/western/jumpsuit/isabell-jumpsuit',NULL,10060,10314),(10253,'N',0,NULL,0,NULL,NULL,0,'/western/short-dress/sallywhite-short-dress',NULL,10061,10318),(10254,'N',0,NULL,0,NULL,NULL,0,'/western/short-dress/sallyred-short-dress',NULL,10061,10320),(10255,'N',0,NULL,0,NULL,NULL,0,'/western/crop-top-skirt/delihlah-crop-top-and-skirt',NULL,10059,10322),(10256,'N',0,NULL,0,NULL,NULL,0,'/western/western-gown/opal-gown',NULL,10058,10324),(10257,'N',0,NULL,0,NULL,NULL,0,'/western/short-dress/chloe-short-dress',NULL,10061,10328),(10300,'N',0,NULL,0,NULL,NULL,0,'/ethnic/gown/green-gown',NULL,10056,10453),(10350,'N',0,NULL,0,NULL,NULL,0,'/accessories/white-pearl-set',NULL,10150,10500),(10351,'N',0,NULL,0,NULL,NULL,0,'/accessories/pearl-set',NULL,10150,10501),(10352,'N',0,NULL,0,NULL,NULL,0,'/accessories/vintage-set',NULL,10150,10502),(10353,'N',0,NULL,0,NULL,NULL,0,'/accessories/white-and-golden-elegant-set',NULL,10150,10503),(10354,'N',0,NULL,0,NULL,NULL,0,'/accessories/white-and-golden-stone-set',NULL,10150,10504),(10355,'N',0,NULL,0,NULL,NULL,0,'/accessories/vintage-white-stone-earring',NULL,10150,10505),(10356,'N',0,NULL,0,NULL,NULL,0,'/accessories/vintage-gold-plated-earrings',NULL,10150,10506),(10357,'N',0,NULL,0,NULL,NULL,0,'/accessories/pink-crafted-earrings',NULL,10150,10507),(10358,'N',0,NULL,0,NULL,NULL,0,'/accessories/golden-jhumki',NULL,10150,10508);
/*!40000 ALTER TABLE `BLC_PRODUCT` ENABLE KEYS */;
UNLOCK TABLES;

--
-- Dumping data for table `BLC_PRODUCT_ATTRIBUTE`
--

LOCK TABLES `BLC_PRODUCT_ATTRIBUTE` WRITE;
/*!40000 ALTER TABLE `BLC_PRODUCT_ATTRIBUTE` DISABLE KEYS */;
INSERT INTO `BLC_PRODUCT_ATTRIBUTE` (`PRODUCT_ATTRIBUTE_ID`, `NAME`, `SEARCHABLE`, `VALUE`, `PRODUCT_ID`) VALUES (1000,'color',0,'black,white,brown',10204),(1001,'color',0,'beige,silver',10208),(1002,'tag',0,'popular,office',10208),(1003,'color',0,'blue,red,yellow,multicolour',10209),(1004,'tag',0,'picnic,party',10209),(1050,'color',0,'blue,golden',10225),(1051,'occasion',0,'Sagan,Wedding',10225),(1052,'occasion',0,'Wedding,Party',10245),(1100,'color',0,'pink,blue',10200),(1101,'color',0,'pink',10202),(1102,'color',0,'grey,black,red',10203),(1103,'color',0,'black,yellow',10205),(1104,'color',0,'blue,black,orange,green',10206),(1105,'color',0,'black,brown',10207),(1106,'color',0,'black',10210),(1107,'color',0,'black,peach',10211),(1108,'color',0,'black',10212),(1109,'color',0,'white',10213),(1110,'color',0,'black',10214),(1111,'color',0,'black',10215),(1112,'color',0,'black',10216),(1113,'color',0,'black',10217),(1114,'color',0,'golden',10218),(1115,'color',0,'brown,golden',10219),(1116,'color',0,'brown,golden',10220),(1117,'color',0,'blue,golden',10221),(1118,'color',0,'golden,floral',10222),(1150,'color',0,'orange',10223),(1151,'color',0,'pink',10224),(1152,'color',0,'blue',10226),(1153,'color',0,'golden,white',10227),(1154,'color',0,'orange,golden',10228),(1155,'color',0,'red',10229),(1156,'color',0,'pink',10230),(1157,'color',0,'maroon',10231),(1158,'color',0,'red',10232),(1159,'color',0,'red,golden',10233),(1160,'color',0,'blue,pink',10234),(1161,'color',0,'pink,golden,red',10235),(1162,'color',0,'orange,golden',10236),(1163,'color',0,'golden,pink,blue',10237),(1164,'color',0,'black,red',10239),(1165,'color',0,'red,golden',10240),(1166,'color',0,'golden,white,red',10241),(1167,'color',0,'pink,golden',10242),(1168,'color',0,'green,white,golden',10243),(1169,'color',0,'blue,golden',10244),(1170,'color',0,'golden,red',10245),(1171,'color',0,'black,white',10246),(1172,'color',0,'black,white',10247),(1173,'color',0,'yellow,multicolour',10248),(1174,'color',0,'black,white',10249),(1175,'color',0,'red',10250),(1176,'color',0,'beige',10251),(1177,'color',0,'white',10252),(1178,'color',0,'black,white',10253),(1179,'color',0,'red,black',10254),(1180,'color',0,'pink,blue',10255),(1181,'color',0,'yellow,black',10257),(1182,'color',0,'white',10256),(1200,'remark',0,'Item available in free size and can be fitted to maximum size 40.',10150),(1201,'Color',0,'Green',10300),(1202,'remark',0,'Item available in free size and can be fitted to maximum size 38.',10151),(1203,'remark',0,'Item available in free size and can be made fitted to 36-38 size',10200),(1204,'color',0,'blue',10150),(1205,'color',0,'pink',10151),(1206,'color',0,'Yellow',10201),(1207,'remark',0,'Item available in free size and can be fitted to maximum size 38.',10202),(1208,'remark',0,'Item available in free size and can be fitted to 36-38 size',10204),(1209,'remark',0,'Item available in free size and can be fitted to 34-36 size.',10205),(1210,'remark',0,'Item available in free size and can be fitted to 34-36 size.',10206),(1250,'tag',0,'fusion-frenzy',10151),(1251,'tag',0,'celebrity',10204),(1252,'tag',0,'celebrity',10205),(1253,'tag',0,'fusion-frenzy',10213),(1254,'tag',0,'fusion-frenzy',10214),(1255,'tag',0,'fusion-frenzy',10215),(1256,'tag',0,'celebrity',10246),(1257,'tag',0,'celebrity',10247),(1258,'tag',0,'fusion-frenzy',10249),(1259,'tag',0,'celebrity',10253),(1260,'tag',0,'celebrity',10254),(1261,'tag',0,'fusion-frenzy',10256),(1262,'tag',0,'fusion-frenzy,celebrity,popular',10218),(1263,'tag',0,'fusion-frenzy,celebrity,popular',10219),(1264,'tag',0,'fusion-frenzy,celebrity,popular',10221),(1265,'tag',0,'fusion-frenzy,celebrity',10220),(1266,'tag',0,'fusion-frenzy,celebrity',10222),(1267,'tag',0,'fusion-frenzy',10223),(1268,'tag',0,'fusion-frenzy',10224),(1269,'tag',0,'fusion-frenzy',10225),(1270,'tag',0,'fusion-frenzy',10226),(1271,'tag',0,'fusion-frenzy',10227),(1272,'tag',0,'fusion-frenzy',10228),(1273,'tag',0,'fusion-frenzy,celebrity',10229),(1274,'tag',0,'fusion-frenzy',10230),(1275,'tag',0,'fusion-frenzy,celebrity,popular',10231),(1276,'tag',0,'fusion-frenzy',10232),(1277,'tag',0,'fusion-frenzy',10236),(1278,'tag',0,'fusion-frenzy',10237),(1279,'tag',0,'fusion-frenzy',10239),(1280,'tag',0,'fusion-frenzy,celebrity,popular',10240),(1281,'tag',0,'fusion-frenzy,celebrity',10241),(1282,'tag',0,'fusion-frenzy,celebrity,popular',10242),(1283,'tag',0,'fusion-frenzy,celebrity,popular',10244),(1284,'tag',0,'fusion-frenzy,celebrity',10245),(1285,'tag',0,'fusion-frenzy,celebrity',10243);
/*!40000 ALTER TABLE `BLC_PRODUCT_ATTRIBUTE` ENABLE KEYS */;
UNLOCK TABLES;

--
-- Dumping data for table `BLC_PRODUCT_BUNDLE`
--

LOCK TABLES `BLC_PRODUCT_BUNDLE` WRITE;
/*!40000 ALTER TABLE `BLC_PRODUCT_BUNDLE` DISABLE KEYS */;
/*!40000 ALTER TABLE `BLC_PRODUCT_BUNDLE` ENABLE KEYS */;
UNLOCK TABLES;

--
-- Dumping data for table `BLC_PRODUCT_CROSS_SALE`
--

LOCK TABLES `BLC_PRODUCT_CROSS_SALE` WRITE;
/*!40000 ALTER TABLE `BLC_PRODUCT_CROSS_SALE` DISABLE KEYS */;
/*!40000 ALTER TABLE `BLC_PRODUCT_CROSS_SALE` ENABLE KEYS */;
UNLOCK TABLES;

--
-- Dumping data for table `BLC_PRODUCT_FEATURED`
--

LOCK TABLES `BLC_PRODUCT_FEATURED` WRITE;
/*!40000 ALTER TABLE `BLC_PRODUCT_FEATURED` DISABLE KEYS */;
/*!40000 ALTER TABLE `BLC_PRODUCT_FEATURED` ENABLE KEYS */;
UNLOCK TABLES;

--
-- Dumping data for table `BLC_PRODUCT_OPTION`
--

LOCK TABLES `BLC_PRODUCT_OPTION` WRITE;
/*!40000 ALTER TABLE `BLC_PRODUCT_OPTION` DISABLE KEYS */;
INSERT INTO `BLC_PRODUCT_OPTION` (`PRODUCT_OPTION_ID`, `ATTRIBUTE_NAME`, `DISPLAY_ORDER`, `ERROR_CODE`, `ERROR_MESSAGE`, `LABEL`, `VALIDATION_STRATEGY_TYPE`, `VALIDATION_TYPE`, `REQUIRED`, `OPTION_TYPE`, `USE_IN_SKU_GENERATION`, `VALIDATION_STRING`) VALUES (1000,'SIZE',NULL,NULL,NULL,'Size',NULL,NULL,1,'SIZE',1,NULL);
/*!40000 ALTER TABLE `BLC_PRODUCT_OPTION` ENABLE KEYS */;
UNLOCK TABLES;

--
-- Dumping data for table `BLC_PRODUCT_OPTION_VALUE`
--

LOCK TABLES `BLC_PRODUCT_OPTION_VALUE` WRITE;
/*!40000 ALTER TABLE `BLC_PRODUCT_OPTION_VALUE` DISABLE KEYS */;
INSERT INTO `BLC_PRODUCT_OPTION_VALUE` (`PRODUCT_OPTION_VALUE_ID`, `ATTRIBUTE_VALUE`, `DISPLAY_ORDER`, `PRICE_ADJUSTMENT`, `PRODUCT_OPTION_ID`) VALUES (1000,'L',NULL,NULL,1000),(1001,'S',NULL,NULL,1000),(1002,'M',NULL,NULL,1000);
/*!40000 ALTER TABLE `BLC_PRODUCT_OPTION_VALUE` ENABLE KEYS */;
UNLOCK TABLES;

--
-- Dumping data for table `BLC_PRODUCT_OPTION_XREF`
--

LOCK TABLES `BLC_PRODUCT_OPTION_XREF` WRITE;
/*!40000 ALTER TABLE `BLC_PRODUCT_OPTION_XREF` DISABLE KEYS */;
INSERT INTO `BLC_PRODUCT_OPTION_XREF` (`PRODUCT_OPTION_XREF_ID`, `PRODUCT_ID`, `PRODUCT_OPTION_ID`) VALUES (1151,10201,1000),(1153,10203,1000),(1157,10207,1000),(1158,10208,1000),(1159,10209,1000),(1160,10210,1000),(1161,10211,1000),(1162,10212,1000),(1163,10213,1000),(1164,10214,1000),(1165,10215,1000),(1166,10216,1000),(1167,10217,1000),(1168,10246,1000),(1169,10247,1000),(1170,10248,1000),(1171,10249,1000),(1172,10250,1000),(1173,10251,1000),(1174,10252,1000),(1175,10253,1000),(1176,10254,1000),(1177,10255,1000),(1178,10256,1000),(1179,10257,1000);
/*!40000 ALTER TABLE `BLC_PRODUCT_OPTION_XREF` ENABLE KEYS */;
UNLOCK TABLES;

--
-- Dumping data for table `BLC_PRODUCT_UP_SALE`
--

LOCK TABLES `BLC_PRODUCT_UP_SALE` WRITE;
/*!40000 ALTER TABLE `BLC_PRODUCT_UP_SALE` DISABLE KEYS */;
/*!40000 ALTER TABLE `BLC_PRODUCT_UP_SALE` ENABLE KEYS */;
UNLOCK TABLES;

--
-- Dumping data for table `BLC_QUAL_CRIT_OFFER_XREF`
--

LOCK TABLES `BLC_QUAL_CRIT_OFFER_XREF` WRITE;
/*!40000 ALTER TABLE `BLC_QUAL_CRIT_OFFER_XREF` DISABLE KEYS */;
/*!40000 ALTER TABLE `BLC_QUAL_CRIT_OFFER_XREF` ENABLE KEYS */;
UNLOCK TABLES;

--
-- Dumping data for table `BLC_QUAL_CRIT_PAGE_XREF`
--

LOCK TABLES `BLC_QUAL_CRIT_PAGE_XREF` WRITE;
/*!40000 ALTER TABLE `BLC_QUAL_CRIT_PAGE_XREF` DISABLE KEYS */;
/*!40000 ALTER TABLE `BLC_QUAL_CRIT_PAGE_XREF` ENABLE KEYS */;
UNLOCK TABLES;

--
-- Dumping data for table `BLC_QUAL_CRIT_SC_XREF`
--

LOCK TABLES `BLC_QUAL_CRIT_SC_XREF` WRITE;
/*!40000 ALTER TABLE `BLC_QUAL_CRIT_SC_XREF` DISABLE KEYS */;
/*!40000 ALTER TABLE `BLC_QUAL_CRIT_SC_XREF` ENABLE KEYS */;
UNLOCK TABLES;

--
-- Dumping data for table `BLC_RATING_DETAIL`
--

LOCK TABLES `BLC_RATING_DETAIL` WRITE;
/*!40000 ALTER TABLE `BLC_RATING_DETAIL` DISABLE KEYS */;
/*!40000 ALTER TABLE `BLC_RATING_DETAIL` ENABLE KEYS */;
UNLOCK TABLES;

--
-- Dumping data for table `BLC_RATING_SUMMARY`
--

LOCK TABLES `BLC_RATING_SUMMARY` WRITE;
/*!40000 ALTER TABLE `BLC_RATING_SUMMARY` DISABLE KEYS */;
/*!40000 ALTER TABLE `BLC_RATING_SUMMARY` ENABLE KEYS */;
UNLOCK TABLES;

--
-- Dumping data for table `BLC_REVIEW_DETAIL`
--

LOCK TABLES `BLC_REVIEW_DETAIL` WRITE;
/*!40000 ALTER TABLE `BLC_REVIEW_DETAIL` DISABLE KEYS */;
/*!40000 ALTER TABLE `BLC_REVIEW_DETAIL` ENABLE KEYS */;
UNLOCK TABLES;

--
-- Dumping data for table `BLC_REVIEW_FEEDBACK`
--

LOCK TABLES `BLC_REVIEW_FEEDBACK` WRITE;
/*!40000 ALTER TABLE `BLC_REVIEW_FEEDBACK` DISABLE KEYS */;
/*!40000 ALTER TABLE `BLC_REVIEW_FEEDBACK` ENABLE KEYS */;
UNLOCK TABLES;

--
-- Dumping data for table `BLC_ROLE`
--

LOCK TABLES `BLC_ROLE` WRITE;
/*!40000 ALTER TABLE `BLC_ROLE` DISABLE KEYS */;
INSERT INTO `BLC_ROLE` (`ROLE_ID`, `ROLE_NAME`) VALUES (1,'ROLE_USER');
/*!40000 ALTER TABLE `BLC_ROLE` ENABLE KEYS */;
UNLOCK TABLES;

--
-- Dumping data for table `BLC_SANDBOX`
--

LOCK TABLES `BLC_SANDBOX` WRITE;
/*!40000 ALTER TABLE `BLC_SANDBOX` DISABLE KEYS */;
INSERT INTO `BLC_SANDBOX` (`SANDBOX_ID`, `ARCHIVED`, `AUTHOR`, `COLOR`, `DESCRIPTION`, `GO_LIVE_DATE`, `SANDBOX_NAME`, `SANDBOX_TYPE`, `PARENT_SANDBOX_ID`) VALUES (1,'N',NULL,'#0B9098',NULL,NULL,'Default','DEFAULT',NULL),(2,'N',-1,NULL,NULL,NULL,'Default','USER',1);
/*!40000 ALTER TABLE `BLC_SANDBOX` ENABLE KEYS */;
UNLOCK TABLES;

--
-- Dumping data for table `BLC_SANDBOX_MGMT`
--

LOCK TABLES `BLC_SANDBOX_MGMT` WRITE;
/*!40000 ALTER TABLE `BLC_SANDBOX_MGMT` DISABLE KEYS */;
INSERT INTO `BLC_SANDBOX_MGMT` (`SANDBOX_MGMT_ID`, `SANDBOX_ID`) VALUES (1,1),(2,2);
/*!40000 ALTER TABLE `BLC_SANDBOX_MGMT` ENABLE KEYS */;
UNLOCK TABLES;

--
-- Dumping data for table `BLC_SC`
--

LOCK TABLES `BLC_SC` WRITE;
/*!40000 ALTER TABLE `BLC_SC` DISABLE KEYS */;
INSERT INTO `BLC_SC` (`SC_ID`, `CREATED_BY`, `DATE_CREATED`, `DATE_UPDATED`, `UPDATED_BY`, `CONTENT_NAME`, `OFFLINE_FLAG`, `PRIORITY`, `LOCALE_CODE`, `SC_TYPE_ID`) VALUES (100,1,'2016-06-14 14:13:21','2016-06-14 14:13:21',1,'Buy One Get One - Twice the Burn',0,5,'en',1),(101,1,'2016-06-14 14:13:21','2016-06-14 14:13:21',1,'Shirt Special - 20% off all shirts',0,1,'en',1),(102,1,'2016-06-14 14:13:21','2016-06-14 14:13:21',1,'Member Special - $10 off next order over $50',0,5,'en',1),(110,1,'2016-06-14 14:13:22','2016-06-14 14:13:22',1,'Home Page Snippet - Aficionado',0,5,'en',2),(130,1,'2016-06-14 14:13:22','2016-06-14 14:13:22',1,'Home Page Featured Products Title',0,5,'en',3),(140,1,'2016-06-14 14:13:22','2016-06-14 14:13:22',1,'RHS - The Essentials Collection',0,5,'en',4),(201,1,'2016-06-14 14:13:22','2016-06-14 14:13:22',1,'Home Page Head Section',0,10,'en',2),(202,1,'2016-06-14 14:13:22','2016-06-14 14:13:22',1,'How it works',0,10,'en',2),(203,1,'2016-06-14 14:13:22','2016-06-14 14:13:22',1,'Home page -imagesDiv',0,10,'en',2),(204,1,'2016-06-14 14:13:22','2016-06-14 14:13:22',1,'Home page Tracking Panel',0,10,'en',2),(1000,-1,'2016-08-04 17:59:30','2016-08-04 17:59:30',NULL,'Home page - Category Posters',0,10,'en',2),(1001,-1,'2016-08-04 18:01:17','2016-08-04 18:01:17',NULL,'Home page - StylishtPicks',0,10,'en',2);
/*!40000 ALTER TABLE `BLC_SC` ENABLE KEYS */;
UNLOCK TABLES;

--
-- Dumping data for table `BLC_SC_FLD`
--

LOCK TABLES `BLC_SC_FLD` WRITE;
/*!40000 ALTER TABLE `BLC_SC_FLD` DISABLE KEYS */;
INSERT INTO `BLC_SC_FLD` (`SC_FLD_ID`, `CREATED_BY`, `DATE_CREATED`, `DATE_UPDATED`, `UPDATED_BY`, `FLD_KEY`, `LOB_VALUE`, `VALUE`) VALUES (1,1,'2016-06-14 14:13:21',NULL,NULL,'imageUrl',NULL,'/img/banners/buy-one-get-one-home-banner.jpg'),(2,1,'2016-06-14 14:13:21',NULL,NULL,'targetUrl',NULL,'/hot-sauces'),(3,1,'2016-06-14 14:13:21',NULL,NULL,'imageUrl',NULL,'/img/banners/shirt-special.jpg'),(4,1,'2016-06-14 14:13:21',NULL,NULL,'targetUrl',NULL,'/merchandise'),(5,1,'2016-06-14 14:13:21',NULL,NULL,'imageUrl',NULL,'/img/banners/member-special.jpg'),(6,1,'2016-06-14 14:13:21',NULL,NULL,'targetUrl',NULL,'/register'),(9,1,'2016-06-14 14:13:22',NULL,NULL,'htmlContent',NULL,'<h2>HOT SAUCE AFICIONADO?</h2> Click to join our Heat Clinic Frequent Care Program. The place to get all the deals on burn treatment.'),(11,1,'2016-06-14 14:13:22',NULL,NULL,'messageText',NULL,'The Heat Clinic\'s Top Selling Sauces'),(12,1,'2016-06-14 14:13:22',NULL,NULL,'imageUrl',NULL,'/img/rhs-ad.jpg'),(13,1,'2016-06-14 14:13:22',NULL,NULL,'targetUrl',NULL,'/hot-sauces'),(101,1,'2016-06-14 14:13:22',NULL,NULL,'htmlContent','<section data-target=\"home\" id=\"woman\" class=\"fsrtdiv\">    <div class=\"wrapper\">      <div class=\"jpgrid_9 mrglft\">        <div class=\"hddgwrap\">          <div class=\"hdding\">So many options to<br>            <em>keep you looking fresh</em></div>          <div class=\"brrbtn\"><a href=\"#\">Borrow Now</a></div>        </div>        <div class=\"hmsrchwrap\">          <form action=\"\">            <input type=\"text\"  id=\"catppbtn\" placeholder=\"Select the category\" name=\" \" class=\"subsinpt cticns\">            <input type=\"text\" id=\"szppbtn\" placeholder=\"Select the size\" name=\" \" class=\"subsinpt szicns\">            <input type=\"submit\" class=\"subsinpt_btn\" id=\"Search\" value=\"Search\" name=\"send\">          </form>        </div>      </div>    </div>  </section>',NULL),(102,1,'2016-06-14 14:13:22',NULL,NULL,'htmlContent','<section data-target=\"how\" id=\"how\" class=\"scdiv\">    <div class=\"wrapper\">      <div class=\"jpgrid_9 mrglft\">        <div class=\"pghding\"><img src=\"/img/how-it-work.png\" alt=\"how it works\"></div>        <div class=\"pgtxtdv\">          <p>It is simple! Just select the date to wear one of our awesome dresses and book it. What\'s more? You can also select an alternative wear, at no extra cost. We will provide free Demo of both the dresses. You can choose to keep any one of them. We will get it custom-fitted.</p>          <div class=\"pcaps\">a happy you would mean a happy us!</div>        </div>        <div class=\"procss\">          <ul>            <li>              <div class=\"psimg\"><img src=\"/img/book.png\" alt=\"book\"></div>              <div class=\"pscnt\">1. Book<span>Book your dress</span></div>            </li>            <li>              <div class=\"psimg\"><img src=\"/img/demo.png\" alt=\"2. Demo &amp; fitting\"></div>              <div class=\"pscnt\">2. Demo &amp; fitting<span>Get a free demo of booked and alternative dress anytime before your booking date. We will get it tailor-fitted for you.</span></div>            </li>            <li>              <div class=\"psimg\"><img src=\"/img/delivery.png\" alt=\"Deleivery\"></div>              <div class=\"pscnt\">3. Delivery<span>Dress is Delivered one-day                 prior</span></div>            </li>            <li>              <div class=\"psimg\"><img src=\"/img/pick-up.png\" alt=\"Pick up\"></div>              <div class=\"pscnt\">4. pick up<span>Dress is picked for return one-day after</span></div>            </li>          </ul>        </div>        <div class=\"clear\"></div>        <div class=\"pgtxtdv\">          <p>We are a Monica-Geller-breed, and love to keep our things clean. Rest assured that every dress available online is dry-cleaned and ready to wear.</p>        </div>      </div>    </div>  </section>',NULL),(103,1,'2016-06-14 14:13:22',NULL,NULL,'htmlContent','<section data-target=\"resp\" id=\"resp\" class=\"frthdiv\">    <div class=\"wrapper\"> &nbsp; </div>  </section>  ',NULL),(104,1,'2016-06-14 14:13:22',NULL,NULL,'htmlContent','<div class=\"container-fluid page-saprator border-bottom tracking-aera\"> <div class=\"container\"> <div class=\"col-lg-3 col-lg-offset-1 t-center\"> <span class=\"icon-block-big sprite-image tracking-icon\"></span> <h3>Track Your Order</h3> </div> <div class=\"col-lg-4 t-center border-left-right\"> <span class=\"icon-block-big sprite-image easy-return-icon\"></span> <h3>Free & Easy Return</h3> </div> <div class=\"col-lg-3 t-center\"> <span class=\"icon-block-big sprite-image cancelling-icon\"></span> <h3>Online Cancellations</h3> </div> </div> </div>',NULL),(1000,-1,'2016-08-04 18:00:21','2016-08-14 10:39:14',-1,'htmlContent','<section data-target=\"resp\" id=\"resp\" class=\"frthdiv\">\r\n<div class=\"wrapper\">\r\n	<div class=\"jpgrid_9 mrglft ethwestwrap\">\r\n		<div class=\"ethdiv\"><img src=\"/img/ethnic-cloth.jpg\" alt=\"Ethnic\">\r\n			<div class=\"ethdivtxt\">\r\n				<div class=\"nmdiv\">Ethnic Custom fitted. Scheduled delivery\r\n				</div>\r\n				<div class=\"rtnow\"><a href=\"/ethnic/\">Rent Now</a>\r\n				</div>\r\n			</div>\r\n		</div>\r\n		<div class=\"westdiv\"><img src=\"/img/western-cloth.jpg\" alt=\"Western\">\r\n			<div class=\"westdivtxt\">\r\n				<div class=\"nmdiv\">Western Ready to wear. Express delivery\r\n				</div>\r\n				<div class=\"rtnow\"><a href=\"/western/\">Rent Now</a>\r\n				</div>\r\n			</div>\r\n		</div>\r\n	</div>\r\n</div>\r\n</section>',NULL),(1001,-1,'2016-08-04 18:01:51','2016-08-14 10:40:40',-1,'htmlContent','<section data-target=\"resp\" id=\"resp\" class=\"fifthdiv\">\r\n<div class=\"wrapper\">\r\n	<div class=\"jpgrid_9 mrglft\">\r\n		<div class=\"pghding notpmrg\">Stylist Picks\r\n		</div>\r\n		<div class=\"styledivwrap\">\r\n			<div class=\"stlyleft\">\r\n				<div class=\"style-one\"><img src=\"img/classic.jpg\" alt=\"Classic Accessories\">\r\n					<div class=\"style-onetxt\">Classic Accessories\r\n						<div class=\"expnow\"><a href=\"/accessories/\">Explore Now</a>\r\n						</div>\r\n					</div>\r\n				</div>\r\n				<div class=\"style-two\"><img src=\"img/fusion.jpg\" alt=\"Fusion Frenzy\">\r\n					<div class=\"style-twotxt\">Fusion Frenzy\r\n						<div class=\"expnow\"><a href=\"/browse/?tag=fusion-frenzy\">Explore Now</a>\r\n						</div>\r\n					</div>\r\n				</div>\r\n			</div>\r\n			<div class=\"stylrgt\">\r\n				<div class=\"style-three\"><img src=\"img/celebrity.jpg\" alt=\"Celebrity Looks\">\r\n					<div class=\"style-twothree\">Celebrity Looks\r\n						<div class=\"expnow\"><a href=\"/browse/?tag=celebrity\">Explore Now</a>\r\n						</div>\r\n					</div>\r\n				</div>\r\n			</div>\r\n			<div class=\"style-four\"><img src=\"img/wishlist.jpg\" alt=\"Wishlist Collection\">\r\n				<div class=\"style-twofour\">Wishlist Collection\r\n					<div class=\"expnow\"><a href=\"/browse/?tag=popular\">Explore Now</a>\r\n					</div>\r\n				</div>\r\n			</div>\r\n		</div>\r\n	</div>\r\n</div>\r\n</section>',NULL);
/*!40000 ALTER TABLE `BLC_SC_FLD` ENABLE KEYS */;
UNLOCK TABLES;

--
-- Dumping data for table `BLC_SC_FLDGRP_XREF`
--

LOCK TABLES `BLC_SC_FLDGRP_XREF` WRITE;
/*!40000 ALTER TABLE `BLC_SC_FLDGRP_XREF` DISABLE KEYS */;
INSERT INTO `BLC_SC_FLDGRP_XREF` (`SC_FLD_TMPLT_ID`, `FLD_GROUP_ID`, `GROUP_ORDER`) VALUES (1,4,0),(2,5,0),(3,6,0);
/*!40000 ALTER TABLE `BLC_SC_FLDGRP_XREF` ENABLE KEYS */;
UNLOCK TABLES;

--
-- Dumping data for table `BLC_SC_FLD_MAP`
--

LOCK TABLES `BLC_SC_FLD_MAP` WRITE;
/*!40000 ALTER TABLE `BLC_SC_FLD_MAP` DISABLE KEYS */;
INSERT INTO `BLC_SC_FLD_MAP` (`BLC_SC_SC_FIELD_ID`, `MAP_KEY`, `SC_ID`, `SC_FLD_ID`) VALUES (-204,'htmlContent',204,104),(-203,'htmlContent',203,103),(-202,'htmlContent',202,102),(-201,'htmlContent',201,101),(-167,'targetUrl',140,13),(-166,'imageUrl',140,12),(-165,'messageText',130,11),(-164,'htmlContent',110,9),(-163,'targetUrl',102,6),(-162,'imageUrl',102,5),(-161,'targetUrl',101,4),(-160,'imageUrl',101,3),(-159,'targetUrl',100,2),(-158,'imageUrl',100,1),(1,'htmlContent',1000,1000),(2,'htmlContent',1001,1001);
/*!40000 ALTER TABLE `BLC_SC_FLD_MAP` ENABLE KEYS */;
UNLOCK TABLES;

--
-- Dumping data for table `BLC_SC_FLD_TMPLT`
--

LOCK TABLES `BLC_SC_FLD_TMPLT` WRITE;
/*!40000 ALTER TABLE `BLC_SC_FLD_TMPLT` DISABLE KEYS */;
INSERT INTO `BLC_SC_FLD_TMPLT` (`SC_FLD_TMPLT_ID`, `NAME`) VALUES (1,'Ad Template'),(2,'HTML Template'),(3,'Message Template');
/*!40000 ALTER TABLE `BLC_SC_FLD_TMPLT` ENABLE KEYS */;
UNLOCK TABLES;

--
-- Dumping data for table `BLC_SC_ITEM_CRITERIA`
--

LOCK TABLES `BLC_SC_ITEM_CRITERIA` WRITE;
/*!40000 ALTER TABLE `BLC_SC_ITEM_CRITERIA` DISABLE KEYS */;
/*!40000 ALTER TABLE `BLC_SC_ITEM_CRITERIA` ENABLE KEYS */;
UNLOCK TABLES;

--
-- Dumping data for table `BLC_SC_RULE`
--

LOCK TABLES `BLC_SC_RULE` WRITE;
/*!40000 ALTER TABLE `BLC_SC_RULE` DISABLE KEYS */;
/*!40000 ALTER TABLE `BLC_SC_RULE` ENABLE KEYS */;
UNLOCK TABLES;

--
-- Dumping data for table `BLC_SC_RULE_MAP`
--

LOCK TABLES `BLC_SC_RULE_MAP` WRITE;
/*!40000 ALTER TABLE `BLC_SC_RULE_MAP` DISABLE KEYS */;
/*!40000 ALTER TABLE `BLC_SC_RULE_MAP` ENABLE KEYS */;
UNLOCK TABLES;

--
-- Dumping data for table `BLC_SC_TYPE`
--

LOCK TABLES `BLC_SC_TYPE` WRITE;
/*!40000 ALTER TABLE `BLC_SC_TYPE` DISABLE KEYS */;
INSERT INTO `BLC_SC_TYPE` (`SC_TYPE_ID`, `DESCRIPTION`, `NAME`, `SC_FLD_TMPLT_ID`) VALUES (1,NULL,'Homepage Banner Ad',1),(2,NULL,'Homepage Middle Promo Snippet',2),(3,NULL,'Homepage Featured Products Title',3),(4,NULL,'Right Hand Side Banner Ad',1);
/*!40000 ALTER TABLE `BLC_SC_TYPE` ENABLE KEYS */;
UNLOCK TABLES;

--
-- Dumping data for table `BLC_SEARCH_FACET`
--

LOCK TABLES `BLC_SEARCH_FACET` WRITE;
/*!40000 ALTER TABLE `BLC_SEARCH_FACET` DISABLE KEYS */;
INSERT INTO `BLC_SEARCH_FACET` (`SEARCH_FACET_ID`, `MULTISELECT`, `LABEL`, `REQUIRES_ALL_DEPENDENT`, `SEARCH_DISPLAY_PRIORITY`, `SHOW_ON_SEARCH`, `FIELD_ID`) VALUES (1,1,'Tags',NULL,0,1,1),(3,0,'Price',NULL,1,1,3),(4,1,'Size',NULL,0,1,8),(5,1,'Available on Date',NULL,0,1,9),(6,1,'Available on Trial Slot',NULL,0,1,10),(7,0,'Rent',NULL,0,1,11),(8,1,'Customizable',NULL,0,0,12),(9,1,'Color',NULL,0,1,14),(10,1,'Category',NULL,0,1,15),(11,1,'Occasion',NULL,0,1,16);
/*!40000 ALTER TABLE `BLC_SEARCH_FACET` ENABLE KEYS */;
UNLOCK TABLES;

--
-- Dumping data for table `BLC_SEARCH_FACET_RANGE`
--

LOCK TABLES `BLC_SEARCH_FACET_RANGE` WRITE;
/*!40000 ALTER TABLE `BLC_SEARCH_FACET_RANGE` DISABLE KEYS */;
INSERT INTO `BLC_SEARCH_FACET_RANGE` (`SEARCH_FACET_RANGE_ID`, `MAX_VALUE`, `MIN_VALUE`, `SEARCH_FACET_ID`) VALUES (1,60000.00000,0.00000,3),(2,7000.00000,0.00000,7);
/*!40000 ALTER TABLE `BLC_SEARCH_FACET_RANGE` ENABLE KEYS */;
UNLOCK TABLES;

--
-- Dumping data for table `BLC_SEARCH_FACET_XREF`
--

LOCK TABLES `BLC_SEARCH_FACET_XREF` WRITE;
/*!40000 ALTER TABLE `BLC_SEARCH_FACET_XREF` DISABLE KEYS */;
/*!40000 ALTER TABLE `BLC_SEARCH_FACET_XREF` ENABLE KEYS */;
UNLOCK TABLES;

--
-- Dumping data for table `BLC_SEARCH_INTERCEPT`
--

LOCK TABLES `BLC_SEARCH_INTERCEPT` WRITE;
/*!40000 ALTER TABLE `BLC_SEARCH_INTERCEPT` DISABLE KEYS */;
/*!40000 ALTER TABLE `BLC_SEARCH_INTERCEPT` ENABLE KEYS */;
UNLOCK TABLES;

--
-- Dumping data for table `BLC_SEARCH_SYNONYM`
--

LOCK TABLES `BLC_SEARCH_SYNONYM` WRITE;
/*!40000 ALTER TABLE `BLC_SEARCH_SYNONYM` DISABLE KEYS */;
/*!40000 ALTER TABLE `BLC_SEARCH_SYNONYM` ENABLE KEYS */;
UNLOCK TABLES;

--
-- Dumping data for table `BLC_SHIPPING_RATE`
--

LOCK TABLES `BLC_SHIPPING_RATE` WRITE;
/*!40000 ALTER TABLE `BLC_SHIPPING_RATE` DISABLE KEYS */;
/*!40000 ALTER TABLE `BLC_SHIPPING_RATE` ENABLE KEYS */;
UNLOCK TABLES;

--
-- Dumping data for table `BLC_SITE`
--

LOCK TABLES `BLC_SITE` WRITE;
/*!40000 ALTER TABLE `BLC_SITE` DISABLE KEYS */;
/*!40000 ALTER TABLE `BLC_SITE` ENABLE KEYS */;
UNLOCK TABLES;

--
-- Dumping data for table `BLC_SITE_CATALOG`
--

LOCK TABLES `BLC_SITE_CATALOG` WRITE;
/*!40000 ALTER TABLE `BLC_SITE_CATALOG` DISABLE KEYS */;
/*!40000 ALTER TABLE `BLC_SITE_CATALOG` ENABLE KEYS */;
UNLOCK TABLES;

--
-- Dumping data for table `BLC_SITE_MAP_CFG`
--

LOCK TABLES `BLC_SITE_MAP_CFG` WRITE;
/*!40000 ALTER TABLE `BLC_SITE_MAP_CFG` DISABLE KEYS */;
INSERT INTO `BLC_SITE_MAP_CFG` (`INDEXED_SITE_MAP_FILE_NAME`, `INDEXED_SITE_MAP_FILE_PATTERN`, `MAX_URL_ENTRIES_PER_FILE`, `SITE_MAP_FILE_NAME`, `MODULE_CONFIG_ID`) VALUES (NULL,NULL,NULL,NULL,-1);
/*!40000 ALTER TABLE `BLC_SITE_MAP_CFG` ENABLE KEYS */;
UNLOCK TABLES;

--
-- Dumping data for table `BLC_SITE_MAP_GEN_CFG`
--

LOCK TABLES `BLC_SITE_MAP_GEN_CFG` WRITE;
/*!40000 ALTER TABLE `BLC_SITE_MAP_GEN_CFG` DISABLE KEYS */;
INSERT INTO `BLC_SITE_MAP_GEN_CFG` (`GEN_CONFIG_ID`, `CHANGE_FREQ`, `DISABLED`, `GENERATOR_TYPE`, `PRIORITY`, `MODULE_CONFIG_ID`) VALUES (-8,'HOURLY',1,'SKU','0.5',-1),(-3,'HOURLY',0,'PAGE','0.5',-1),(-2,'HOURLY',0,'PRODUCT','0.5',-1),(-1,'HOURLY',0,'CUSTOM','0.5',-1),(1,'HOURLY',0,'CATEGORY','0.5',-1),(2,'HOURLY',0,'CATEGORY','0.5',-1),(3,'HOURLY',0,'CATEGORY','0.5',-1),(4,'HOURLY',0,'CATEGORY','0.5',-1),(5,'HOURLY',0,'CATEGORY','0.5',-1),(6,'HOURLY',0,'CATEGORY','0.5',-1),(7,'HOURLY',0,'CATEGORY','0.5',-1),(8,'HOURLY',0,'CATEGORY','0.5',-1),(9,'HOURLY',0,'CATEGORY','0.5',-1),(10,'HOURLY',0,'CATEGORY','0.5',-1),(11,'HOURLY',0,'CATEGORY','0.5',-1),(12,'HOURLY',0,'CATEGORY','0.5',-1),(13,'HOURLY',0,'CATEGORY','0.5',-1),(14,'HOURLY',0,'CATEGORY','0.5',-1),(15,'HOURLY',0,'CATEGORY','0.5',-1),(16,'HOURLY',0,'CATEGORY','0.5',-1),(17,'HOURLY',0,'CATEGORY','0.5',-1),(18,'HOURLY',0,'CATEGORY','0.5',-1),(19,'HOURLY',0,'CATEGORY','0.5',-1);
/*!40000 ALTER TABLE `BLC_SITE_MAP_GEN_CFG` ENABLE KEYS */;
UNLOCK TABLES;

--
-- Dumping data for table `BLC_SITE_MAP_URL_ENTRY`
--

LOCK TABLES `BLC_SITE_MAP_URL_ENTRY` WRITE;
/*!40000 ALTER TABLE `BLC_SITE_MAP_URL_ENTRY` DISABLE KEYS */;
INSERT INTO `BLC_SITE_MAP_URL_ENTRY` (`URL_ENTRY_ID`, `CHANGE_FREQ`, `LAST_MODIFIED`, `LOCATION`, `PRIORITY`, `GEN_CONFIG_ID`) VALUES (-1,'HOURLY','2016-03-28 19:01:25','http://www.fitnfash.com/browse/','0.5',-1);
/*!40000 ALTER TABLE `BLC_SITE_MAP_URL_ENTRY` ENABLE KEYS */;
UNLOCK TABLES;

--
-- Dumping data for table `BLC_SKU`
--

LOCK TABLES `BLC_SKU` WRITE;
/*!40000 ALTER TABLE `BLC_SKU` DISABLE KEYS */;
INSERT INTO `BLC_SKU` (`SKU_ID`, `ACTIVE_END_DATE`, `ACTIVE_START_DATE`, `AVAILABLE_FLAG`, `DESCRIPTION`, `CONTAINER_SHAPE`, `DEPTH`, `DIMENSION_UNIT_OF_MEASURE`, `GIRTH`, `HEIGHT`, `CONTAINER_SIZE`, `WIDTH`, `DISCOUNTABLE_FLAG`, `DISPLAY_TEMPLATE`, `EXTERNAL_ID`, `FULFILLMENT_TYPE`, `INVENTORY_TYPE`, `IS_MACHINE_SORTABLE`, `LONG_DESCRIPTION`, `NAME`, `QUANTITY_AVAILABLE`, `RETAIL_PRICE`, `SALE_PRICE`, `TAX_CODE`, `TAXABLE_FLAG`, `UPC`, `URL_KEY`, `WEIGHT`, `WEIGHT_UNIT_OF_MEASURE`, `CURRENCY_CODE`, `DEFAULT_PRODUCT_ID`, `ADDL_PRODUCT_ID`) VALUES (10150,NULL,'2016-06-29 18:29:44',NULL,NULL,NULL,NULL,NULL,NULL,NULL,NULL,NULL,'Y',NULL,'1',NULL,NULL,1,'<ul><li>It is a very apealling short dress which is designed to win your heart.</li><li>Regular fit - true to size. It is in a smooth woven</li><li>Fabric for your comfort in any weather.</li><li>Team it up with a sling bag and a pair of wedges for a perfect look.</li><li>Fabric:Cotton</li><li>Color: Multicolour</li></ul><div></div><div></div>','Florence Short Dress',NULL,399.00000,NULL,NULL,NULL,NULL,NULL,NULL,NULL,NULL,10150,NULL),(10154,NULL,'2016-06-29 19:14:39',NULL,NULL,NULL,NULL,NULL,NULL,NULL,NULL,NULL,'Y',NULL,'2',NULL,NULL,1,'<ul><li>We have got dazzling Gown in a light-woven fabric which can be adorned on special occasions and with speacial ones. Add it to your wardrobe to add elegance to it.</li><li>Team it up glittering pumps or stilettos for an angel like look.</li><li>Its a perfect evening/party gown.</li><li>Fabric: Soft and smooth Georgette</li><li>Length: Full Length</li><li>Color: Pink</li></ul><div></div>','Rose Pearl Gown',NULL,749.00000,NULL,NULL,NULL,NULL,NULL,NULL,NULL,NULL,10151,NULL),(10200,NULL,'2016-07-02 14:10:58',NULL,NULL,NULL,NULL,NULL,NULL,NULL,NULL,NULL,'Y',NULL,'3',NULL,NULL,1,'<ul><li>Give yourself a chance to dress in this floral-easy flowing pair of crop-top and skirt. This set comprises of a pink coloured floral crop top and a plain blue skirt. It is an ideal piece to wear.</li><li>Try it out with a sling bag and a pair of Moccasin for a day out with friends or family.</li><li>Fabric: </li><li>Length: Full Length</li><li>Color: Pink/ Blue</li></ul><span></span><div></div>','Anna Crop Top and Skirt',NULL,499.00000,NULL,NULL,NULL,NULL,NULL,NULL,NULL,NULL,10200,NULL),(10204,NULL,'2016-07-02 14:13:49',NULL,NULL,NULL,NULL,NULL,NULL,NULL,NULL,NULL,'Y',NULL,'4',NULL,NULL,1,'<ul><li>We bring you a casual and cute shift dress which is ideal for a day out or picnic. Made up of a smooth woven fabric.</li><li>Regular fit - true to size. Add this to your choice of dressing for a casual chic look.</li><li>Team it with espadrilles and head for a beautiful weekend.</li><li>Fabric:</li><li>Length: Above Knee Length</li><li>Color: Yellow</li></ul><div></div>','Blossom Short Dress',NULL,399.00000,NULL,NULL,NULL,NULL,NULL,NULL,NULL,NULL,10201,NULL),(10207,NULL,NULL,NULL,NULL,NULL,NULL,NULL,NULL,NULL,NULL,NULL,'Y',NULL,NULL,NULL,NULL,1,NULL,NULL,0,NULL,NULL,NULL,NULL,NULL,NULL,NULL,NULL,NULL,NULL,10201),(10208,NULL,'2016-07-02 14:18:00',NULL,NULL,NULL,NULL,NULL,NULL,NULL,NULL,NULL,'Y',NULL,'5',NULL,NULL,1,'<ul><li>Pull off a chic look with our delicate floral pleated dress for you. It is an ideal wear to a date or a casual outing with friends. It will not only add wonder to your personality but also give you an edge over cuteness.</li><li>It looks best when worn with a pair of Mules or Kitten heels.</li><li>Fabric:</li><li>Length: Knee Length</li><li>Color: Pink</li></ul><div></div>','Lillian Skater Dress',NULL,499.00000,NULL,NULL,NULL,NULL,NULL,NULL,NULL,NULL,10202,NULL),(10212,NULL,'2016-07-02 14:19:35',NULL,NULL,NULL,NULL,NULL,NULL,NULL,NULL,NULL,'Y',NULL,'6',NULL,NULL,1,'<ul><li>This elegant piece of clothing is brought to you in a smooth woven fabric. It is not only pleasing, but is a perfect pick for today\'s women who like both design and comfort. Its delicate pleats are to die for. Ideal for a date or evening parties.</li><li>Team it up with pumps or stilettos for a splendid look.</li><li>Fabric:</li><li>Length: Knee Length</li><li>Color: Combination of White and Black</li></ul><div></div>','Grace Skater Dress',NULL,499.00000,NULL,NULL,NULL,NULL,NULL,NULL,NULL,NULL,10203,NULL),(10213,NULL,NULL,NULL,NULL,NULL,NULL,NULL,NULL,NULL,NULL,NULL,'Y',NULL,NULL,NULL,NULL,1,NULL,NULL,0,NULL,NULL,NULL,NULL,NULL,NULL,NULL,NULL,NULL,NULL,10203),(10215,NULL,NULL,NULL,NULL,NULL,NULL,NULL,NULL,NULL,NULL,NULL,'Y',NULL,NULL,NULL,NULL,1,NULL,NULL,0,NULL,NULL,NULL,NULL,NULL,NULL,NULL,NULL,NULL,NULL,10203),(10216,NULL,'2016-07-02 14:21:09',NULL,NULL,NULL,NULL,NULL,NULL,NULL,NULL,NULL,'Y',NULL,'7',NULL,NULL,1,'<ul><li>We bring a perfect pair of crop-top and skirt in a graceful floral print. Wear this sassy dress for on a casual outing or party with your friends. </li><li>Try this dress with ballerina or wedges and a multi layered neck accessory for a best look.</li><li>Fabric:</li><li>Length: Full Length</li><li>Color: Multicolored </li></ul><div></div><div></div>','Julia Crop Top and Skirt',NULL,499.00000,NULL,NULL,NULL,NULL,NULL,NULL,NULL,NULL,10204,NULL),(10220,NULL,'2016-07-02 14:22:30',NULL,NULL,NULL,NULL,NULL,NULL,NULL,NULL,NULL,'Y',NULL,'8',NULL,NULL,1,'<ul><li>Some like it sunny, this appealing lace work dress is now available for your adornment on special occasions. You can easily jet from day to night in this splendid piece of clothing. It includes lace-work on the shoulders and waist area.</li><li>Pair it with black pumps and a sleek bracelet for a delicate yet cheeky look.</li><li>Fabric:</li><li>Length: Knee Length</li><li>Colour: Yellow</li></ul><div></div>','Edna Skater Dress',NULL,349.00000,NULL,NULL,NULL,NULL,NULL,NULL,NULL,NULL,10205,NULL),(10224,NULL,'2016-07-02 14:23:44',NULL,NULL,NULL,NULL,NULL,NULL,NULL,NULL,NULL,'Y',NULL,'9',NULL,NULL,1,'<ul><li>Say hello to this fascinating pleated dress. The top is plain blue while the skirt has a colorful floral print in multi-color. Look pristine in this dress which is perfect for an outing/party with friends and family.</li><li>Pair this lovely dress with ballerinas and a golden sling.</li><li>Fabric:</li><li>Length: Knee Lengtth</li><li>Color: Multi-color</li></ul><p><span></span></p><div></div>','Nellie Skater Dress',NULL,399.00000,NULL,NULL,NULL,NULL,NULL,NULL,NULL,NULL,10206,NULL),(10228,NULL,'2016-07-02 14:25:32',NULL,NULL,NULL,NULL,NULL,NULL,NULL,NULL,NULL,'Y',NULL,'10',NULL,NULL,1,'<ul><li>Impress one and all with this semi-formal alluring dress. One cannot escape from its charm and english cut. Its a perfect wear for a date with your loved one, or adorn it to your office party and look stunning. It is created out of a comfortable fabric.</li><li>Wear it with black stilettos and a crystal clutch.</li><li>Fabric:</li><li>Length: Knee Length</li><li>Color: Combination of Black and Brown</li></ul><div></div>','Elma Skater Dress',NULL,499.00000,NULL,NULL,NULL,NULL,NULL,NULL,NULL,NULL,10207,NULL),(10231,NULL,NULL,NULL,NULL,NULL,NULL,NULL,NULL,NULL,NULL,NULL,'Y',NULL,NULL,NULL,NULL,1,NULL,NULL,0,NULL,NULL,NULL,NULL,NULL,NULL,NULL,NULL,NULL,NULL,10207),(10232,NULL,'2016-07-02 14:28:03',NULL,NULL,NULL,NULL,NULL,NULL,NULL,NULL,NULL,'Y',NULL,'11',NULL,NULL,1,'<ul><li>This elegant piece of clothing has the potential of making you the talk of the town. Made out of soft and stretchable cotton spandex fabric for a long lasting comfort and a sleek fit, this little shift dress is designed to fascinate the wearer and the watcher alike.</li><li>Team it with silver sandals and a clutch.</li><li>Fabric:</li><li>Length: Knee Length</li><li>Color: Combination of Beige and Silver</li></ul><div></div>','Irene Short Dress',NULL,499.00000,NULL,NULL,NULL,NULL,NULL,NULL,NULL,NULL,10208,NULL),(10235,NULL,NULL,NULL,NULL,NULL,NULL,NULL,NULL,NULL,NULL,NULL,'Y',NULL,NULL,NULL,NULL,1,NULL,NULL,0,NULL,NULL,NULL,NULL,NULL,NULL,NULL,NULL,NULL,NULL,10208),(10236,NULL,'2016-07-02 14:30:26',NULL,NULL,NULL,NULL,NULL,NULL,NULL,NULL,NULL,'Y',NULL,'12',NULL,NULL,1,'<ul><li>Crafted to allure you in summer season, its a lively dress for any day-time affair, wear it to for a day-out with friends or a picnic to the city\'s happening spots. This flair dress will comfort you in this hot weather and give you a lovely look.</li><li>Team it with white slip-ons and back-pack for a care-free chick look.</li><li>Fabric:</li><li>Length: Short Dress</li><li>Color: Multi-Color</li></ul><div></div>','Fanny Skater Dress',NULL,399.00000,NULL,NULL,NULL,NULL,NULL,NULL,NULL,NULL,10209,NULL),(10239,NULL,NULL,NULL,NULL,NULL,NULL,NULL,NULL,NULL,NULL,NULL,'Y',NULL,NULL,NULL,NULL,1,NULL,NULL,0,NULL,NULL,NULL,NULL,NULL,NULL,NULL,NULL,NULL,NULL,10209),(10240,NULL,'2016-07-02 14:32:28',NULL,NULL,NULL,NULL,NULL,NULL,NULL,NULL,NULL,'Y',NULL,'13',NULL,NULL,1,'<ul><li>Nothing looks more elegant than a little black lace dress! This exquisite piece of clothing is offered to you for an effortless style statement and easy slipping from day to nigh time parties. It will also make a perfect \"first-date\" dress. </li><li>Pair it with a sleek sling bag and a pair of ankle-strap sandals for a fascinating look.</li><li>Fabric:</li><li>Length: Short Dress</li><li>Color: Black</li></ul><div></div>','Stella Short Dress',NULL,499.00000,NULL,NULL,NULL,NULL,NULL,NULL,NULL,NULL,10210,NULL),(10243,NULL,NULL,NULL,NULL,NULL,NULL,NULL,NULL,NULL,NULL,NULL,'Y',NULL,NULL,NULL,NULL,1,NULL,NULL,0,NULL,NULL,NULL,NULL,NULL,NULL,NULL,NULL,NULL,NULL,10210),(10244,NULL,'2016-07-02 14:33:32',NULL,NULL,NULL,NULL,NULL,NULL,NULL,NULL,NULL,'Y',NULL,'14',NULL,NULL,1,'<ul><li>This outfit brings the flavor of the season with a bling neckline and a simple peach and black color combination. It is done in a soft and stretchable fabric for a day-long plush comfort. </li><li>It is best worn with peep-toe sandals and a glittering sling bag.</li><li>Fabric:</li><li>Length: Three-Four Length</li><li>Color: Black and Peach</li></ul><span></span><div></div>','Eva Gown',NULL,299.00000,NULL,NULL,NULL,NULL,NULL,NULL,NULL,NULL,10211,NULL),(10247,NULL,NULL,NULL,NULL,NULL,NULL,NULL,NULL,NULL,NULL,NULL,'Y',NULL,NULL,NULL,NULL,1,NULL,NULL,0,NULL,NULL,NULL,NULL,NULL,NULL,NULL,NULL,NULL,NULL,10211),(10248,NULL,'2016-07-02 14:35:38',NULL,NULL,NULL,NULL,NULL,NULL,NULL,NULL,NULL,'Y',NULL,'15',NULL,NULL,1,'<ul><li>No wardrobe is complete without a black jumpsuit. This time head to the club night in this dazzling attire and become a talk of the town. The elegant pleats in the front and lovely flow of the fabric will make you feel pristine. </li><li>It will look equally amazing with ankle high boots or a pair of slingback sandals. Don\'t forget to carry your black clutch to complete the look.</li><li>Fabric:</li><li>Length: Full Length</li><li>Color: Black</li></ul><div></div>','Bernice Jumpsuit',NULL,299.00000,NULL,NULL,NULL,NULL,NULL,NULL,NULL,NULL,10212,NULL),(10249,NULL,NULL,NULL,NULL,NULL,NULL,NULL,NULL,NULL,NULL,NULL,'Y',NULL,NULL,NULL,NULL,1,NULL,NULL,0,NULL,NULL,NULL,NULL,NULL,NULL,NULL,NULL,NULL,NULL,10212),(10251,NULL,NULL,NULL,NULL,NULL,NULL,NULL,NULL,NULL,NULL,NULL,'Y',NULL,NULL,NULL,NULL,1,NULL,NULL,0,NULL,NULL,NULL,NULL,NULL,NULL,NULL,NULL,NULL,NULL,10212),(10252,NULL,'2016-07-02 14:37:55',NULL,NULL,NULL,NULL,NULL,NULL,NULL,NULL,NULL,'Y',NULL,'16',NULL,NULL,1,'<ul><li>Wear a dress which makes you happy and confident. This off-white dress with lace work on the neck is latest in fashion and gives you a very sleek look. Made out of a comfortable fabric for you, you can easily wear it to a club or a friends\' get-together.</li><li>Wear silver stilettos and carry a silver clutch to complete the look.</li><li>Fabric:</li><li>Length: Full Length</li><li>Color: White</li></ul>','Loretta Gown',NULL,599.00000,NULL,NULL,NULL,NULL,NULL,NULL,NULL,NULL,10213,NULL),(10253,NULL,NULL,NULL,NULL,NULL,NULL,NULL,NULL,NULL,NULL,NULL,'Y',NULL,NULL,NULL,NULL,1,NULL,NULL,0,NULL,NULL,NULL,NULL,NULL,NULL,NULL,NULL,NULL,NULL,10213),(10256,NULL,'2016-07-02 14:40:15',NULL,NULL,NULL,NULL,NULL,NULL,NULL,NULL,NULL,'Y',NULL,'17',NULL,NULL,1,'<ul><li>Pick this dress to add glamour to your parties with subtlety. This body-con dress will allure you and everyone around. It is perfect -party dress.</li><li>Try out copper sling-backs in footwear and a clutch for making a long-lasting impression.</li><li>Fabric:</li><li>Length: Full Length</li><li>Color: Black</li></ul>','Jenna Gown',NULL,749.00000,NULL,NULL,NULL,NULL,NULL,NULL,NULL,NULL,10214,NULL),(10257,NULL,NULL,NULL,NULL,NULL,NULL,NULL,NULL,NULL,NULL,NULL,'Y',NULL,NULL,NULL,NULL,1,NULL,NULL,0,NULL,NULL,NULL,NULL,NULL,NULL,NULL,NULL,NULL,NULL,10214),(10260,NULL,'2016-07-02 14:41:40',NULL,NULL,NULL,NULL,NULL,NULL,NULL,NULL,NULL,'Y',NULL,'18',NULL,NULL,1,'<ul><li>An western dress for mehendi, cocktail nights at your family or to add glamour to your parties. This sleek and smart floor length dress will add appeal and elegance to your personality.</li><li>Pair it with golden T-straps in footwear and a golden sling bag for a splendid evening.</li><li>Fabric:</li><li>Length: Full Length</li><li>Color: Black</li></ul>','Bertha Gown',NULL,599.00000,NULL,NULL,NULL,NULL,NULL,NULL,NULL,NULL,10215,NULL),(10261,NULL,'2016-07-02 14:44:10',NULL,NULL,NULL,NULL,NULL,NULL,NULL,NULL,NULL,'Y',NULL,'19',NULL,NULL,1,'<ul><li>This midi-length dress will add splendor to your existing wardrobe. It is a perfect attire for a family get together or an evening out with friends. </li><li>Match it with stilettos and hand-bag for a perfect look.</li><li>Fabric:</li><li>Length: Three-Four Length</li><li>Color: Combination of Black and Grey</li></ul>','Nettie Dress',NULL,349.00000,NULL,NULL,NULL,NULL,NULL,NULL,NULL,NULL,10216,NULL),(10264,NULL,NULL,NULL,NULL,NULL,NULL,NULL,NULL,NULL,NULL,NULL,'Y',NULL,NULL,NULL,NULL,1,NULL,NULL,0,NULL,NULL,NULL,NULL,NULL,NULL,NULL,NULL,NULL,NULL,10216),(10265,NULL,'2016-07-02 14:46:46',NULL,NULL,NULL,NULL,NULL,NULL,NULL,NULL,NULL,'Y',NULL,'20',NULL,NULL,1,'<ul><li>A sassy-print dress for all the girls. It is a cute dress and can be adorned with friends for a day-out. It is made out of light weight woven fabric to make you comfortable in this weather. </li><li>Team it with Moccasins or loafers for an easy wear.</li><li>Fabric:</li><li>Length: Knee Length</li><li>Color: Combination of Black and Grey</li></ul>','Pauline Skater Dress',NULL,499.00000,NULL,NULL,NULL,NULL,NULL,NULL,NULL,NULL,10217,NULL),(10266,NULL,NULL,NULL,NULL,NULL,NULL,NULL,NULL,NULL,NULL,NULL,'Y',NULL,NULL,NULL,NULL,1,NULL,NULL,0,NULL,NULL,NULL,NULL,NULL,NULL,NULL,NULL,NULL,NULL,10217),(10267,NULL,NULL,NULL,NULL,NULL,NULL,NULL,NULL,NULL,NULL,NULL,'Y',NULL,NULL,NULL,NULL,1,NULL,NULL,0,NULL,NULL,NULL,NULL,NULL,NULL,NULL,NULL,NULL,NULL,10217),(10268,NULL,NULL,NULL,NULL,NULL,NULL,NULL,NULL,NULL,NULL,NULL,'Y',NULL,NULL,NULL,NULL,1,NULL,NULL,0,NULL,NULL,NULL,NULL,NULL,NULL,NULL,NULL,NULL,NULL,10217),(10269,NULL,'2016-07-02 14:49:27',NULL,NULL,NULL,NULL,NULL,NULL,NULL,NULL,NULL,'Y',NULL,'33',NULL,NULL,1,'<ul><li>We bring to you one of the dresses, we are so proud of. This Princess gown is just one of its kind. With a very unique design and rich embellishments on the waist, it makes a very pretty and delicate dress. The combination of fabrics: net and silk, makes it a favorite pick for any special occasion. We suggest you to wear it for a family wedding or related function night or cocktail party to make heads turn.</li><li>Adorn it with matching stilettos and a glittering clutch to complete the diva-like look.</li><li>Fabric: </li><li>Length: Full Length</li><li>Color: Golden and Brown</li></ul>','Adele Princess Gown',NULL,2699.00000,NULL,NULL,NULL,NULL,NULL,NULL,NULL,NULL,10218,NULL),(10270,NULL,'2016-07-02 14:54:39',NULL,NULL,NULL,NULL,NULL,NULL,NULL,NULL,NULL,'Y',NULL,'34',NULL,NULL,1,NULL,'Natalie Princess Gown',NULL,2499.00000,NULL,NULL,NULL,NULL,NULL,NULL,NULL,NULL,10219,NULL),(10271,NULL,'2016-07-02 15:05:03',NULL,NULL,NULL,NULL,NULL,NULL,NULL,NULL,NULL,'Y',NULL,'36',NULL,NULL,1,NULL,'Evangeline Princess Gown',NULL,2299.00000,NULL,NULL,NULL,NULL,NULL,NULL,NULL,NULL,10220,NULL),(10272,NULL,'2016-07-02 15:11:33',NULL,NULL,NULL,NULL,NULL,NULL,NULL,NULL,NULL,'Y',NULL,'35',NULL,NULL,1,NULL,'Anastasia Princess Gown',NULL,1999.00000,NULL,NULL,NULL,NULL,NULL,NULL,NULL,NULL,10221,NULL),(10273,NULL,'2016-07-02 15:14:03',NULL,NULL,NULL,NULL,NULL,NULL,NULL,NULL,NULL,'Y',NULL,'37',NULL,NULL,1,NULL,'Roselyn Lehnga',NULL,1799.00000,NULL,NULL,NULL,NULL,NULL,NULL,NULL,NULL,10222,NULL),(10274,NULL,'2016-07-02 15:15:57',NULL,NULL,NULL,NULL,NULL,NULL,NULL,NULL,NULL,'Y',NULL,'38',NULL,NULL,1,NULL,'Suruthi Indo Western Dress',NULL,1699.00000,NULL,NULL,NULL,NULL,NULL,NULL,NULL,NULL,10223,NULL),(10275,NULL,'2016-07-02 15:18:48',NULL,NULL,NULL,NULL,NULL,NULL,NULL,NULL,NULL,'Y',NULL,'39',NULL,NULL,1,NULL,'Manorama Lancha',NULL,1199.00000,NULL,NULL,NULL,NULL,NULL,NULL,NULL,NULL,10224,NULL),(10276,NULL,'2016-07-02 17:10:38',NULL,NULL,NULL,NULL,NULL,NULL,NULL,NULL,NULL,'Y',NULL,'40',NULL,NULL,1,NULL,'Kamya Lancha',NULL,1299.00000,NULL,NULL,NULL,NULL,NULL,NULL,NULL,NULL,10225,NULL),(10277,NULL,'2016-07-02 17:12:14',NULL,NULL,NULL,NULL,NULL,NULL,NULL,NULL,NULL,'Y',NULL,'41',NULL,NULL,1,NULL,'Suruchi Blue Anarkali',NULL,999.00000,NULL,NULL,NULL,NULL,NULL,NULL,NULL,NULL,10226,NULL),(10279,NULL,'2016-07-02 17:13:31',NULL,NULL,NULL,NULL,NULL,NULL,NULL,NULL,NULL,'Y',NULL,'42',NULL,NULL,1,NULL,'Chandrika Dress',NULL,899.00000,NULL,NULL,NULL,NULL,NULL,NULL,NULL,NULL,10227,NULL),(10280,NULL,'2016-07-02 17:14:34',NULL,NULL,NULL,NULL,NULL,NULL,NULL,NULL,NULL,'Y',NULL,'43',NULL,NULL,1,NULL,'Mastani Anarkali',NULL,1499.00000,NULL,NULL,NULL,NULL,NULL,NULL,NULL,NULL,10228,NULL),(10281,NULL,'2016-07-02 17:16:12',NULL,NULL,NULL,NULL,NULL,NULL,NULL,NULL,NULL,'Y',NULL,'44',NULL,NULL,1,NULL,'Mugdha Anarkali',NULL,1999.00000,NULL,NULL,NULL,NULL,NULL,NULL,NULL,NULL,10229,NULL),(10282,NULL,'2016-07-02 17:17:40',NULL,NULL,NULL,NULL,NULL,NULL,NULL,NULL,NULL,'Y',NULL,'45',NULL,NULL,1,NULL,'Suruchi Rose Anarkali',NULL,999.00000,NULL,NULL,NULL,NULL,NULL,NULL,NULL,NULL,10230,NULL),(10283,NULL,'2016-07-02 17:19:08',NULL,NULL,NULL,NULL,NULL,NULL,NULL,NULL,NULL,'Y',NULL,'46',NULL,NULL,1,NULL,'Taapsi Indo Western Dress',NULL,1999.00000,NULL,NULL,NULL,NULL,NULL,NULL,NULL,NULL,10231,NULL),(10284,NULL,'2016-07-02 17:21:21',NULL,NULL,NULL,NULL,NULL,NULL,NULL,NULL,NULL,'Y',NULL,'47',NULL,NULL,1,NULL,'Surabhi Indo Western Dress',NULL,1699.00000,NULL,NULL,NULL,NULL,NULL,NULL,NULL,NULL,10232,NULL),(10285,NULL,'2016-07-02 17:22:51',NULL,NULL,NULL,NULL,NULL,NULL,NULL,NULL,NULL,'Y',NULL,'48',NULL,NULL,1,NULL,'Ambika Lehnga',NULL,1999.00000,NULL,NULL,NULL,NULL,NULL,NULL,NULL,NULL,10233,NULL),(10286,NULL,'2016-07-02 17:24:21',NULL,NULL,NULL,NULL,NULL,NULL,NULL,NULL,NULL,'Y',NULL,'49',NULL,NULL,1,NULL,'Bhumika Indo Western Dress',NULL,899.00000,NULL,NULL,NULL,NULL,NULL,NULL,NULL,NULL,10234,NULL),(10287,NULL,'2016-07-02 17:26:33',NULL,NULL,NULL,NULL,NULL,NULL,NULL,NULL,NULL,'Y',NULL,'50',NULL,NULL,1,NULL,'Amrita Lenhnga',NULL,899.00000,NULL,NULL,NULL,NULL,NULL,NULL,NULL,NULL,10235,NULL),(10288,NULL,'2016-07-02 17:28:44',NULL,NULL,NULL,NULL,NULL,NULL,NULL,NULL,NULL,'Y',NULL,'51',NULL,NULL,1,NULL,'Poorva Lehnga',NULL,1999.00000,NULL,NULL,NULL,NULL,NULL,NULL,NULL,NULL,10236,NULL),(10289,NULL,'2016-07-02 17:29:54',NULL,NULL,NULL,NULL,NULL,NULL,NULL,NULL,NULL,'Y',NULL,'52',NULL,NULL,1,NULL,'Amaira Lehnga',NULL,1999.00000,NULL,NULL,NULL,NULL,NULL,NULL,NULL,NULL,10237,NULL),(10290,NULL,'2016-07-02 17:31:52',NULL,NULL,NULL,NULL,NULL,NULL,NULL,NULL,NULL,'Y',NULL,'53',NULL,NULL,1,NULL,'Antra Lehnga',NULL,999.00000,NULL,NULL,NULL,NULL,NULL,NULL,NULL,NULL,10238,NULL),(10291,NULL,'2016-07-02 17:32:41',NULL,NULL,NULL,NULL,NULL,NULL,NULL,NULL,NULL,'Y',NULL,'54',NULL,NULL,1,NULL,'Nitya Lehnga',NULL,1199.00000,NULL,NULL,NULL,NULL,NULL,NULL,NULL,NULL,10239,NULL),(10292,NULL,'2016-07-02 17:34:08',NULL,NULL,NULL,NULL,NULL,NULL,NULL,NULL,NULL,'Y',NULL,'55',NULL,NULL,1,NULL,'Anushka Saree',NULL,1099.00000,NULL,NULL,NULL,NULL,NULL,NULL,NULL,NULL,10240,NULL),(10293,NULL,'2016-07-02 17:37:15',NULL,NULL,NULL,NULL,NULL,NULL,NULL,NULL,NULL,'Y',NULL,'56',NULL,NULL,1,NULL,'Vashnavi Saree',NULL,999.00000,NULL,NULL,NULL,NULL,NULL,NULL,NULL,NULL,10241,NULL),(10294,NULL,'2016-07-02 17:38:39',NULL,NULL,NULL,NULL,NULL,NULL,NULL,NULL,NULL,'Y',NULL,'57',NULL,NULL,1,NULL,'Indrani Fuchsia Saree',NULL,1299.00000,NULL,NULL,NULL,NULL,NULL,NULL,NULL,NULL,10242,NULL),(10295,NULL,'2016-07-02 17:40:41',NULL,NULL,NULL,NULL,NULL,NULL,NULL,NULL,NULL,'Y',NULL,'58',NULL,NULL,1,NULL,'Vasundhara Saree',NULL,899.00000,NULL,NULL,NULL,NULL,NULL,NULL,NULL,NULL,10243,NULL),(10296,NULL,'2016-07-02 17:41:22',NULL,NULL,NULL,NULL,NULL,NULL,NULL,NULL,NULL,'Y',NULL,'59',NULL,NULL,1,NULL,'Indrani Tarquoise Saree',NULL,1299.00000,NULL,NULL,NULL,NULL,NULL,NULL,NULL,NULL,10244,NULL),(10297,NULL,'2016-07-02 17:42:12',NULL,NULL,NULL,NULL,NULL,NULL,NULL,NULL,NULL,'Y',NULL,'60',NULL,NULL,1,NULL,'Rasika Saree',NULL,1099.00000,NULL,NULL,NULL,NULL,NULL,NULL,NULL,NULL,10245,NULL),(10298,NULL,'2016-07-02 17:51:19',NULL,NULL,NULL,NULL,NULL,NULL,NULL,NULL,NULL,'Y',NULL,'21',NULL,NULL,1,'<ul><li>Add elegance to your persona with this semi-formal white and black dress. It is a classic and can be easily made available to you for any occasion. This garment is a sure-shot pick and can be worn to your office parties as easily. </li><li>Complete your look with ankle length boots and a black hand bag.</li><li>Fabric:</li><li>Length: Knee Length</li><li>Color: Black and White</li></ul>','Evelyn Short Dress',NULL,499.00000,NULL,NULL,NULL,NULL,NULL,NULL,NULL,NULL,10246,NULL),(10299,NULL,'2016-07-02 17:53:05',NULL,NULL,NULL,NULL,NULL,NULL,NULL,NULL,NULL,'Y',NULL,NULL,NULL,NULL,1,NULL,NULL,NULL,NULL,NULL,NULL,NULL,NULL,NULL,NULL,NULL,NULL,NULL,10246),(10300,NULL,'2016-07-02 17:53:58',NULL,NULL,NULL,NULL,NULL,NULL,NULL,NULL,NULL,'Y',NULL,'22',NULL,NULL,1,'<ul><li>Rent this structured soft pleating floral dress for a lovely look. It is a perfect wear for a high tea with friends. </li><li>Team it with Mules for a fashionable look. Carrying a black clutch will add grace to it.</li><li>Fabric:</li><li>Length: Short Dress</li><li>Color: Multicolor</li></ul>','Susan Short Dress',NULL,499.00000,NULL,NULL,NULL,NULL,NULL,NULL,NULL,NULL,10247,NULL),(10302,NULL,NULL,NULL,NULL,NULL,NULL,NULL,NULL,NULL,NULL,NULL,'Y',NULL,NULL,NULL,NULL,1,NULL,NULL,0,NULL,NULL,NULL,NULL,NULL,NULL,NULL,NULL,NULL,NULL,10247),(10303,NULL,NULL,NULL,NULL,NULL,NULL,NULL,NULL,NULL,NULL,NULL,'Y',NULL,NULL,NULL,NULL,1,NULL,NULL,0,NULL,NULL,NULL,NULL,NULL,NULL,NULL,NULL,NULL,NULL,10247),(10304,NULL,'2016-07-02 17:55:31',NULL,NULL,NULL,NULL,NULL,NULL,NULL,NULL,NULL,'Y',NULL,'23',NULL,NULL,1,'<ul><li>If you are looking for a picnic-dress, your search is over! Try out the colorful and most cheerful outfit from our collection. It is perfect dress for a chirpy girl and will add to your liveliness. With net-knitted arms and a printed skirt like look, this dress is sure to steal your heart. </li><li>A pair of ballerinas and a white sling back will go perfect with it.</li><li>Fabric:</li><li>Length: Short Dress</li><li>Color: Multicolor</li></ul>','Lizzi Skater Dress',NULL,349.00000,NULL,NULL,NULL,NULL,NULL,NULL,NULL,NULL,10248,NULL),(10305,NULL,'2016-07-02 17:56:46',NULL,NULL,NULL,NULL,NULL,NULL,NULL,NULL,NULL,'Y',NULL,NULL,NULL,NULL,1,NULL,NULL,NULL,NULL,NULL,NULL,NULL,NULL,NULL,NULL,NULL,NULL,NULL,10248),(10306,NULL,'2016-07-02 17:56:59',NULL,NULL,NULL,NULL,NULL,NULL,NULL,NULL,NULL,'Y',NULL,'24',NULL,NULL,1,'<ul><li>A demure net-knitted top with a georgette bottom to make a sleek and cheeky dress, it comes in the classic combination of black and white. It is perfect to be worn on an evening-out with friends. </li><li>Team it up with black high heeled sandals and a glittering black sling bag for a chic look.</li><li>Fabric:</li><li>Length: Full Length</li><li>Color: Black and White</li></ul>','Sarah Gown',NULL,499.00000,NULL,NULL,NULL,NULL,NULL,NULL,NULL,NULL,10249,NULL),(10307,NULL,'2016-07-02 17:58:20',NULL,NULL,NULL,NULL,NULL,NULL,NULL,NULL,NULL,'Y',NULL,NULL,NULL,NULL,1,NULL,NULL,NULL,NULL,NULL,NULL,NULL,NULL,NULL,NULL,NULL,NULL,NULL,10249),(10308,NULL,'2016-07-02 17:58:29',NULL,NULL,NULL,NULL,NULL,NULL,NULL,NULL,NULL,'Y',NULL,'25',NULL,NULL,1,'<ul><li>Wearing a cute little red dress will no longer be a dream, a classic by all means, this dress is perfect for any occasion! Wear it with your friends in the day-time or carry it off to a party in the evening. </li><li>Pair it with nude pumps and a beige hand bag for a diva look.</li><li>Fabric:</li><li>Length: Short Length</li><li>Color: Red</li></ul>','Frieda Short Dress',NULL,399.00000,NULL,NULL,NULL,NULL,NULL,NULL,NULL,NULL,10250,NULL),(10309,NULL,'2016-07-02 17:59:21',NULL,NULL,NULL,NULL,NULL,NULL,NULL,NULL,NULL,'Y',NULL,NULL,NULL,NULL,1,NULL,NULL,NULL,NULL,NULL,NULL,NULL,NULL,NULL,NULL,NULL,NULL,NULL,10250),(10310,NULL,'2016-07-02 17:59:46',NULL,NULL,NULL,NULL,NULL,NULL,NULL,NULL,NULL,'Y',NULL,'26',NULL,NULL,1,'<ul><li>We have crafted this stunning side buttoned dress for a graceful and elegant lady within you. Its light colour makes it a great day wear. It is made of a soft and stretchable fabric to give you a perfect fit along with comfort. </li><li>Carry a string of pearls in your neck for a royal look and pair it with golden/copper stilettos.</li><li>Fabric:</li><li>Length: Knee Length</li><li>Color: Beige</li></ul>','Doris Short Dress',NULL,499.00000,NULL,NULL,NULL,NULL,NULL,NULL,NULL,NULL,10251,NULL),(10312,NULL,NULL,NULL,NULL,NULL,NULL,NULL,NULL,NULL,NULL,NULL,'Y',NULL,NULL,NULL,NULL,1,NULL,NULL,0,NULL,NULL,NULL,NULL,NULL,NULL,NULL,NULL,NULL,NULL,10251),(10314,NULL,'2016-07-02 18:02:46',NULL,NULL,NULL,NULL,NULL,NULL,NULL,NULL,NULL,'Y',NULL,'27',NULL,NULL,1,'<ul><li>Look like a dream in this floral print jumpsuit. Done in a soft hue and some little splashes of color, this outfit is is ideal for a casual outing. Crafted out of soft cotton spandex fabric, it is very comfortable in warm and balmy weather.</li><li>You can pair it with matching pumps and a sling bag to bring out the best look.</li><li>Fabric:</li><li>Length: Full Length</li><li>Color: Multi-color</li></ul>','Isabell Jumpsuit',NULL,249.00000,NULL,NULL,NULL,NULL,NULL,NULL,NULL,NULL,10252,NULL),(10315,NULL,NULL,NULL,NULL,NULL,NULL,NULL,NULL,NULL,NULL,NULL,'Y',NULL,NULL,NULL,NULL,1,NULL,NULL,0,NULL,NULL,NULL,NULL,NULL,NULL,NULL,NULL,NULL,NULL,10252),(10317,NULL,NULL,NULL,NULL,NULL,NULL,NULL,NULL,NULL,NULL,NULL,'Y',NULL,NULL,NULL,NULL,1,NULL,NULL,0,NULL,NULL,NULL,NULL,NULL,NULL,NULL,NULL,NULL,NULL,10252),(10318,NULL,'2016-07-02 18:04:14',NULL,NULL,NULL,NULL,NULL,NULL,NULL,NULL,NULL,'Y',NULL,'28',NULL,NULL,1,'<ul><li>Put your best foot forward with this sure-to-impress dress. Done in a rare style of check and a beautiful net motif on the waist area, it is a very elegant piece. Made out of cotton, it will remain comfortable in warm weather.</li><li>Pair it with black pumps and a glittering black clutch to bring out its best!</li><li>Fabric:</li><li>Length: Knee Length</li><li>Color: White and Black</li></ul>','Sally White Short Dress',NULL,399.00000,NULL,NULL,NULL,NULL,NULL,NULL,NULL,NULL,10253,NULL),(10319,NULL,'2016-07-02 18:05:19',NULL,NULL,NULL,NULL,NULL,NULL,NULL,NULL,NULL,'Y',NULL,NULL,NULL,NULL,1,NULL,NULL,NULL,NULL,NULL,NULL,NULL,NULL,NULL,NULL,NULL,NULL,NULL,10253),(10320,NULL,'2016-07-02 18:05:41',NULL,NULL,NULL,NULL,NULL,NULL,NULL,NULL,NULL,'Y',NULL,'29',NULL,NULL,1,'<ul><li>Put your best foot forward with this sure-to-impress dress. Done in a rare style of check and a beautiful net motif on the waist area, it is a very elegant piece. Made out of cotton, it will remain comfortable in warm weather.</li><li>Pair it with black pumps and a glittering black clutch to bring out its best!</li><li>Fabric:</li><li>Length: Knee Length</li><li>Colour: Red and Black</li></ul>','Sally Red Short Dress',NULL,399.00000,NULL,NULL,NULL,NULL,NULL,NULL,NULL,NULL,10254,NULL),(10321,NULL,'2016-07-02 18:06:56',NULL,NULL,NULL,NULL,NULL,NULL,NULL,NULL,NULL,'Y',NULL,NULL,NULL,NULL,1,NULL,NULL,NULL,NULL,NULL,NULL,NULL,NULL,NULL,NULL,NULL,NULL,NULL,10254),(10322,NULL,'2016-07-02 18:07:18',NULL,NULL,NULL,NULL,NULL,NULL,NULL,NULL,NULL,'Y',NULL,'30',NULL,NULL,1,'<ul><li>Impress one and all with your chic look when you carry off this floral pleated skirt and peach crop top with a brooch. This style is doing rounds in the world of latest fashion. The cuts are western and very sleek. It can be worn to clubs or cocktail parties. </li><li>Team it up with nude pimps and a glittering clutch for Diva-like look.</li><li>Fabric:</li><li>Length: Full Length</li><li>Color: Pink and Blue</li></ul>','Delihlah Crop Top and Skirt',NULL,299.00000,NULL,NULL,NULL,NULL,NULL,NULL,NULL,NULL,10255,NULL),(10323,NULL,'2016-07-02 18:08:30',NULL,NULL,NULL,NULL,NULL,NULL,NULL,NULL,NULL,'Y',NULL,NULL,NULL,NULL,1,NULL,NULL,NULL,NULL,NULL,NULL,NULL,NULL,NULL,NULL,NULL,NULL,NULL,10255),(10324,NULL,'2016-07-02 18:08:48',NULL,NULL,NULL,NULL,NULL,NULL,NULL,NULL,NULL,'Y',NULL,'31',NULL,NULL,1,'<ul><li>Get your attention to this beautiful Bandeau dress. With an embellished neckline and waist sides, it is a beautiful cocktail party dress. Made out of Georgette, the dress will flow like a dream and make you feel like a princess.</li><li>Pair it with glittering stilettos and a golden clutch to complete the look.</li><li>Fabric:</li><li>Length: Full Length</li><li>Color: Beige</li></ul>','Opal Gown',NULL,599.00000,NULL,NULL,NULL,NULL,NULL,NULL,NULL,NULL,10256,NULL),(10327,NULL,NULL,NULL,NULL,NULL,NULL,NULL,NULL,NULL,NULL,NULL,'Y',NULL,NULL,NULL,NULL,1,NULL,NULL,0,NULL,NULL,NULL,NULL,NULL,NULL,NULL,NULL,NULL,NULL,10256),(10328,NULL,'2016-07-02 18:10:40',NULL,NULL,NULL,NULL,NULL,NULL,NULL,NULL,NULL,'Y',NULL,'32',NULL,NULL,1,'<ul><li>Jet through the day in the casual and cheeky dress. It is a cute choice for a lively girl. Perfect for a day out or party with friends. It is made out of a smooth and comfortable fabric to keep you cool the whole day.</li><li>Try it with a pair of loafers and a back-pack to head for a picnic or carry a clutch while going to party.</li><li>Fabric:</li><li>Length: Short Length</li><li>Color: Black and Yellow</li></ul><span></span>','Chloe Short Dress',NULL,349.00000,NULL,NULL,NULL,NULL,NULL,NULL,NULL,NULL,10257,NULL),(10329,NULL,'2016-07-02 18:12:26',NULL,NULL,NULL,NULL,NULL,NULL,NULL,NULL,NULL,'Y',NULL,NULL,NULL,NULL,1,NULL,NULL,NULL,NULL,NULL,NULL,NULL,NULL,NULL,NULL,NULL,NULL,NULL,10257),(10352,NULL,'2016-07-09 18:25:38',NULL,NULL,NULL,NULL,NULL,NULL,NULL,NULL,NULL,'Y',NULL,NULL,NULL,NULL,1,NULL,NULL,NULL,NULL,NULL,NULL,NULL,NULL,NULL,NULL,NULL,NULL,NULL,10215),(10400,NULL,'2016-07-11 15:50:36',NULL,NULL,NULL,NULL,NULL,NULL,NULL,NULL,NULL,'Y',NULL,NULL,NULL,NULL,1,NULL,NULL,NULL,NULL,NULL,NULL,NULL,NULL,NULL,NULL,NULL,NULL,NULL,10249),(10401,NULL,'2016-07-12 04:30:21',NULL,NULL,NULL,NULL,NULL,NULL,NULL,NULL,NULL,'Y',NULL,NULL,NULL,NULL,1,NULL,NULL,NULL,NULL,NULL,NULL,NULL,NULL,NULL,NULL,NULL,NULL,NULL,10253),(10402,NULL,'2016-07-12 04:34:19',NULL,NULL,NULL,NULL,NULL,NULL,NULL,NULL,NULL,'Y',NULL,NULL,NULL,NULL,1,NULL,NULL,NULL,NULL,NULL,NULL,NULL,NULL,NULL,NULL,NULL,NULL,NULL,10254),(10403,NULL,'2016-07-12 04:39:16',NULL,NULL,NULL,NULL,NULL,NULL,NULL,NULL,NULL,'Y',NULL,NULL,NULL,NULL,1,NULL,NULL,NULL,NULL,NULL,NULL,NULL,NULL,NULL,NULL,NULL,NULL,NULL,10255),(10404,NULL,'2016-07-12 05:00:55',NULL,NULL,NULL,NULL,NULL,NULL,NULL,NULL,NULL,'Y',NULL,NULL,NULL,NULL,1,NULL,NULL,NULL,NULL,NULL,NULL,NULL,NULL,NULL,NULL,NULL,NULL,NULL,10256),(10453,NULL,'2016-08-07 07:47:28',NULL,NULL,NULL,NULL,NULL,NULL,NULL,NULL,NULL,'Y',NULL,'61',NULL,NULL,1,NULL,'Green Gown',NULL,2000.00000,NULL,NULL,NULL,NULL,NULL,NULL,NULL,NULL,10300,NULL),(10500,NULL,'2016-08-15 14:00:29',NULL,NULL,NULL,NULL,NULL,NULL,NULL,NULL,NULL,'Y',NULL,NULL,NULL,NULL,1,NULL,'White Pearl Set',NULL,500.00000,NULL,NULL,NULL,NULL,NULL,NULL,NULL,NULL,10350,NULL),(10501,NULL,'2016-08-15 14:04:26',NULL,NULL,NULL,NULL,NULL,NULL,NULL,NULL,NULL,'Y',NULL,NULL,NULL,NULL,1,NULL,'Pearl Set',NULL,500.00000,NULL,NULL,NULL,NULL,NULL,NULL,NULL,NULL,10351,NULL),(10502,NULL,'2016-08-15 14:06:39',NULL,NULL,NULL,NULL,NULL,NULL,NULL,NULL,NULL,'Y',NULL,NULL,NULL,NULL,1,NULL,'Vintage Set',NULL,600.00000,NULL,NULL,NULL,NULL,NULL,NULL,NULL,NULL,10352,NULL),(10503,NULL,'2016-08-15 14:07:36',NULL,NULL,NULL,NULL,NULL,NULL,NULL,NULL,NULL,'Y',NULL,NULL,NULL,NULL,1,NULL,'White and Golden elegant Set',NULL,500.00000,NULL,NULL,NULL,NULL,NULL,NULL,NULL,NULL,10353,NULL),(10504,NULL,'2016-08-15 14:08:54',NULL,NULL,NULL,NULL,NULL,NULL,NULL,NULL,NULL,'Y',NULL,NULL,NULL,NULL,1,NULL,'White and Golden Stone Set',NULL,600.00000,NULL,NULL,NULL,NULL,NULL,NULL,NULL,NULL,10354,NULL),(10505,NULL,'2016-08-15 14:10:27',NULL,NULL,NULL,NULL,NULL,NULL,NULL,NULL,NULL,'Y',NULL,NULL,NULL,NULL,1,NULL,'Vintage White Stone Earring',NULL,249.00000,NULL,NULL,NULL,NULL,NULL,NULL,NULL,NULL,10355,NULL),(10506,NULL,'2016-08-15 14:12:58',NULL,NULL,NULL,NULL,NULL,NULL,NULL,NULL,NULL,'Y',NULL,NULL,NULL,NULL,1,NULL,'Vintage Gold Plated Earrings',NULL,249.00000,NULL,NULL,NULL,NULL,NULL,NULL,NULL,NULL,10356,NULL),(10507,NULL,'2016-08-15 14:14:13',NULL,NULL,NULL,NULL,NULL,NULL,NULL,NULL,NULL,'Y',NULL,NULL,NULL,NULL,1,NULL,'Pink Crafted Earrings',NULL,199.00000,NULL,NULL,NULL,NULL,NULL,NULL,NULL,NULL,10357,NULL),(10508,NULL,'2016-08-15 14:15:51',NULL,NULL,NULL,NULL,NULL,NULL,NULL,NULL,NULL,'Y',NULL,NULL,NULL,NULL,1,NULL,'Golden Jhumki',NULL,249.00000,NULL,NULL,NULL,NULL,NULL,NULL,NULL,NULL,10358,NULL);
/*!40000 ALTER TABLE `BLC_SKU` ENABLE KEYS */;
UNLOCK TABLES;

--
-- Dumping data for table `BLC_SKU_ATTRIBUTE`
--

LOCK TABLES `BLC_SKU_ATTRIBUTE` WRITE;
/*!40000 ALTER TABLE `BLC_SKU_ATTRIBUTE` DISABLE KEYS */;
/*!40000 ALTER TABLE `BLC_SKU_ATTRIBUTE` ENABLE KEYS */;
UNLOCK TABLES;

--
-- Dumping data for table `BLC_SKU_AVAILABILITY`
--

LOCK TABLES `BLC_SKU_AVAILABILITY` WRITE;
/*!40000 ALTER TABLE `BLC_SKU_AVAILABILITY` DISABLE KEYS */;
/*!40000 ALTER TABLE `BLC_SKU_AVAILABILITY` ENABLE KEYS */;
UNLOCK TABLES;

--
-- Dumping data for table `BLC_SKU_BUNDLE_ITEM`
--

LOCK TABLES `BLC_SKU_BUNDLE_ITEM` WRITE;
/*!40000 ALTER TABLE `BLC_SKU_BUNDLE_ITEM` DISABLE KEYS */;
/*!40000 ALTER TABLE `BLC_SKU_BUNDLE_ITEM` ENABLE KEYS */;
UNLOCK TABLES;

--
-- Dumping data for table `BLC_SKU_FEE`
--

LOCK TABLES `BLC_SKU_FEE` WRITE;
/*!40000 ALTER TABLE `BLC_SKU_FEE` DISABLE KEYS */;
/*!40000 ALTER TABLE `BLC_SKU_FEE` ENABLE KEYS */;
UNLOCK TABLES;

--
-- Dumping data for table `BLC_SKU_FEE_XREF`
--

LOCK TABLES `BLC_SKU_FEE_XREF` WRITE;
/*!40000 ALTER TABLE `BLC_SKU_FEE_XREF` DISABLE KEYS */;
/*!40000 ALTER TABLE `BLC_SKU_FEE_XREF` ENABLE KEYS */;
UNLOCK TABLES;

--
-- Dumping data for table `BLC_SKU_FULFILLMENT_EXCLUDED`
--

LOCK TABLES `BLC_SKU_FULFILLMENT_EXCLUDED` WRITE;
/*!40000 ALTER TABLE `BLC_SKU_FULFILLMENT_EXCLUDED` DISABLE KEYS */;
/*!40000 ALTER TABLE `BLC_SKU_FULFILLMENT_EXCLUDED` ENABLE KEYS */;
UNLOCK TABLES;

--
-- Dumping data for table `BLC_SKU_FULFILLMENT_FLAT_RATES`
--

LOCK TABLES `BLC_SKU_FULFILLMENT_FLAT_RATES` WRITE;
/*!40000 ALTER TABLE `BLC_SKU_FULFILLMENT_FLAT_RATES` DISABLE KEYS */;
/*!40000 ALTER TABLE `BLC_SKU_FULFILLMENT_FLAT_RATES` ENABLE KEYS */;
UNLOCK TABLES;

--
-- Dumping data for table `BLC_SKU_MEDIA_MAP`
--

LOCK TABLES `BLC_SKU_MEDIA_MAP` WRITE;
/*!40000 ALTER TABLE `BLC_SKU_MEDIA_MAP` DISABLE KEYS */;
INSERT INTO `BLC_SKU_MEDIA_MAP` (`SKU_MEDIA_ID`, `MAP_KEY`, `MEDIA_ID`, `BLC_SKU_SKU_ID`) VALUES (151,'primary',100150,10150),(152,'side-left',100151,10150),(153,'back',100152,10150),(154,'side-right',100153,10150),(155,'close-front',100154,10150),(156,'front-left',100155,10150),(157,'primary',100156,10154),(201,'primary',100200,10200),(202,'primary',100201,10204),(203,'primary',100202,10208),(204,'primary',100203,10212),(205,'primary',100204,10216),(206,'primary',100205,10220),(207,'primary',100206,10224),(208,'primary',100207,10228),(209,'primary',100208,10232),(210,'primary',100209,10236),(211,'primary',100210,10240),(212,'primary',100211,10244),(213,'primary',100212,10248),(214,'primary',100213,10252),(215,'primary',100214,10256),(216,'primary',100215,10260),(217,'primary',100216,10261),(218,'primary',100217,10265),(219,'primary',100218,10269),(220,'primary',100219,10270),(221,'primary',100220,10271),(222,'primary',100221,10272),(223,'primary',100222,10273),(224,'primary',100223,10274),(225,'primary',100224,10275),(226,'primary',100225,10276),(227,'primary',100226,10277),(229,'primary',100228,10279),(230,'primary',100229,10280),(231,'primary',100230,10281),(232,'primary',100231,10282),(233,'primary',100232,10283),(234,'primary',100233,10284),(235,'primary',100234,10285),(236,'primary',100235,10286),(237,'primary',100236,10287),(238,'primary',100237,10288),(239,'primary',100238,10289),(241,'primary',100240,10291),(242,'primary',100241,10292),(243,'primary',100242,10293),(244,'primary',100243,10294),(245,'primary',100244,10295),(246,'primary',100245,10296),(247,'primary',100246,10297),(248,'primary',100247,10298),(249,'primary',100248,10300),(250,'primary',100249,10304),(251,'primary',100250,10306),(252,'primary',100251,10308),(253,'primary',100252,10310),(254,'primary',100253,10314),(255,'primary',100254,10318),(256,'primary',100255,10320),(257,'primary',100256,10322),(258,'primary',100257,10324),(259,'primary',100258,10328),(301,'front',100300,10200),(302,'front-right',100301,10200),(303,'front-left',100302,10200),(304,'back',100303,10200),(305,'front right',100304,10204),(306,'front left',100305,10204),(307,'back',100306,10204),(308,'front',100307,10204),(309,'front right',100308,10208),(310,'front left',100309,10208),(311,'back',100310,10208),(312,'front',100311,10208),(314,'front right',100313,10212),(315,'front left',100314,10212),(317,'front',100316,10212),(318,'back',100317,10212),(319,'front right',100318,10216),(320,'front left',100319,10216),(321,'back',100320,10216),(323,'front',100322,10216),(324,'front right',100323,10220),(325,'front left',100324,10220),(326,'back',100325,10220),(327,'front',100326,10220),(328,'front right',100327,10224),(329,'front left',100328,10224),(330,'back',100329,10224),(331,'front',100330,10224),(332,'front right',100331,10228),(333,'front left',100332,10228),(334,'back',100333,10228),(335,'front',100334,10228),(336,'front right',100335,10232),(337,'front left',100336,10232),(338,'back',100337,10232),(339,'front',100338,10232),(340,'front right',100339,10236),(341,'front left',100340,10236),(342,'back',100341,10236),(343,'front',100342,10236),(344,'front right',100343,10240),(345,'front left',100344,10240),(346,'back',100345,10240),(347,'front',100346,10240),(348,'front right',100347,10244),(349,'front left',100348,10244),(350,'back',100349,10244),(351,'front',100350,10244),(352,'front right',100351,10248),(353,'front left',100352,10248),(354,'back',100353,10248),(355,'front',100354,10248),(356,'front right',100355,10252),(357,'front left',100356,10252),(358,'back',100357,10252),(359,'front',100358,10252),(360,'front right',100359,10256),(361,'front left',100360,10256),(362,'back',100361,10256),(363,'front',100362,10256),(364,'front right',100363,10260),(365,'front left',100364,10260),(366,'back',100365,10260),(367,'front',100366,10260),(368,'front right',100367,10261),(369,'front left',100368,10261),(370,'back',100369,10261),(371,'front',100370,10261),(372,'front right',100371,10265),(373,'front left',100372,10265),(374,'back',100373,10265),(375,'front',100374,10265),(376,'front right',100375,10269),(377,'front left',100376,10269),(378,'back',100377,10269),(379,'front',100378,10269),(380,'front right',100379,10270),(381,'front left',100380,10270),(382,'back',100381,10270),(383,'front',100382,10270),(384,'front right',100383,10271),(385,'front left',100384,10271),(386,'back',100385,10271),(387,'front',100386,10271),(388,'front right',100387,10272),(389,'front left',100388,10272),(390,'back',100389,10272),(391,'front',100390,10272),(392,'front right',100391,10273),(393,'front left',100392,10273),(394,'back',100393,10273),(395,'front',100394,10273),(401,'front right',100400,10274),(402,'front left',100401,10274),(403,'back',100402,10274),(404,'front',100403,10274),(405,'front right',100404,10275),(406,'front left',100405,10275),(407,'back',100406,10275),(408,'front',100407,10275),(409,'front right',100408,10276),(410,'front left',100409,10276),(411,'back',100410,10276),(412,'front',100411,10276),(413,'front right',100412,10277),(414,'front left',100413,10277),(415,'back',100414,10277),(416,'front',100415,10277),(417,'front right',100416,10279),(418,'front left',100417,10279),(419,'back',100418,10279),(420,'front',100419,10279),(421,'front right',100420,10280),(422,'front left',100421,10280),(423,'back',100422,10280),(424,'front',100423,10280),(425,'front right',100424,10281),(426,'front left',100425,10281),(427,'back',100426,10281),(428,'front',100427,10281),(429,'front right',100428,10282),(430,'front left',100429,10282),(431,'back',100430,10282),(432,'front',100431,10282),(433,'front right',100432,10283),(434,'front left',100433,10283),(435,'back',100434,10283),(436,'front',100435,10283),(437,'front right',100436,10284),(438,'front left',100437,10284),(439,'back',100438,10284),(440,'front',100439,10284),(441,'front right',100440,10285),(442,'front left',100441,10285),(443,'back',100442,10285),(444,'front',100443,10285),(445,'front right',100444,10286),(446,'front left',100445,10286),(447,'back',100446,10286),(448,'front',100447,10286),(449,'front right',100448,10287),(450,'front left',100449,10287),(451,'back',100450,10287),(452,'front',100451,10287),(453,'front right',100452,10288),(454,'front left',100453,10288),(455,'back',100454,10288),(456,'front',100455,10288),(457,'front right',100456,10289),(458,'front left',100457,10289),(459,'back',100458,10289),(460,'front',100459,10289),(461,'front right',100460,10291),(462,'front left',100461,10291),(463,'back',100462,10291),(464,'front',100463,10291),(465,'front right',100464,10292),(466,'front left',100465,10292),(467,'back',100466,10292),(468,'front',100467,10292),(469,'front right',100468,10293),(470,'front left',100469,10293),(471,'back',100470,10293),(472,'front',100471,10293),(473,'front right',100472,10294),(474,'front left',100473,10294),(475,'back',100474,10294),(476,'front',100475,10294),(477,'front right',100476,10295),(478,'front left',100477,10295),(479,'back',100478,10295),(480,'front',100479,10295),(481,'front right',100480,10296),(482,'front left',100481,10296),(483,'back',100482,10296),(484,'front',100483,10296),(485,'front right',100484,10297),(486,'front left',100485,10297),(487,'back',100486,10297),(488,'front',100487,10297),(489,'front right',100488,10298),(490,'front left',100489,10298),(491,'back',100490,10298),(492,'front',100491,10298),(493,'front right',100492,10300),(494,'front left',100493,10300),(495,'back',100494,10300),(496,'front',100495,10300),(497,'front right',100496,10304),(498,'front left',100497,10304),(499,'back',100498,10304),(500,'front',100499,10304),(501,'front right',100500,10306),(502,'front left',100501,10306),(503,'back',100502,10306),(504,'front',100503,10306),(505,'front right',100504,10308),(506,'front left',100505,10308),(507,'back',100506,10308),(508,'front',100507,10308),(509,'front right',100508,10310),(510,'front left',100509,10310),(511,'back',100510,10310),(512,'front',100511,10310),(513,'front right',100512,10314),(514,'front left',100513,10314),(515,'back',100514,10314),(516,'front',100515,10314),(517,'front right',100516,10318),(518,'front left',100517,10318),(519,'back',100518,10318),(520,'front',100519,10318),(521,'front right',100520,10320),(522,'front left',100521,10320),(523,'back',100522,10320),(524,'front',100523,10320),(525,'front right',100524,10322),(526,'front left',100525,10322),(527,'back',100526,10322),(528,'front',100527,10322),(529,'front right',100528,10324),(530,'front left',100529,10324),(531,'back',100530,10324),(532,'front',100531,10324),(533,'front right',100532,10328),(534,'front left',100533,10328),(535,'back',100534,10328),(536,'front',100535,10328),(551,'Front',100550,10154),(552,'Front-Left',100551,10154),(553,'Front-Right',100552,10154),(554,'Back',100553,10154),(555,'Close-Up',100554,10154),(556,'Close-Up',100555,10200),(557,'Close-Up',100556,10204),(558,'Close-Up',100557,10208),(559,'Close-Up',100558,10212),(560,'Close-Up',100559,10216),(561,'Close-Up',100560,10220),(562,'Close-Up',100561,10224),(563,'Close-Up',100562,10228),(564,'Close-Up',100563,10232),(565,'Close-Up',100564,10236),(566,'Close-Up',100565,10240),(567,'Close-Up',100566,10244),(568,'Close-Up',100567,10248),(569,'Close-Up1',100568,10252),(570,'Close-Up2',100569,10252),(571,'Close-Up',100570,10256),(572,'Close-Up',100571,10260),(573,'Close-Up',100572,10261),(574,'Close-Up',100573,10265),(575,'Close-Up',100574,10269),(576,'Close-Up1',100575,10270),(577,'Close-Up2',100576,10270),(578,'Close-Up',100577,10271),(579,'Close-Up',100578,10272),(580,'Close-Up',100579,10273),(581,'Close-Up',100580,10274),(582,'Close-Up',100581,10275),(583,'Close-Up1',100582,10275),(584,'Close-Up',100583,10276),(585,'Close-Up1',100584,10276),(586,'Close-Up',100585,10277),(587,'Close-Up1',100586,10277),(588,'Close-Up',100587,10279),(589,'Close-Up',100588,10283),(590,'Close-Up1',100589,10283),(591,'Close-Up',100590,10284),(592,'Close-Up',100591,10280),(593,'Close-Up1',100592,10280),(594,'Close-Up',100593,10281),(595,'Close-Up',100594,10282),(596,'Close-Up1',100595,10282),(597,'Close-Up',100596,10285),(598,'Close-Up1',100597,10285),(599,'Close-Up2',100598,10285),(600,'Close-Up',100599,10286),(601,'Close-Up',100600,10287),(602,'Close-Up',100601,10288),(603,'Close-Up1',100602,10288),(604,'Close-Up',100603,10289),(605,'Close-Up',100604,10291),(606,'Close-Up1',100605,10291),(607,'Close-Up',100606,10292),(608,'Close-Up1',100607,10292),(609,'Close-Up',100608,10293),(610,'Close-Up1',100609,10293),(611,'Close-Up',100610,10294),(612,'Close-Up1',100611,10294),(613,'Close-Up',100612,10295),(614,'Close-Up',100613,10296),(615,'Close-Up',100614,10297),(616,'Close-Up1',100615,10297),(617,'Close-Up',100616,10298),(618,'Close-Up',100617,10300),(619,'Close-Up',100618,10304),(620,'Close-Up',100619,10306),(621,'Close-Up',100620,10308),(622,'Close-Up',100621,10310),(623,'Close-Up',100622,10314),(624,'Close-Up',100623,10318),(625,'Close-Up',100624,10320),(626,'Close-Up',100625,10322),(627,'Close-Up1',100626,10322),(628,'Close-Up',100627,10324),(629,'Close-Up',100628,10328),(630,'primary',100629,10290),(634,'primary',100633,10453),(651,'primary',100650,10500),(652,'primary',100651,10501),(653,'primary',100652,10502),(654,'primary',100653,10503),(655,'primary',100654,10504),(656,'primary',100655,10505),(657,'primary',100656,10506),(658,'primary',100657,10507),(659,'primary',100658,10508);
/*!40000 ALTER TABLE `BLC_SKU_MEDIA_MAP` ENABLE KEYS */;
UNLOCK TABLES;

--
-- Dumping data for table `BLC_SKU_OPTION_VALUE_XREF`
--

LOCK TABLES `BLC_SKU_OPTION_VALUE_XREF` WRITE;
/*!40000 ALTER TABLE `BLC_SKU_OPTION_VALUE_XREF` DISABLE KEYS */;
INSERT INTO `BLC_SKU_OPTION_VALUE_XREF` (`SKU_OPTION_VALUE_XREF_ID`, `PRODUCT_OPTION_VALUE_ID`, `SKU_ID`) VALUES (1155,1002,10207),(1159,1000,10213),(1161,1002,10215),(1173,1002,10231),(1176,1002,10235),(1179,1002,10239),(1182,1002,10243),(1185,1002,10247),(1186,1000,10249),(1188,1002,10251),(1189,1000,10253),(1192,1000,10257),(1197,1002,10264),(1198,1000,10266),(1199,1001,10267),(1200,1002,10268),(1201,1000,10299),(1202,1001,10299),(1204,1001,10302),(1205,1002,10303),(1206,1002,10305),(1207,1001,10307),(1208,1001,10309),(1210,1001,10312),(1212,1000,10315),(1214,1002,10317),(1215,1001,10319),(1216,1002,10321),(1217,1000,10323),(1220,1002,10327),(1221,1002,10329),(1252,1000,10352),(1300,1002,10400),(1301,1002,10401),(1302,1001,10402),(1303,1002,10403),(1304,1000,10404);
/*!40000 ALTER TABLE `BLC_SKU_OPTION_VALUE_XREF` ENABLE KEYS */;
UNLOCK TABLES;

--
-- Dumping data for table `BLC_STATE`
--

LOCK TABLES `BLC_STATE` WRITE;
/*!40000 ALTER TABLE `BLC_STATE` DISABLE KEYS */;
INSERT INTO `BLC_STATE` (`ABBREVIATION`, `NAME`, `COUNTRY`) VALUES ('AA','ARMED FORCES AMERICA','US'),('AB','ALBERTA','CA'),('AE','ARMED FORCES','US'),('AK','ALASKA','US'),('AL','ALABAMA','US'),('AP','ARMED FORCES PACIFIC','US'),('AR','ARKANSAS','US'),('AS','AMERICAN SAMOA','US'),('AZ','ARIZONA','US'),('BC','BRITISH COLUMBIA','CA'),('CA','CALIFORNIA','US'),('CO','COLORADO','US'),('CT','CONNECTICUT','US'),('DC','DISTRICT OF COLUMBIA','US'),('DE','DELAWARE','US'),('FL','FLORIDA','US'),('FM','FEDERATED STATES OF MICRONESIA','US'),('GA','GEORGIA','US'),('GU','GUAM','US'),('HI','HAWAII','US'),('IA','IOWA','US'),('ID','IDAHO','US'),('IL','ILLINOIS','US'),('IN','INDIANA','US'),('KS','KANSAS','US'),('KY','KENTUCKY','US'),('LA','LOUISIANA','US'),('MA','MASSACHUSETTS','US'),('MB','MANITOBA','CA'),('MD','MARYLAND','US'),('ME','MAINE','US'),('MH','MARSHALL ISLANDS','US'),('MI','MICHIGAN','US'),('MN','MINNESOTA','US'),('MO','MISSOURI','US'),('MP','NORTHERN MARIANA ISLANDS','US'),('MS','MISSISSIPPI','US'),('MT','MONTANA','US'),('NB','NEW BRUNSWICK','CA'),('NC','NORTH CAROLINA','US'),('ND','NORTH DAKOTA','US'),('NE','NEBRASKA','US'),('NH','NEW HAMPSHIRE','US'),('NJ','NEW JERSEY','US'),('NL','NEWFOUNDLAND','CA'),('NM','NEW MEXICO','US'),('NS','NOVA SCOTIA','CA'),('NT','NORTHWEST TERRITORIES','CA'),('NU','NUNAVUT','CA'),('NV','NEVADA','US'),('NY','NEW YORK','US'),('OH','OHIO','US'),('OK','OKLAHOMA','US'),('ON','ONTARIO','CA'),('OR','OREGON','US'),('PA','PENNSYLVANIA','US'),('PE','PRINCE EDWARD ISLAND','CA'),('PR','PUERTO RICO','US'),('PW','PALAU','US'),('QC','QUEBEC','CA'),('RI','RHODE ISLAND','US'),('SC','SOUTH CAROLINA','US'),('SD','SOUTH DAKOTA','US'),('SK','SASKATCHEWAN','CA'),('TN','TENNESSEE','US'),('TX','TEXAS','US'),('UT','UTAH','US'),('VA','VIRGINIA','US'),('VI','VIRGIN ISLANDS','US'),('VT','VERMONT','US'),('WA','WASHINGTON','US'),('WI','WISCONSIN','US'),('WV','WEST VIRGINIA','US'),('WY','WYOMING','US'),('YT','YUKON','CA');
/*!40000 ALTER TABLE `BLC_STATE` ENABLE KEYS */;
UNLOCK TABLES;

--
-- Dumping data for table `BLC_STATIC_ASSET`
--

LOCK TABLES `BLC_STATIC_ASSET` WRITE;
/*!40000 ALTER TABLE `BLC_STATIC_ASSET` DISABLE KEYS */;
INSERT INTO `BLC_STATIC_ASSET` (`STATIC_ASSET_ID`, `ALT_TEXT`, `CREATED_BY`, `DATE_CREATED`, `DATE_UPDATED`, `UPDATED_BY`, `FILE_EXTENSION`, `FILE_SIZE`, `FULL_URL`, `MIME_TYPE`, `NAME`, `STORAGE_TYPE`, `TITLE`) VALUES (100050,NULL,-1,'2016-06-28 16:50:23',NULL,NULL,'jpg',1945591,'/product/IMG_6626.JPG','image/jpeg','IMG_6626.JPG','FILESYSTEM','IMG_6626.JPG'),(100051,NULL,-1,'2016-06-28 16:50:23',NULL,NULL,'jpg',1952584,'/product/IMG_6627.JPG','image/jpeg','IMG_6627.JPG','FILESYSTEM','IMG_6627.JPG'),(100052,NULL,-1,'2016-06-28 16:50:23',NULL,NULL,'jpg',1973005,'/product/IMG_6628.JPG','image/jpeg','IMG_6628.JPG','FILESYSTEM','IMG_6628.JPG'),(100053,NULL,-1,'2016-06-28 16:50:23',NULL,NULL,'jpg',1850246,'/product/IMG_6630.JPG','image/jpeg','IMG_6630.JPG','FILESYSTEM','IMG_6630.JPG'),(100054,NULL,-1,'2016-06-28 16:50:23',NULL,NULL,'jpg',1643181,'/product/IMG_6641.JPG','image/jpeg','IMG_6641.JPG','FILESYSTEM','IMG_6641.JPG'),(100055,NULL,-1,'2016-06-28 16:50:23',NULL,NULL,'jpg',2393831,'/product/IMG_6643.JPG','image/jpeg','IMG_6643.JPG','FILESYSTEM','IMG_6643.JPG'),(100056,NULL,-1,'2016-06-28 16:50:23',NULL,NULL,'jpg',1816949,'/product/IMG_6645.JPG','image/jpeg','IMG_6645.JPG','FILESYSTEM','IMG_6645.JPG'),(100057,NULL,-1,'2016-06-28 16:50:23',NULL,NULL,'jpg',1788313,'/product/IMG_6646.JPG','image/jpeg','IMG_6646.JPG','FILESYSTEM','IMG_6646.JPG'),(100058,NULL,-1,'2016-06-28 16:50:23',NULL,NULL,'jpg',1851295,'/product/IMG_6647.JPG','image/jpeg','IMG_6647.JPG','FILESYSTEM','IMG_6647.JPG'),(100059,NULL,-1,'2016-06-28 16:50:23',NULL,NULL,'jpg',1881982,'/product/IMG_6648.JPG','image/jpeg','IMG_6648.JPG','FILESYSTEM','IMG_6648.JPG'),(100060,NULL,-1,'2016-06-28 16:50:23',NULL,NULL,'jpg',1789889,'/product/IMG_6649.JPG','image/jpeg','IMG_6649.JPG','FILESYSTEM','IMG_6649.JPG'),(100061,NULL,-1,'2016-06-28 16:50:23',NULL,NULL,'jpg',2123126,'/product/IMG_6650.JPG','image/jpeg','IMG_6650.JPG','FILESYSTEM','IMG_6650.JPG'),(100062,NULL,-1,'2016-06-28 16:50:23',NULL,NULL,'jpg',2154438,'/product/IMG_6651.JPG','image/jpeg','IMG_6651.JPG','FILESYSTEM','IMG_6651.JPG'),(100063,NULL,-1,'2016-06-28 16:50:23',NULL,NULL,'jpg',2145072,'/product/IMG_6652.JPG','image/jpeg','IMG_6652.JPG','FILESYSTEM','IMG_6652.JPG'),(100064,NULL,-1,'2016-06-28 16:50:23',NULL,NULL,'jpg',1857741,'/product/IMG_6653.JPG','image/jpeg','IMG_6653.JPG','FILESYSTEM','IMG_6653.JPG'),(100065,NULL,-1,'2016-06-28 16:50:23',NULL,NULL,'jpg',1789630,'/product/IMG_6654.JPG','image/jpeg','IMG_6654.JPG','FILESYSTEM','IMG_6654.JPG'),(100066,NULL,-1,'2016-06-28 16:50:23',NULL,NULL,'jpg',1849453,'/product/IMG_6655.JPG','image/jpeg','IMG_6655.JPG','FILESYSTEM','IMG_6655.JPG'),(100067,NULL,-1,'2016-06-28 16:50:23',NULL,NULL,'jpg',1778242,'/product/IMG_6656.JPG','image/jpeg','IMG_6656.JPG','FILESYSTEM','IMG_6656.JPG'),(100068,NULL,-1,'2016-06-28 16:50:23',NULL,NULL,'jpg',1884512,'/product/IMG_6657.JPG','image/jpeg','IMG_6657.JPG','FILESYSTEM','IMG_6657.JPG'),(100069,NULL,-1,'2016-06-28 16:50:23',NULL,NULL,'jpg',1779650,'/product/IMG_6658.JPG','image/jpeg','IMG_6658.JPG','FILESYSTEM','IMG_6658.JPG'),(100070,NULL,-1,'2016-06-28 16:50:23',NULL,NULL,'jpg',1993918,'/product/IMG_6659.JPG','image/jpeg','IMG_6659.JPG','FILESYSTEM','IMG_6659.JPG'),(100071,NULL,-1,'2016-06-28 16:50:23',NULL,NULL,'jpg',1935341,'/product/IMG_6660.JPG','image/jpeg','IMG_6660.JPG','FILESYSTEM','IMG_6660.JPG'),(100072,NULL,-1,'2016-06-28 16:50:23',NULL,NULL,'jpg',1844080,'/product/IMG_6661.JPG','image/jpeg','IMG_6661.JPG','FILESYSTEM','IMG_6661.JPG'),(100073,NULL,-1,'2016-06-28 16:50:23',NULL,NULL,'jpg',1868330,'/product/IMG_6662.JPG','image/jpeg','IMG_6662.JPG','FILESYSTEM','IMG_6662.JPG'),(100074,NULL,-1,'2016-06-28 16:50:23',NULL,NULL,'jpg',1926809,'/product/IMG_6663.JPG','image/jpeg','IMG_6663.JPG','FILESYSTEM','IMG_6663.JPG'),(100075,NULL,-1,'2016-06-28 16:50:23',NULL,NULL,'jpg',1953937,'/product/IMG_6664.JPG','image/jpeg','IMG_6664.JPG','FILESYSTEM','IMG_6664.JPG'),(100076,NULL,-1,'2016-06-28 16:50:23',NULL,NULL,'jpg',1875339,'/product/IMG_6665.JPG','image/jpeg','IMG_6665.JPG','FILESYSTEM','IMG_6665.JPG'),(100077,NULL,-1,'2016-06-28 16:50:23',NULL,NULL,'jpg',2376386,'/product/IMG_6666.JPG','image/jpeg','IMG_6666.JPG','FILESYSTEM','IMG_6666.JPG'),(100078,NULL,-1,'2016-06-28 16:50:23',NULL,NULL,'jpg',1647008,'/product/IMG_6667.JPG','image/jpeg','IMG_6667.JPG','FILESYSTEM','IMG_6667.JPG'),(100079,NULL,-1,'2016-06-28 16:50:23',NULL,NULL,'jpg',1640041,'/product/IMG_6668.JPG','image/jpeg','IMG_6668.JPG','FILESYSTEM','IMG_6668.JPG'),(100080,NULL,-1,'2016-06-28 16:50:23',NULL,NULL,'jpg',1622155,'/product/IMG_6669.JPG','image/jpeg','IMG_6669.JPG','FILESYSTEM','IMG_6669.JPG'),(100081,NULL,-1,'2016-06-28 16:50:23',NULL,NULL,'jpg',1615998,'/product/IMG_6670.JPG','image/jpeg','IMG_6670.JPG','FILESYSTEM','IMG_6670.JPG'),(100082,NULL,-1,'2016-06-28 16:50:23',NULL,NULL,'jpg',1726686,'/product/IMG_6671.JPG','image/jpeg','IMG_6671.JPG','FILESYSTEM','IMG_6671.JPG'),(100083,NULL,-1,'2016-06-28 16:50:23',NULL,NULL,'jpg',1627681,'/product/IMG_6672.JPG','image/jpeg','IMG_6672.JPG','FILESYSTEM','IMG_6672.JPG'),(100084,NULL,-1,'2016-06-28 16:50:23',NULL,NULL,'jpg',1646523,'/product/IMG_6673.JPG','image/jpeg','IMG_6673.JPG','FILESYSTEM','IMG_6673.JPG'),(100085,NULL,-1,'2016-06-28 16:50:23',NULL,NULL,'jpg',1432359,'/product/IMG_6674.JPG','image/jpeg','IMG_6674.JPG','FILESYSTEM','IMG_6674.JPG'),(100086,NULL,-1,'2016-06-28 16:50:23',NULL,NULL,'jpg',2388806,'/product/IMG_6675.JPG','image/jpeg','IMG_6675.JPG','FILESYSTEM','IMG_6675.JPG'),(100087,NULL,-1,'2016-06-28 16:50:23',NULL,NULL,'jpg',1721539,'/product/IMG_6676.JPG','image/jpeg','IMG_6676.JPG','FILESYSTEM','IMG_6676.JPG'),(100088,NULL,-1,'2016-06-28 16:50:23',NULL,NULL,'jpg',1716414,'/product/IMG_6677.JPG','image/jpeg','IMG_6677.JPG','FILESYSTEM','IMG_6677.JPG'),(100089,NULL,-1,'2016-06-28 16:50:23',NULL,NULL,'jpg',1703186,'/product/IMG_6678.JPG','image/jpeg','IMG_6678.JPG','FILESYSTEM','IMG_6678.JPG'),(100090,NULL,-1,'2016-06-28 16:50:23',NULL,NULL,'jpg',1818919,'/product/IMG_6679.JPG','image/jpeg','IMG_6679.JPG','FILESYSTEM','IMG_6679.JPG'),(100091,NULL,-1,'2016-06-28 16:50:23',NULL,NULL,'jpg',1709453,'/product/IMG_6680.JPG','image/jpeg','IMG_6680.JPG','FILESYSTEM','IMG_6680.JPG'),(100092,NULL,-1,'2016-06-28 16:50:23',NULL,NULL,'jpg',1768993,'/product/IMG_6681.JPG','image/jpeg','IMG_6681.JPG','FILESYSTEM','IMG_6681.JPG'),(100093,NULL,-1,'2016-06-28 16:50:23',NULL,NULL,'jpg',1740075,'/product/IMG_6682.JPG','image/jpeg','IMG_6682.JPG','FILESYSTEM','IMG_6682.JPG'),(100094,NULL,-1,'2016-06-28 16:50:23',NULL,NULL,'jpg',1774060,'/product/IMG_6683.JPG','image/jpeg','IMG_6683.JPG','FILESYSTEM','IMG_6683.JPG'),(100095,NULL,-1,'2016-06-28 16:50:23',NULL,NULL,'jpg',1902682,'/product/IMG_6684.JPG','image/jpeg','IMG_6684.JPG','FILESYSTEM','IMG_6684.JPG'),(100096,NULL,-1,'2016-06-28 16:50:23',NULL,NULL,'jpg',1836172,'/product/IMG_6687.JPG','image/jpeg','IMG_6687.JPG','FILESYSTEM','IMG_6687.JPG'),(100097,NULL,-1,'2016-06-28 16:50:23',NULL,NULL,'jpg',1783898,'/product/IMG_6688.JPG','image/jpeg','IMG_6688.JPG','FILESYSTEM','IMG_6688.JPG'),(100098,NULL,-1,'2016-06-28 16:50:23',NULL,NULL,'jpg',1827857,'/product/IMG_6689.JPG','image/jpeg','IMG_6689.JPG','FILESYSTEM','IMG_6689.JPG'),(100099,NULL,-1,'2016-06-28 16:50:23',NULL,NULL,'jpg',2154693,'/product/IMG_6690.JPG','image/jpeg','IMG_6690.JPG','FILESYSTEM','IMG_6690.JPG'),(100100,NULL,-1,'2016-06-28 16:50:23',NULL,NULL,'jpg',1809434,'/product/IMG_6691.JPG','image/jpeg','IMG_6691.JPG','FILESYSTEM','IMG_6691.JPG'),(100101,NULL,-1,'2016-06-28 16:50:23',NULL,NULL,'jpg',1811577,'/product/IMG_6692.JPG','image/jpeg','IMG_6692.JPG','FILESYSTEM','IMG_6692.JPG'),(100102,NULL,-1,'2016-06-28 16:50:23',NULL,NULL,'jpg',1797795,'/product/IMG_6693.JPG','image/jpeg','IMG_6693.JPG','FILESYSTEM','IMG_6693.JPG'),(100103,NULL,-1,'2016-06-28 16:50:23',NULL,NULL,'jpg',1857274,'/product/IMG_6694.JPG','image/jpeg','IMG_6694.JPG','FILESYSTEM','IMG_6694.JPG'),(100104,NULL,-1,'2016-06-28 16:50:23',NULL,NULL,'jpg',1784687,'/product/IMG_6695.JPG','image/jpeg','IMG_6695.JPG','FILESYSTEM','IMG_6695.JPG'),(100105,NULL,-1,'2016-06-28 16:50:23',NULL,NULL,'jpg',2286296,'/product/IMG_6696.JPG','image/jpeg','IMG_6696.JPG','FILESYSTEM','IMG_6696.JPG'),(100106,NULL,-1,'2016-06-28 16:50:23',NULL,NULL,'jpg',1726397,'/product/IMG_6697.JPG','image/jpeg','IMG_6697.JPG','FILESYSTEM','IMG_6697.JPG'),(100107,NULL,-1,'2016-06-28 16:50:23',NULL,NULL,'jpg',1710905,'/product/IMG_6698.JPG','image/jpeg','IMG_6698.JPG','FILESYSTEM','IMG_6698.JPG'),(100108,NULL,-1,'2016-06-28 16:50:23',NULL,NULL,'jpg',1741517,'/product/IMG_6699.JPG','image/jpeg','IMG_6699.JPG','FILESYSTEM','IMG_6699.JPG'),(100109,NULL,-1,'2016-06-28 16:50:23',NULL,NULL,'jpg',1727968,'/product/IMG_6700.JPG','image/jpeg','IMG_6700.JPG','FILESYSTEM','IMG_6700.JPG'),(100110,NULL,-1,'2016-06-28 16:50:23',NULL,NULL,'jpg',1733237,'/product/IMG_6701.JPG','image/jpeg','IMG_6701.JPG','FILESYSTEM','IMG_6701.JPG'),(100111,NULL,-1,'2016-06-28 16:50:23',NULL,NULL,'jpg',1883530,'/product/IMG_6702.JPG','image/jpeg','IMG_6702.JPG','FILESYSTEM','IMG_6702.JPG'),(100112,NULL,-1,'2016-06-28 16:50:23',NULL,NULL,'jpg',2456928,'/product/IMG_6703.JPG','image/jpeg','IMG_6703.JPG','FILESYSTEM','IMG_6703.JPG'),(100113,NULL,-1,'2016-06-28 16:50:23',NULL,NULL,'jpg',1931532,'/product/IMG_6704.JPG','image/jpeg','IMG_6704.JPG','FILESYSTEM','IMG_6704.JPG'),(100114,NULL,-1,'2016-06-28 16:50:23',NULL,NULL,'jpg',1965108,'/product/IMG_6705.JPG','image/jpeg','IMG_6705.JPG','FILESYSTEM','IMG_6705.JPG'),(100115,NULL,-1,'2016-06-28 16:50:23',NULL,NULL,'jpg',1770644,'/product/IMG_6706.JPG','image/jpeg','IMG_6706.JPG','FILESYSTEM','IMG_6706.JPG'),(100116,NULL,-1,'2016-06-28 16:50:23',NULL,NULL,'jpg',1920661,'/product/IMG_6707.JPG','image/jpeg','IMG_6707.JPG','FILESYSTEM','IMG_6707.JPG'),(100117,NULL,-1,'2016-06-28 16:50:23',NULL,NULL,'jpg',1938207,'/product/IMG_6708.JPG','image/jpeg','IMG_6708.JPG','FILESYSTEM','IMG_6708.JPG'),(100118,NULL,-1,'2016-06-28 16:50:23',NULL,NULL,'jpg',1851315,'/product/IMG_6709.JPG','image/jpeg','IMG_6709.JPG','FILESYSTEM','IMG_6709.JPG'),(100119,NULL,-1,'2016-06-28 16:50:23',NULL,NULL,'jpg',2102121,'/product/IMG_6710.JPG','image/jpeg','IMG_6710.JPG','FILESYSTEM','IMG_6710.JPG'),(100120,NULL,-1,'2016-06-28 16:50:23',NULL,NULL,'jpg',1665482,'/product/IMG_6711.JPG','image/jpeg','IMG_6711.JPG','FILESYSTEM','IMG_6711.JPG'),(100121,NULL,-1,'2016-06-28 16:50:23',NULL,NULL,'jpg',1614871,'/product/IMG_6712.JPG','image/jpeg','IMG_6712.JPG','FILESYSTEM','IMG_6712.JPG'),(100122,NULL,-1,'2016-06-28 16:50:23',NULL,NULL,'jpg',1741287,'/product/IMG_6714.JPG','image/jpeg','IMG_6714.JPG','FILESYSTEM','IMG_6714.JPG'),(100123,NULL,-1,'2016-06-28 16:50:23',NULL,NULL,'jpg',1725793,'/product/IMG_6715.JPG','image/jpeg','IMG_6715.JPG','FILESYSTEM','IMG_6715.JPG'),(100124,NULL,-1,'2016-06-28 16:50:23',NULL,NULL,'jpg',1758095,'/product/IMG_6716.JPG','image/jpeg','IMG_6716.JPG','FILESYSTEM','IMG_6716.JPG'),(100125,NULL,-1,'2016-06-28 16:50:23',NULL,NULL,'jpg',1792483,'/product/IMG_6717.JPG','image/jpeg','IMG_6717.JPG','FILESYSTEM','IMG_6717.JPG'),(100126,NULL,-1,'2016-06-28 16:50:23',NULL,NULL,'jpg',1644366,'/product/IMG_6718.JPG','image/jpeg','IMG_6718.JPG','FILESYSTEM','IMG_6718.JPG'),(100127,NULL,-1,'2016-06-28 16:50:23',NULL,NULL,'jpg',1692891,'/product/IMG_6719.JPG','image/jpeg','IMG_6719.JPG','FILESYSTEM','IMG_6719.JPG'),(100128,NULL,-1,'2016-06-28 16:50:23',NULL,NULL,'jpg',1698606,'/product/IMG_6720.JPG','image/jpeg','IMG_6720.JPG','FILESYSTEM','IMG_6720.JPG'),(100129,NULL,-1,'2016-06-28 16:50:23',NULL,NULL,'jpg',1702557,'/product/IMG_6722.JPG','image/jpeg','IMG_6722.JPG','FILESYSTEM','IMG_6722.JPG'),(100130,NULL,-1,'2016-06-28 16:50:23',NULL,NULL,'jpg',1577514,'/product/IMG_6723.JPG','image/jpeg','IMG_6723.JPG','FILESYSTEM','IMG_6723.JPG'),(100131,NULL,-1,'2016-06-28 16:50:23',NULL,NULL,'jpg',1841158,'/product/IMG_6724.JPG','image/jpeg','IMG_6724.JPG','FILESYSTEM','IMG_6724.JPG'),(100132,NULL,-1,'2016-06-28 16:50:23',NULL,NULL,'jpg',1888531,'/product/IMG_6725.JPG','image/jpeg','IMG_6725.JPG','FILESYSTEM','IMG_6725.JPG'),(100133,NULL,-1,'2016-06-28 16:50:23',NULL,NULL,'jpg',1942806,'/product/IMG_6726.JPG','image/jpeg','IMG_6726.JPG','FILESYSTEM','IMG_6726.JPG'),(100134,NULL,-1,'2016-06-28 16:50:23',NULL,NULL,'jpg',1847466,'/product/IMG_6727.JPG','image/jpeg','IMG_6727.JPG','FILESYSTEM','IMG_6727.JPG'),(100135,NULL,-1,'2016-06-28 16:50:23',NULL,NULL,'jpg',1864263,'/product/IMG_6728.JPG','image/jpeg','IMG_6728.JPG','FILESYSTEM','IMG_6728.JPG'),(100136,NULL,-1,'2016-06-28 16:50:23',NULL,NULL,'jpg',1931194,'/product/IMG_6729.JPG','image/jpeg','IMG_6729.JPG','FILESYSTEM','IMG_6729.JPG'),(100137,NULL,-1,'2016-06-28 16:50:23',NULL,NULL,'jpg',2516228,'/product/IMG_6730.JPG','image/jpeg','IMG_6730.JPG','FILESYSTEM','IMG_6730.JPG'),(100138,NULL,-1,'2016-06-28 16:50:23',NULL,NULL,'jpg',1848884,'/product/IMG_6731.JPG','image/jpeg','IMG_6731.JPG','FILESYSTEM','IMG_6731.JPG'),(100139,NULL,-1,'2016-06-28 16:50:23',NULL,NULL,'jpg',1758122,'/product/IMG_6732.JPG','image/jpeg','IMG_6732.JPG','FILESYSTEM','IMG_6732.JPG'),(100140,NULL,-1,'2016-06-28 16:50:23',NULL,NULL,'jpg',1870744,'/product/IMG_6733.JPG','image/jpeg','IMG_6733.JPG','FILESYSTEM','IMG_6733.JPG'),(100141,NULL,-1,'2016-06-28 16:50:23',NULL,NULL,'jpg',1866187,'/product/IMG_6734.JPG','image/jpeg','IMG_6734.JPG','FILESYSTEM','IMG_6734.JPG'),(100142,NULL,-1,'2016-06-28 16:50:24',NULL,NULL,'jpg',1887048,'/product/IMG_6735.JPG','image/jpeg','IMG_6735.JPG','FILESYSTEM','IMG_6735.JPG'),(100143,NULL,-1,'2016-06-28 16:50:24',NULL,NULL,'jpg',1793745,'/product/IMG_6736.JPG','image/jpeg','IMG_6736.JPG','FILESYSTEM','IMG_6736.JPG'),(100144,NULL,-1,'2016-06-28 16:50:24',NULL,NULL,'jpg',2329056,'/product/IMG_6737.JPG','image/jpeg','IMG_6737.JPG','FILESYSTEM','IMG_6737.JPG'),(100145,NULL,-1,'2016-06-28 16:50:24',NULL,NULL,'jpg',1659426,'/product/IMG_6738.JPG','image/jpeg','IMG_6738.JPG','FILESYSTEM','IMG_6738.JPG'),(100146,NULL,-1,'2016-06-28 16:50:24',NULL,NULL,'jpg',1680472,'/product/IMG_6739.JPG','image/jpeg','IMG_6739.JPG','FILESYSTEM','IMG_6739.JPG'),(100147,NULL,-1,'2016-06-28 16:50:24',NULL,NULL,'jpg',1720897,'/product/IMG_6740.JPG','image/jpeg','IMG_6740.JPG','FILESYSTEM','IMG_6740.JPG'),(100148,NULL,-1,'2016-06-28 16:50:24',NULL,NULL,'jpg',1719728,'/product/IMG_6741.JPG','image/jpeg','IMG_6741.JPG','FILESYSTEM','IMG_6741.JPG'),(100149,NULL,-1,'2016-06-28 16:50:24',NULL,NULL,'jpg',1790153,'/product/IMG_6742.JPG','image/jpeg','IMG_6742.JPG','FILESYSTEM','IMG_6742.JPG'),(100150,NULL,-1,'2016-06-28 16:50:24',NULL,NULL,'jpg',1689501,'/product/IMG_6743.JPG','image/jpeg','IMG_6743.JPG','FILESYSTEM','IMG_6743.JPG'),(100151,NULL,-1,'2016-06-28 16:50:24',NULL,NULL,'jpg',1809754,'/product/IMG_6744.JPG','image/jpeg','IMG_6744.JPG','FILESYSTEM','IMG_6744.JPG'),(100152,NULL,-1,'2016-06-28 16:50:24',NULL,NULL,'jpg',1576257,'/product/IMG_6745.JPG','image/jpeg','IMG_6745.JPG','FILESYSTEM','IMG_6745.JPG'),(100153,NULL,-1,'2016-06-28 16:50:24',NULL,NULL,'jpg',1545169,'/product/IMG_6746.JPG','image/jpeg','IMG_6746.JPG','FILESYSTEM','IMG_6746.JPG'),(100154,NULL,-1,'2016-06-28 16:50:24',NULL,NULL,'jpg',1618544,'/product/IMG_6749.JPG','image/jpeg','IMG_6749.JPG','FILESYSTEM','IMG_6749.JPG'),(100155,NULL,-1,'2016-06-28 16:50:24',NULL,NULL,'jpg',1552939,'/product/IMG_6750.JPG','image/jpeg','IMG_6750.JPG','FILESYSTEM','IMG_6750.JPG'),(100156,NULL,-1,'2016-06-28 16:50:24',NULL,NULL,'jpg',1586647,'/product/IMG_6751.JPG','image/jpeg','IMG_6751.JPG','FILESYSTEM','IMG_6751.JPG'),(100157,NULL,-1,'2016-06-28 16:50:24',NULL,NULL,'jpg',1569395,'/product/IMG_6752.JPG','image/jpeg','IMG_6752.JPG','FILESYSTEM','IMG_6752.JPG'),(100158,NULL,-1,'2016-06-28 16:50:24',NULL,NULL,'jpg',1547418,'/product/IMG_6753.JPG','image/jpeg','IMG_6753.JPG','FILESYSTEM','IMG_6753.JPG'),(100159,NULL,-1,'2016-06-28 16:50:24',NULL,NULL,'jpg',1780274,'/product/IMG_6754.JPG','image/jpeg','IMG_6754.JPG','FILESYSTEM','IMG_6754.JPG'),(100160,NULL,-1,'2016-06-28 16:50:24',NULL,NULL,'jpg',1792750,'/product/IMG_6755.JPG','image/jpeg','IMG_6755.JPG','FILESYSTEM','IMG_6755.JPG'),(100161,NULL,-1,'2016-06-28 16:50:24',NULL,NULL,'jpg',1850077,'/product/IMG_6756.JPG','image/jpeg','IMG_6756.JPG','FILESYSTEM','IMG_6756.JPG'),(100162,NULL,-1,'2016-06-28 16:50:24',NULL,NULL,'jpg',1887179,'/product/IMG_6758.JPG','image/jpeg','IMG_6758.JPG','FILESYSTEM','IMG_6758.JPG'),(100163,NULL,-1,'2016-06-28 16:50:24',NULL,NULL,'jpg',1749700,'/product/IMG_6759.JPG','image/jpeg','IMG_6759.JPG','FILESYSTEM','IMG_6759.JPG'),(100164,NULL,-1,'2016-06-28 16:50:24',NULL,NULL,'jpg',1832393,'/product/IMG_6760.JPG','image/jpeg','IMG_6760.JPG','FILESYSTEM','IMG_6760.JPG'),(100165,NULL,-1,'2016-06-28 16:50:24',NULL,NULL,'jpg',1828407,'/product/IMG_6761.JPG','image/jpeg','IMG_6761.JPG','FILESYSTEM','IMG_6761.JPG'),(100166,NULL,-1,'2016-06-28 16:50:24',NULL,NULL,'jpg',1621839,'/product/IMG_6762.JPG','image/jpeg','IMG_6762.JPG','FILESYSTEM','IMG_6762.JPG'),(100167,NULL,-1,'2016-06-28 16:50:24',NULL,NULL,'jpg',1631010,'/product/IMG_6763.JPG','image/jpeg','IMG_6763.JPG','FILESYSTEM','IMG_6763.JPG'),(100168,NULL,-1,'2016-06-28 16:50:24',NULL,NULL,'jpg',1714969,'/product/IMG_6764.JPG','image/jpeg','IMG_6764.JPG','FILESYSTEM','IMG_6764.JPG'),(100169,NULL,-1,'2016-06-28 16:50:24',NULL,NULL,'jpg',1608604,'/product/IMG_6765.JPG','image/jpeg','IMG_6765.JPG','FILESYSTEM','IMG_6765.JPG'),(100170,NULL,-1,'2016-06-28 16:50:24',NULL,NULL,'jpg',1612498,'/product/IMG_6766.JPG','image/jpeg','IMG_6766.JPG','FILESYSTEM','IMG_6766.JPG'),(100171,NULL,-1,'2016-06-28 16:50:24',NULL,NULL,'jpg',1653386,'/product/IMG_6767.JPG','image/jpeg','IMG_6767.JPG','FILESYSTEM','IMG_6767.JPG'),(100172,NULL,-1,'2016-06-28 16:50:24',NULL,NULL,'jpg',1787925,'/product/IMG_6768.JPG','image/jpeg','IMG_6768.JPG','FILESYSTEM','IMG_6768.JPG'),(100173,NULL,-1,'2016-06-28 16:50:24',NULL,NULL,'jpg',1496737,'/product/IMG_6769.JPG','image/jpeg','IMG_6769.JPG','FILESYSTEM','IMG_6769.JPG'),(100174,NULL,-1,'2016-06-28 16:50:24',NULL,NULL,'jpg',1687759,'/product/IMG_6770.JPG','image/jpeg','IMG_6770.JPG','FILESYSTEM','IMG_6770.JPG'),(100175,NULL,-1,'2016-06-28 16:50:24',NULL,NULL,'jpg',1722455,'/product/IMG_6771.JPG','image/jpeg','IMG_6771.JPG','FILESYSTEM','IMG_6771.JPG'),(100176,NULL,-1,'2016-06-28 16:50:24',NULL,NULL,'jpg',1578985,'/product/IMG_6772.JPG','image/jpeg','IMG_6772.JPG','FILESYSTEM','IMG_6772.JPG'),(100177,NULL,-1,'2016-06-28 16:50:24',NULL,NULL,'jpg',1686252,'/product/IMG_6773.JPG','image/jpeg','IMG_6773.JPG','FILESYSTEM','IMG_6773.JPG'),(100178,NULL,-1,'2016-06-28 16:50:24',NULL,NULL,'jpg',1812889,'/product/IMG_6774.JPG','image/jpeg','IMG_6774.JPG','FILESYSTEM','IMG_6774.JPG'),(100179,NULL,-1,'2016-06-28 16:50:24',NULL,NULL,'jpg',1795638,'/product/IMG_6775.JPG','image/jpeg','IMG_6775.JPG','FILESYSTEM','IMG_6775.JPG'),(100180,NULL,-1,'2016-06-28 16:50:24',NULL,NULL,'jpg',1785545,'/product/IMG_6776.JPG','image/jpeg','IMG_6776.JPG','FILESYSTEM','IMG_6776.JPG'),(100181,NULL,-1,'2016-06-28 16:50:24',NULL,NULL,'jpg',1778485,'/product/IMG_6777.JPG','image/jpeg','IMG_6777.JPG','FILESYSTEM','IMG_6777.JPG'),(100182,NULL,-1,'2016-06-28 16:50:24',NULL,NULL,'jpg',1784702,'/product/IMG_6778.JPG','image/jpeg','IMG_6778.JPG','FILESYSTEM','IMG_6778.JPG'),(100183,NULL,-1,'2016-06-28 16:50:24',NULL,NULL,'jpg',1801550,'/product/IMG_6779.JPG','image/jpeg','IMG_6779.JPG','FILESYSTEM','IMG_6779.JPG'),(100184,NULL,-1,'2016-06-28 16:50:24',NULL,NULL,'jpg',1821048,'/product/IMG_6780.JPG','image/jpeg','IMG_6780.JPG','FILESYSTEM','IMG_6780.JPG'),(100185,NULL,-1,'2016-06-28 16:50:24',NULL,NULL,'jpg',2339418,'/product/IMG_6781.JPG','image/jpeg','IMG_6781.JPG','FILESYSTEM','IMG_6781.JPG'),(100186,NULL,-1,'2016-06-28 16:50:24',NULL,NULL,'jpg',1538747,'/product/IMG_6782.JPG','image/jpeg','IMG_6782.JPG','FILESYSTEM','IMG_6782.JPG'),(100187,NULL,-1,'2016-06-28 16:50:24',NULL,NULL,'jpg',1675512,'/product/IMG_6783.JPG','image/jpeg','IMG_6783.JPG','FILESYSTEM','IMG_6783.JPG'),(100188,NULL,-1,'2016-06-28 16:50:24',NULL,NULL,'jpg',1691624,'/product/IMG_6784.JPG','image/jpeg','IMG_6784.JPG','FILESYSTEM','IMG_6784.JPG'),(100189,NULL,-1,'2016-06-28 16:50:24',NULL,NULL,'jpg',1586699,'/product/IMG_6785.JPG','image/jpeg','IMG_6785.JPG','FILESYSTEM','IMG_6785.JPG'),(100190,NULL,-1,'2016-06-28 16:50:24',NULL,NULL,'jpg',1603082,'/product/IMG_6786.JPG','image/jpeg','IMG_6786.JPG','FILESYSTEM','IMG_6786.JPG'),(100191,NULL,-1,'2016-06-28 16:50:24',NULL,NULL,'jpg',1557418,'/product/IMG_6787.JPG','image/jpeg','IMG_6787.JPG','FILESYSTEM','IMG_6787.JPG'),(100192,NULL,-1,'2016-06-28 16:50:24',NULL,NULL,'jpg',1625101,'/product/IMG_6788.JPG','image/jpeg','IMG_6788.JPG','FILESYSTEM','IMG_6788.JPG'),(100193,NULL,-1,'2016-06-28 16:50:24',NULL,NULL,'jpg',1550572,'/product/IMG_6789.JPG','image/jpeg','IMG_6789.JPG','FILESYSTEM','IMG_6789.JPG'),(100194,NULL,-1,'2016-06-28 16:50:24',NULL,NULL,'jpg',1692307,'/product/IMG_6790.JPG','image/jpeg','IMG_6790.JPG','FILESYSTEM','IMG_6790.JPG'),(100195,NULL,-1,'2016-06-28 16:50:24',NULL,NULL,'jpg',1692827,'/product/IMG_6791.JPG','image/jpeg','IMG_6791.JPG','FILESYSTEM','IMG_6791.JPG'),(100196,NULL,-1,'2016-06-28 16:50:24',NULL,NULL,'jpg',1616027,'/product/IMG_6792.JPG','image/jpeg','IMG_6792.JPG','FILESYSTEM','IMG_6792.JPG'),(100197,NULL,-1,'2016-06-28 16:50:24',NULL,NULL,'jpg',1636774,'/product/IMG_6793.JPG','image/jpeg','IMG_6793.JPG','FILESYSTEM','IMG_6793.JPG'),(100198,NULL,-1,'2016-06-28 16:50:24',NULL,NULL,'jpg',1701772,'/product/IMG_6794.JPG','image/jpeg','IMG_6794.JPG','FILESYSTEM','IMG_6794.JPG'),(100199,NULL,-1,'2016-06-28 16:50:24',NULL,NULL,'jpg',1622292,'/product/IMG_6796.JPG','image/jpeg','IMG_6796.JPG','FILESYSTEM','IMG_6796.JPG'),(100200,NULL,-1,'2016-06-28 16:50:24',NULL,NULL,'jpg',1705175,'/product/IMG_6797.JPG','image/jpeg','IMG_6797.JPG','FILESYSTEM','IMG_6797.JPG'),(100201,NULL,-1,'2016-06-28 16:50:24',NULL,NULL,'jpg',1690291,'/product/IMG_6798.JPG','image/jpeg','IMG_6798.JPG','FILESYSTEM','IMG_6798.JPG'),(100202,NULL,-1,'2016-06-28 16:50:24',NULL,NULL,'jpg',1679713,'/product/IMG_6799.JPG','image/jpeg','IMG_6799.JPG','FILESYSTEM','IMG_6799.JPG'),(100203,NULL,-1,'2016-06-28 16:50:24',NULL,NULL,'jpg',1681379,'/product/IMG_6800.JPG','image/jpeg','IMG_6800.JPG','FILESYSTEM','IMG_6800.JPG'),(100204,NULL,-1,'2016-06-28 16:50:24',NULL,NULL,'jpg',1689576,'/product/IMG_6801.JPG','image/jpeg','IMG_6801.JPG','FILESYSTEM','IMG_6801.JPG'),(100205,NULL,-1,'2016-06-28 16:50:24',NULL,NULL,'jpg',1570673,'/product/IMG_6802.JPG','image/jpeg','IMG_6802.JPG','FILESYSTEM','IMG_6802.JPG'),(100206,NULL,-1,'2016-06-28 16:50:24',NULL,NULL,'jpg',2951280,'/product/IMG_6803.JPG','image/jpeg','IMG_6803.JPG','FILESYSTEM','IMG_6803.JPG'),(100207,NULL,-1,'2016-06-28 16:50:24',NULL,NULL,'jpg',1542781,'/product/IMG_6804.JPG','image/jpeg','IMG_6804.JPG','FILESYSTEM','IMG_6804.JPG'),(100208,NULL,-1,'2016-06-28 16:50:24',NULL,NULL,'jpg',1685651,'/product/IMG_6805.JPG','image/jpeg','IMG_6805.JPG','FILESYSTEM','IMG_6805.JPG'),(100209,NULL,-1,'2016-06-28 16:50:24',NULL,NULL,'jpg',1618126,'/product/IMG_6806.JPG','image/jpeg','IMG_6806.JPG','FILESYSTEM','IMG_6806.JPG'),(100210,NULL,-1,'2016-06-28 16:50:24',NULL,NULL,'jpg',1629154,'/product/IMG_6807.JPG','image/jpeg','IMG_6807.JPG','FILESYSTEM','IMG_6807.JPG'),(100211,NULL,-1,'2016-06-28 16:50:24',NULL,NULL,'jpg',1623910,'/product/IMG_6808.JPG','image/jpeg','IMG_6808.JPG','FILESYSTEM','IMG_6808.JPG'),(100212,NULL,-1,'2016-06-28 16:50:24',NULL,NULL,'jpg',1705416,'/product/IMG_6809.JPG','image/jpeg','IMG_6809.JPG','FILESYSTEM','IMG_6809.JPG'),(100213,NULL,-1,'2016-06-28 16:50:24',NULL,NULL,'jpg',1680716,'/product/IMG_6810.JPG','image/jpeg','IMG_6810.JPG','FILESYSTEM','IMG_6810.JPG'),(100214,NULL,-1,'2016-06-28 16:50:24',NULL,NULL,'jpg',1730798,'/product/IMG_6811.JPG','image/jpeg','IMG_6811.JPG','FILESYSTEM','IMG_6811.JPG'),(100215,NULL,-1,'2016-06-28 16:50:24',NULL,NULL,'jpg',1523526,'/product/IMG_6812.JPG','image/jpeg','IMG_6812.JPG','FILESYSTEM','IMG_6812.JPG'),(100216,NULL,-1,'2016-06-28 16:50:24',NULL,NULL,'jpg',1818821,'/product/IMG_6813.JPG','image/jpeg','IMG_6813.JPG','FILESYSTEM','IMG_6813.JPG'),(100217,NULL,-1,'2016-06-28 16:50:24',NULL,NULL,'jpg',1852365,'/product/IMG_6814.JPG','image/jpeg','IMG_6814.JPG','FILESYSTEM','IMG_6814.JPG'),(100218,NULL,-1,'2016-06-28 16:50:24',NULL,NULL,'jpg',1811029,'/product/IMG_6815.JPG','image/jpeg','IMG_6815.JPG','FILESYSTEM','IMG_6815.JPG'),(100219,NULL,-1,'2016-06-28 16:50:24',NULL,NULL,'jpg',1892494,'/product/IMG_6816.JPG','image/jpeg','IMG_6816.JPG','FILESYSTEM','IMG_6816.JPG'),(100220,NULL,-1,'2016-06-28 16:50:24',NULL,NULL,'jpg',1947700,'/product/IMG_6817.JPG','image/jpeg','IMG_6817.JPG','FILESYSTEM','IMG_6817.JPG'),(100221,NULL,-1,'2016-06-28 16:50:24',NULL,NULL,'jpg',2147314,'/product/IMG_6818.JPG','image/jpeg','IMG_6818.JPG','FILESYSTEM','IMG_6818.JPG'),(100222,NULL,-1,'2016-06-28 16:50:24',NULL,NULL,'jpg',1584031,'/product/IMG_6819.JPG','image/jpeg','IMG_6819.JPG','FILESYSTEM','IMG_6819.JPG'),(100223,NULL,-1,'2016-06-28 16:50:24',NULL,NULL,'jpg',1683348,'/product/IMG_6820.JPG','image/jpeg','IMG_6820.JPG','FILESYSTEM','IMG_6820.JPG'),(100224,NULL,-1,'2016-06-28 16:50:24',NULL,NULL,'jpg',1610465,'/product/IMG_6821.JPG','image/jpeg','IMG_6821.JPG','FILESYSTEM','IMG_6821.JPG'),(100225,NULL,-1,'2016-06-28 16:50:24',NULL,NULL,'jpg',1603218,'/product/IMG_6822.JPG','image/jpeg','IMG_6822.JPG','FILESYSTEM','IMG_6822.JPG'),(100226,NULL,-1,'2016-06-28 16:50:24',NULL,NULL,'jpg',1568061,'/product/IMG_6823.JPG','image/jpeg','IMG_6823.JPG','FILESYSTEM','IMG_6823.JPG'),(100227,NULL,-1,'2016-06-28 16:50:24',NULL,NULL,'jpg',1249956,'/product/IMG_6824.JPG','image/jpeg','IMG_6824.JPG','FILESYSTEM','IMG_6824.JPG'),(100228,NULL,-1,'2016-06-28 16:50:24',NULL,NULL,'jpg',1870778,'/product/IMG_6826.JPG','image/jpeg','IMG_6826.JPG','FILESYSTEM','IMG_6826.JPG'),(100229,NULL,-1,'2016-06-28 16:50:24',NULL,NULL,'jpg',1837508,'/product/IMG_6827.JPG','image/jpeg','IMG_6827.JPG','FILESYSTEM','IMG_6827.JPG'),(100230,NULL,-1,'2016-06-28 16:50:24',NULL,NULL,'jpg',1831333,'/product/IMG_6828.JPG','image/jpeg','IMG_6828.JPG','FILESYSTEM','IMG_6828.JPG'),(100231,NULL,-1,'2016-06-28 16:50:24',NULL,NULL,'jpg',1790330,'/product/IMG_6829.JPG','image/jpeg','IMG_6829.JPG','FILESYSTEM','IMG_6829.JPG'),(100232,NULL,-1,'2016-06-28 16:50:24',NULL,NULL,'jpg',1856437,'/product/IMG_6830.JPG','image/jpeg','IMG_6830.JPG','FILESYSTEM','IMG_6830.JPG'),(100233,NULL,-1,'2016-06-28 16:50:24',NULL,NULL,'jpg',1807716,'/product/IMG_6831.JPG','image/jpeg','IMG_6831.JPG','FILESYSTEM','IMG_6831.JPG'),(100234,NULL,-1,'2016-06-28 16:50:24',NULL,NULL,'jpg',1941717,'/product/IMG_6832.JPG','image/jpeg','IMG_6832.JPG','FILESYSTEM','IMG_6832.JPG'),(100235,NULL,-1,'2016-06-28 16:50:24',NULL,NULL,'jpg',1532016,'/product/IMG_6833.JPG','image/jpeg','IMG_6833.JPG','FILESYSTEM','IMG_6833.JPG'),(100236,NULL,-1,'2016-06-28 16:50:24',NULL,NULL,'jpg',1598571,'/product/IMG_6835.JPG','image/jpeg','IMG_6835.JPG','FILESYSTEM','IMG_6835.JPG'),(100237,NULL,-1,'2016-06-28 16:50:24',NULL,NULL,'jpg',1613465,'/product/IMG_6836.JPG','image/jpeg','IMG_6836.JPG','FILESYSTEM','IMG_6836.JPG'),(100238,NULL,-1,'2016-06-28 16:50:24',NULL,NULL,'jpg',1589889,'/product/IMG_6837.JPG','image/jpeg','IMG_6837.JPG','FILESYSTEM','IMG_6837.JPG'),(100239,NULL,-1,'2016-06-28 16:50:24',NULL,NULL,'jpg',1690859,'/product/IMG_6838.JPG','image/jpeg','IMG_6838.JPG','FILESYSTEM','IMG_6838.JPG'),(100240,NULL,-1,'2016-06-28 16:50:24',NULL,NULL,'jpg',1523852,'/product/IMG_6839.JPG','image/jpeg','IMG_6839.JPG','FILESYSTEM','IMG_6839.JPG'),(100241,NULL,-1,'2016-06-28 16:50:24',NULL,NULL,'jpg',1668173,'/product/IMG_6840.JPG','image/jpeg','IMG_6840.JPG','FILESYSTEM','IMG_6840.JPG'),(100242,NULL,-1,'2016-06-28 16:50:24',NULL,NULL,'jpg',1771733,'/product/IMG_6841.JPG','image/jpeg','IMG_6841.JPG','FILESYSTEM','IMG_6841.JPG'),(100243,NULL,-1,'2016-06-28 16:50:24',NULL,NULL,'jpg',1710554,'/product/IMG_6844.JPG','image/jpeg','IMG_6844.JPG','FILESYSTEM','IMG_6844.JPG'),(100244,NULL,-1,'2016-06-28 16:50:24',NULL,NULL,'jpg',1714969,'/product/IMG_6845.JPG','image/jpeg','IMG_6845.JPG','FILESYSTEM','IMG_6845.JPG'),(100245,NULL,-1,'2016-06-28 16:50:24',NULL,NULL,'jpg',1742273,'/product/IMG_6847.JPG','image/jpeg','IMG_6847.JPG','FILESYSTEM','IMG_6847.JPG'),(100246,NULL,-1,'2016-06-28 16:50:24',NULL,NULL,'jpg',1777668,'/product/IMG_6848.JPG','image/jpeg','IMG_6848.JPG','FILESYSTEM','IMG_6848.JPG'),(100247,NULL,-1,'2016-06-28 16:50:24',NULL,NULL,'jpg',1709266,'/product/IMG_6849.JPG','image/jpeg','IMG_6849.JPG','FILESYSTEM','IMG_6849.JPG'),(100248,NULL,-1,'2016-06-28 16:50:24',NULL,NULL,'jpg',1694671,'/product/IMG_6850.JPG','image/jpeg','IMG_6850.JPG','FILESYSTEM','IMG_6850.JPG'),(100249,NULL,-1,'2016-06-28 16:50:24',NULL,NULL,'jpg',1778251,'/product/IMG_6851.JPG','image/jpeg','IMG_6851.JPG','FILESYSTEM','IMG_6851.JPG'),(100250,NULL,-1,'2016-06-28 16:50:24',NULL,NULL,'jpg',2986535,'/product/IMG_6852.JPG','image/jpeg','IMG_6852.JPG','FILESYSTEM','IMG_6852.JPG'),(100251,NULL,-1,'2016-06-28 16:50:24',NULL,NULL,'jpg',1926255,'/product/IMG_6853.JPG','image/jpeg','IMG_6853.JPG','FILESYSTEM','IMG_6853.JPG'),(100252,NULL,-1,'2016-06-28 16:50:24',NULL,NULL,'jpg',1927777,'/product/IMG_6854.JPG','image/jpeg','IMG_6854.JPG','FILESYSTEM','IMG_6854.JPG'),(100253,NULL,-1,'2016-06-28 16:50:24',NULL,NULL,'jpg',1957581,'/product/IMG_6856.JPG','image/jpeg','IMG_6856.JPG','FILESYSTEM','IMG_6856.JPG'),(100254,NULL,-1,'2016-06-28 16:50:24',NULL,NULL,'jpg',1887551,'/product/IMG_6857.JPG','image/jpeg','IMG_6857.JPG','FILESYSTEM','IMG_6857.JPG'),(100255,NULL,-1,'2016-06-28 16:50:24',NULL,NULL,'jpg',1948524,'/product/IMG_6858.JPG','image/jpeg','IMG_6858.JPG','FILESYSTEM','IMG_6858.JPG'),(100256,NULL,-1,'2016-06-28 16:50:24',NULL,NULL,'jpg',2546195,'/product/IMG_6859.JPG','image/jpeg','IMG_6859.JPG','FILESYSTEM','IMG_6859.JPG'),(100257,NULL,-1,'2016-06-28 16:50:24',NULL,NULL,'jpg',1532857,'/product/IMG_6860.JPG','image/jpeg','IMG_6860.JPG','FILESYSTEM','IMG_6860.JPG'),(100258,NULL,-1,'2016-06-28 16:50:24',NULL,NULL,'jpg',1542542,'/product/IMG_6861.JPG','image/jpeg','IMG_6861.JPG','FILESYSTEM','IMG_6861.JPG'),(100259,NULL,-1,'2016-06-28 16:50:24',NULL,NULL,'jpg',1517933,'/product/IMG_6862.JPG','image/jpeg','IMG_6862.JPG','FILESYSTEM','IMG_6862.JPG'),(100260,NULL,-1,'2016-06-28 16:50:24',NULL,NULL,'jpg',1604582,'/product/IMG_6863.JPG','image/jpeg','IMG_6863.JPG','FILESYSTEM','IMG_6863.JPG'),(100261,NULL,-1,'2016-06-28 16:50:24',NULL,NULL,'jpg',1605883,'/product/IMG_6864.JPG','image/jpeg','IMG_6864.JPG','FILESYSTEM','IMG_6864.JPG'),(100262,NULL,-1,'2016-06-28 16:50:24',NULL,NULL,'jpg',1510934,'/product/IMG_6865.JPG','image/jpeg','IMG_6865.JPG','FILESYSTEM','IMG_6865.JPG'),(100263,NULL,-1,'2016-06-28 16:50:24',NULL,NULL,'jpg',1326520,'/product/IMG_6866.JPG','image/jpeg','IMG_6866.JPG','FILESYSTEM','IMG_6866.JPG'),(100264,NULL,-1,'2016-06-28 16:50:24',NULL,NULL,'jpg',1470429,'/product/IMG_6867.JPG','image/jpeg','IMG_6867.JPG','FILESYSTEM','IMG_6867.JPG'),(100265,NULL,-1,'2016-06-28 16:50:24',NULL,NULL,'jpg',1628955,'/product/IMG_6868.JPG','image/jpeg','IMG_6868.JPG','FILESYSTEM','IMG_6868.JPG'),(100266,NULL,-1,'2016-06-28 16:50:24',NULL,NULL,'jpg',1624919,'/product/IMG_6869.JPG','image/jpeg','IMG_6869.JPG','FILESYSTEM','IMG_6869.JPG'),(100267,NULL,-1,'2016-06-28 16:50:24',NULL,NULL,'jpg',1606143,'/product/IMG_6870.JPG','image/jpeg','IMG_6870.JPG','FILESYSTEM','IMG_6870.JPG'),(100268,NULL,-1,'2016-06-28 16:50:24',NULL,NULL,'jpg',1509010,'/product/IMG_6871.JPG','image/jpeg','IMG_6871.JPG','FILESYSTEM','IMG_6871.JPG'),(100269,NULL,-1,'2016-06-28 16:50:24',NULL,NULL,'jpg',1598008,'/product/IMG_6872.JPG','image/jpeg','IMG_6872.JPG','FILESYSTEM','IMG_6872.JPG'),(100270,NULL,-1,'2016-06-28 16:50:24',NULL,NULL,'jpg',1552706,'/product/IMG_6873.JPG','image/jpeg','IMG_6873.JPG','FILESYSTEM','IMG_6873.JPG'),(100271,NULL,-1,'2016-06-28 16:50:24',NULL,NULL,'jpg',1653281,'/product/IMG_6874.JPG','image/jpeg','IMG_6874.JPG','FILESYSTEM','IMG_6874.JPG'),(100272,NULL,-1,'2016-06-28 16:50:24',NULL,NULL,'jpg',1687902,'/product/IMG_6875.JPG','image/jpeg','IMG_6875.JPG','FILESYSTEM','IMG_6875.JPG'),(100273,NULL,-1,'2016-06-28 16:50:24',NULL,NULL,'jpg',1583387,'/product/IMG_6876.JPG','image/jpeg','IMG_6876.JPG','FILESYSTEM','IMG_6876.JPG'),(100274,NULL,-1,'2016-06-28 16:50:24',NULL,NULL,'jpg',1587008,'/product/IMG_6877.JPG','image/jpeg','IMG_6877.JPG','FILESYSTEM','IMG_6877.JPG'),(100275,NULL,-1,'2016-06-28 16:50:24',NULL,NULL,'jpg',1444164,'/product/IMG_6878.JPG','image/jpeg','IMG_6878.JPG','FILESYSTEM','IMG_6878.JPG'),(100276,NULL,-1,'2016-06-28 16:50:24',NULL,NULL,'jpg',2189941,'/product/IMG_6880.JPG','image/jpeg','IMG_6880.JPG','FILESYSTEM','IMG_6880.JPG'),(100277,NULL,-1,'2016-06-28 16:50:24',NULL,NULL,'jpg',2188702,'/product/IMG_6881.JPG','image/jpeg','IMG_6881.JPG','FILESYSTEM','IMG_6881.JPG'),(100278,NULL,-1,'2016-06-28 16:50:24',NULL,NULL,'jpg',2157712,'/product/IMG_6882.JPG','image/jpeg','IMG_6882.JPG','FILESYSTEM','IMG_6882.JPG'),(100279,NULL,-1,'2016-06-28 16:50:24',NULL,NULL,'jpg',2006996,'/product/IMG_6883.JPG','image/jpeg','IMG_6883.JPG','FILESYSTEM','IMG_6883.JPG'),(100280,NULL,-1,'2016-06-28 16:50:24',NULL,NULL,'jpg',2121342,'/product/IMG_6884.JPG','image/jpeg','IMG_6884.JPG','FILESYSTEM','IMG_6884.JPG'),(100281,NULL,-1,'2016-06-28 16:50:24',NULL,NULL,'jpg',2023440,'/product/IMG_6885.JPG','image/jpeg','IMG_6885.JPG','FILESYSTEM','IMG_6885.JPG'),(100282,NULL,-1,'2016-06-28 16:50:24',NULL,NULL,'jpg',1877301,'/product/IMG_6886.JPG','image/jpeg','IMG_6886.JPG','FILESYSTEM','IMG_6886.JPG'),(100283,NULL,-1,'2016-06-28 16:50:24',NULL,NULL,'jpg',1999187,'/product/IMG_6887.JPG','image/jpeg','IMG_6887.JPG','FILESYSTEM','IMG_6887.JPG'),(100284,NULL,-1,'2016-06-28 16:50:24',NULL,NULL,'jpg',2585898,'/product/IMG_6888.JPG','image/jpeg','IMG_6888.JPG','FILESYSTEM','IMG_6888.JPG'),(100285,NULL,-1,'2016-06-28 16:50:24',NULL,NULL,'jpg',3142968,'/product/IMG_6889.JPG','image/jpeg','IMG_6889.JPG','FILESYSTEM','IMG_6889.JPG'),(100286,NULL,-1,'2016-06-28 16:50:24',NULL,NULL,'jpg',2078828,'/product/IMG_6890.JPG','image/jpeg','IMG_6890.JPG','FILESYSTEM','IMG_6890.JPG'),(100287,NULL,-1,'2016-06-28 16:50:24',NULL,NULL,'jpg',2014093,'/product/IMG_6891.JPG','image/jpeg','IMG_6891.JPG','FILESYSTEM','IMG_6891.JPG'),(100288,NULL,-1,'2016-06-28 16:50:24',NULL,NULL,'jpg',2187408,'/product/IMG_6892.JPG','image/jpeg','IMG_6892.JPG','FILESYSTEM','IMG_6892.JPG'),(100289,NULL,-1,'2016-06-28 16:50:24',NULL,NULL,'jpg',2007867,'/product/IMG_6893.JPG','image/jpeg','IMG_6893.JPG','FILESYSTEM','IMG_6893.JPG'),(100290,NULL,-1,'2016-06-28 16:50:24',NULL,NULL,'jpg',2367249,'/product/IMG_6894.JPG','image/jpeg','IMG_6894.JPG','FILESYSTEM','IMG_6894.JPG'),(100291,NULL,-1,'2016-06-28 16:50:24',NULL,NULL,'jpg',2358659,'/product/IMG_6895.JPG','image/jpeg','IMG_6895.JPG','FILESYSTEM','IMG_6895.JPG'),(100292,NULL,-1,'2016-06-28 16:50:24',NULL,NULL,'jpg',1917502,'/product/IMG_6896.JPG','image/jpeg','IMG_6896.JPG','FILESYSTEM','IMG_6896.JPG'),(100293,NULL,-1,'2016-06-28 16:50:24',NULL,NULL,'jpg',1929580,'/product/IMG_6897.JPG','image/jpeg','IMG_6897.JPG','FILESYSTEM','IMG_6897.JPG'),(100294,NULL,-1,'2016-06-28 16:50:24',NULL,NULL,'jpg',1943857,'/product/IMG_6898.JPG','image/jpeg','IMG_6898.JPG','FILESYSTEM','IMG_6898.JPG'),(100295,NULL,-1,'2016-06-28 16:50:24',NULL,NULL,'jpg',1861807,'/product/IMG_6899.JPG','image/jpeg','IMG_6899.JPG','FILESYSTEM','IMG_6899.JPG'),(100296,NULL,-1,'2016-06-28 16:50:24',NULL,NULL,'jpg',2015440,'/product/IMG_6900.JPG','image/jpeg','IMG_6900.JPG','FILESYSTEM','IMG_6900.JPG'),(100297,NULL,-1,'2016-06-28 16:50:24',NULL,NULL,'jpg',2438946,'/product/IMG_6901.JPG','image/jpeg','IMG_6901.JPG','FILESYSTEM','IMG_6901.JPG'),(100298,NULL,-1,'2016-06-28 16:50:24',NULL,NULL,'jpg',3709558,'/product/IMG_6902.JPG','image/jpeg','IMG_6902.JPG','FILESYSTEM','IMG_6902.JPG'),(100299,NULL,-1,'2016-06-28 16:50:24',NULL,NULL,'jpg',1837629,'/product/IMG_6904.JPG','image/jpeg','IMG_6904.JPG','FILESYSTEM','IMG_6904.JPG'),(100300,NULL,-1,'2016-06-28 16:50:24',NULL,NULL,'jpg',1853160,'/product/IMG_6905.JPG','image/jpeg','IMG_6905.JPG','FILESYSTEM','IMG_6905.JPG'),(100301,NULL,-1,'2016-06-28 16:50:24',NULL,NULL,'jpg',1840079,'/product/IMG_6906.JPG','image/jpeg','IMG_6906.JPG','FILESYSTEM','IMG_6906.JPG'),(100302,NULL,-1,'2016-06-28 16:50:24',NULL,NULL,'jpg',1870298,'/product/IMG_6908.JPG','image/jpeg','IMG_6908.JPG','FILESYSTEM','IMG_6908.JPG'),(100303,NULL,-1,'2016-06-28 16:50:24',NULL,NULL,'jpg',1814066,'/product/IMG_6909.JPG','image/jpeg','IMG_6909.JPG','FILESYSTEM','IMG_6909.JPG'),(100304,NULL,-1,'2016-06-28 16:50:24',NULL,NULL,'jpg',2003363,'/product/IMG_6911.JPG','image/jpeg','IMG_6911.JPG','FILESYSTEM','IMG_6911.JPG'),(100305,NULL,-1,'2016-06-28 16:50:24',NULL,NULL,'jpg',1828706,'/product/IMG_6912.JPG','image/jpeg','IMG_6912.JPG','FILESYSTEM','IMG_6912.JPG'),(100306,NULL,-1,'2016-06-28 16:50:24',NULL,NULL,'jpg',1951161,'/product/IMG_6913.JPG','image/jpeg','IMG_6913.JPG','FILESYSTEM','IMG_6913.JPG'),(100307,NULL,-1,'2016-06-28 16:50:24',NULL,NULL,'jpg',1861313,'/product/IMG_6914.JPG','image/jpeg','IMG_6914.JPG','FILESYSTEM','IMG_6914.JPG'),(100308,NULL,-1,'2016-06-28 16:50:24',NULL,NULL,'jpg',1780018,'/product/IMG_6915.JPG','image/jpeg','IMG_6915.JPG','FILESYSTEM','IMG_6915.JPG'),(100309,NULL,-1,'2016-06-28 16:50:24',NULL,NULL,'jpg',1713493,'/product/IMG_6916.JPG','image/jpeg','IMG_6916.JPG','FILESYSTEM','IMG_6916.JPG'),(100310,NULL,-1,'2016-06-28 16:50:24',NULL,NULL,'jpg',1750342,'/product/IMG_6917.JPG','image/jpeg','IMG_6917.JPG','FILESYSTEM','IMG_6917.JPG'),(100311,NULL,-1,'2016-06-28 16:50:24',NULL,NULL,'jpg',1842466,'/product/IMG_6918.JPG','image/jpeg','IMG_6918.JPG','FILESYSTEM','IMG_6918.JPG'),(100312,NULL,-1,'2016-06-28 16:50:24',NULL,NULL,'jpg',2145780,'/product/IMG_6919.JPG','image/jpeg','IMG_6919.JPG','FILESYSTEM','IMG_6919.JPG'),(100313,NULL,-1,'2016-06-28 16:50:24',NULL,NULL,'jpg',1768452,'/product/IMG_6920.JPG','image/jpeg','IMG_6920.JPG','FILESYSTEM','IMG_6920.JPG'),(100314,NULL,-1,'2016-06-28 16:50:24',NULL,NULL,'jpg',1708949,'/product/IMG_6921.JPG','image/jpeg','IMG_6921.JPG','FILESYSTEM','IMG_6921.JPG'),(100315,NULL,-1,'2016-06-28 16:50:24',NULL,NULL,'jpg',1906837,'/product/IMG_6922.JPG','image/jpeg','IMG_6922.JPG','FILESYSTEM','IMG_6922.JPG'),(100316,NULL,-1,'2016-06-28 16:50:24',NULL,NULL,'jpg',1896604,'/product/IMG_6923.JPG','image/jpeg','IMG_6923.JPG','FILESYSTEM','IMG_6923.JPG'),(100317,NULL,-1,'2016-06-28 16:50:24',NULL,NULL,'jpg',1880054,'/product/IMG_6924.JPG','image/jpeg','IMG_6924.JPG','FILESYSTEM','IMG_6924.JPG'),(100318,NULL,-1,'2016-06-28 16:50:24',NULL,NULL,'jpg',1811934,'/product/IMG_6925.JPG','image/jpeg','IMG_6925.JPG','FILESYSTEM','IMG_6925.JPG'),(100319,NULL,-1,'2016-06-28 16:50:24',NULL,NULL,'jpg',1878566,'/product/IMG_6926.JPG','image/jpeg','IMG_6926.JPG','FILESYSTEM','IMG_6926.JPG'),(100320,NULL,-1,'2016-06-28 16:50:24',NULL,NULL,'jpg',2528564,'/product/IMG_6927.JPG','image/jpeg','IMG_6927.JPG','FILESYSTEM','IMG_6927.JPG'),(100321,NULL,-1,'2016-06-28 16:50:24',NULL,NULL,'jpg',2129003,'/product/IMG_6928.JPG','image/jpeg','IMG_6928.JPG','FILESYSTEM','IMG_6928.JPG'),(100322,NULL,-1,'2016-06-28 16:50:24',NULL,NULL,'jpg',2228816,'/product/IMG_6929.JPG','image/jpeg','IMG_6929.JPG','FILESYSTEM','IMG_6929.JPG'),(100323,NULL,-1,'2016-06-28 16:50:24',NULL,NULL,'jpg',2141453,'/product/IMG_6930.JPG','image/jpeg','IMG_6930.JPG','FILESYSTEM','IMG_6930.JPG'),(100324,NULL,-1,'2016-06-28 16:50:24',NULL,NULL,'jpg',2071094,'/product/IMG_6931.JPG','image/jpeg','IMG_6931.JPG','FILESYSTEM','IMG_6931.JPG'),(100325,NULL,-1,'2016-06-28 16:50:24',NULL,NULL,'jpg',2084488,'/product/IMG_6932.JPG','image/jpeg','IMG_6932.JPG','FILESYSTEM','IMG_6932.JPG'),(100326,NULL,-1,'2016-06-28 16:50:24',NULL,NULL,'jpg',2255232,'/product/IMG_6933.JPG','image/jpeg','IMG_6933.JPG','FILESYSTEM','IMG_6933.JPG'),(100327,NULL,-1,'2016-06-28 16:50:24',NULL,NULL,'jpg',2569228,'/product/IMG_6934.JPG','image/jpeg','IMG_6934.JPG','FILESYSTEM','IMG_6934.JPG'),(100328,NULL,-1,'2016-06-28 16:50:24',NULL,NULL,'jpg',3608958,'/product/IMG_6935.JPG','image/jpeg','IMG_6935.JPG','FILESYSTEM','IMG_6935.JPG'),(100329,NULL,-1,'2016-06-28 16:50:24',NULL,NULL,'jpg',2148459,'/product/IMG_6936.JPG','image/jpeg','IMG_6936.JPG','FILESYSTEM','IMG_6936.JPG'),(100330,NULL,-1,'2016-06-28 16:50:24',NULL,NULL,'jpg',2176646,'/product/IMG_6937.JPG','image/jpeg','IMG_6937.JPG','FILESYSTEM','IMG_6937.JPG'),(100331,NULL,-1,'2016-06-28 16:50:24',NULL,NULL,'jpg',1954683,'/product/IMG_6938.JPG','image/jpeg','IMG_6938.JPG','FILESYSTEM','IMG_6938.JPG'),(100332,NULL,-1,'2016-06-28 16:50:24',NULL,NULL,'jpg',2081611,'/product/IMG_6939.JPG','image/jpeg','IMG_6939.JPG','FILESYSTEM','IMG_6939.JPG'),(100333,NULL,-1,'2016-06-28 16:50:24',NULL,NULL,'jpg',2112627,'/product/IMG_6940.JPG','image/jpeg','IMG_6940.JPG','FILESYSTEM','IMG_6940.JPG'),(100334,NULL,-1,'2016-06-28 16:50:24',NULL,NULL,'jpg',1965269,'/product/IMG_6941.JPG','image/jpeg','IMG_6941.JPG','FILESYSTEM','IMG_6941.JPG'),(100335,NULL,-1,'2016-06-28 16:50:24',NULL,NULL,'jpg',2052839,'/product/IMG_6942.JPG','image/jpeg','IMG_6942.JPG','FILESYSTEM','IMG_6942.JPG'),(100336,NULL,-1,'2016-06-28 16:50:24',NULL,NULL,'jpg',2059945,'/product/IMG_6943.JPG','image/jpeg','IMG_6943.JPG','FILESYSTEM','IMG_6943.JPG'),(100337,NULL,-1,'2016-06-28 16:50:24',NULL,NULL,'jpg',2188285,'/product/IMG_6944.JPG','image/jpeg','IMG_6944.JPG','FILESYSTEM','IMG_6944.JPG'),(100338,NULL,-1,'2016-06-28 16:50:24',NULL,NULL,'jpg',3414377,'/product/IMG_6945.JPG','image/jpeg','IMG_6945.JPG','FILESYSTEM','IMG_6945.JPG'),(100339,NULL,-1,'2016-06-28 16:50:24',NULL,NULL,'jpg',2100907,'/product/IMG_6946.JPG','image/jpeg','IMG_6946.JPG','FILESYSTEM','IMG_6946.JPG'),(100340,NULL,-1,'2016-06-28 16:50:24',NULL,NULL,'jpg',2122612,'/product/IMG_6947.JPG','image/jpeg','IMG_6947.JPG','FILESYSTEM','IMG_6947.JPG'),(100341,NULL,-1,'2016-06-28 16:50:24',NULL,NULL,'jpg',1674705,'/product/IMG_6948.JPG','image/jpeg','IMG_6948.JPG','FILESYSTEM','IMG_6948.JPG'),(100342,NULL,-1,'2016-06-28 16:50:24',NULL,NULL,'jpg',1863946,'/product/IMG_6949.JPG','image/jpeg','IMG_6949.JPG','FILESYSTEM','IMG_6949.JPG'),(100343,NULL,-1,'2016-06-28 16:50:24',NULL,NULL,'jpg',2044346,'/product/IMG_6950.JPG','image/jpeg','IMG_6950.JPG','FILESYSTEM','IMG_6950.JPG'),(100344,NULL,-1,'2016-06-28 16:50:24',NULL,NULL,'jpg',1872705,'/product/IMG_6951.JPG','image/jpeg','IMG_6951.JPG','FILESYSTEM','IMG_6951.JPG'),(100345,NULL,-1,'2016-06-28 16:50:24',NULL,NULL,'jpg',1894268,'/product/IMG_6952.JPG','image/jpeg','IMG_6952.JPG','FILESYSTEM','IMG_6952.JPG'),(100346,NULL,-1,'2016-06-28 16:50:24',NULL,NULL,'jpg',1812732,'/product/IMG_6953.JPG','image/jpeg','IMG_6953.JPG','FILESYSTEM','IMG_6953.JPG'),(100347,NULL,-1,'2016-06-28 16:50:24',NULL,NULL,'jpg',2426628,'/product/IMG_6954.JPG','image/jpeg','IMG_6954.JPG','FILESYSTEM','IMG_6954.JPG'),(100348,NULL,-1,'2016-06-28 16:50:24',NULL,NULL,'jpg',1896798,'/product/IMG_6955.JPG','image/jpeg','IMG_6955.JPG','FILESYSTEM','IMG_6955.JPG'),(100349,NULL,-1,'2016-06-28 16:50:24',NULL,NULL,'jpg',2129739,'/product/IMG_6957.JPG','image/jpeg','IMG_6957.JPG','FILESYSTEM','IMG_6957.JPG'),(100350,NULL,-1,'2016-06-28 16:50:24',NULL,NULL,'jpg',2053190,'/product/IMG_6958.JPG','image/jpeg','IMG_6958.JPG','FILESYSTEM','IMG_6958.JPG'),(100351,NULL,-1,'2016-06-28 16:50:24',NULL,NULL,'jpg',2039178,'/product/IMG_6959.JPG','image/jpeg','IMG_6959.JPG','FILESYSTEM','IMG_6959.JPG'),(100352,NULL,-1,'2016-06-28 16:50:24',NULL,NULL,'jpg',1939475,'/product/IMG_6960.JPG','image/jpeg','IMG_6960.JPG','FILESYSTEM','IMG_6960.JPG'),(100353,NULL,-1,'2016-06-28 16:50:24',NULL,NULL,'jpg',1872841,'/product/IMG_6961.JPG','image/jpeg','IMG_6961.JPG','FILESYSTEM','IMG_6961.JPG'),(100354,NULL,-1,'2016-06-28 16:50:24',NULL,NULL,'jpg',2251285,'/product/IMG_6962.JPG','image/jpeg','IMG_6962.JPG','FILESYSTEM','IMG_6962.JPG'),(100355,NULL,-1,'2016-06-28 16:50:24',NULL,NULL,'jpg',2111708,'/product/IMG_6963.JPG','image/jpeg','IMG_6963.JPG','FILESYSTEM','IMG_6963.JPG'),(100356,NULL,-1,'2016-06-28 16:50:24',NULL,NULL,'jpg',3128066,'/product/IMG_6964.JPG','image/jpeg','IMG_6964.JPG','FILESYSTEM','IMG_6964.JPG'),(100357,NULL,-1,'2016-06-28 16:50:24',NULL,NULL,'jpg',3290102,'/product/IMG_6965.JPG','image/jpeg','IMG_6965.JPG','FILESYSTEM','IMG_6965.JPG'),(100358,NULL,-1,'2016-06-28 16:50:24',NULL,NULL,'jpg',2139796,'/product/IMG_6966.JPG','image/jpeg','IMG_6966.JPG','FILESYSTEM','IMG_6966.JPG'),(100359,NULL,-1,'2016-06-28 16:50:24',NULL,NULL,'jpg',2046699,'/product/IMG_6970.JPG','image/jpeg','IMG_6970.JPG','FILESYSTEM','IMG_6970.JPG'),(100360,NULL,-1,'2016-06-28 16:50:24',NULL,NULL,'jpg',2187031,'/product/IMG_6971.JPG','image/jpeg','IMG_6971.JPG','FILESYSTEM','IMG_6971.JPG'),(100361,NULL,-1,'2016-06-28 16:50:24',NULL,NULL,'jpg',1953401,'/product/IMG_6972.JPG','image/jpeg','IMG_6972.JPG','FILESYSTEM','IMG_6972.JPG'),(100362,NULL,-1,'2016-06-28 16:50:24',NULL,NULL,'jpg',1875795,'/product/IMG_6973.JPG','image/jpeg','IMG_6973.JPG','FILESYSTEM','IMG_6973.JPG'),(100363,NULL,-1,'2016-06-28 16:50:24',NULL,NULL,'jpg',1910095,'/product/IMG_6974.JPG','image/jpeg','IMG_6974.JPG','FILESYSTEM','IMG_6974.JPG'),(100364,NULL,-1,'2016-06-28 16:50:24',NULL,NULL,'jpg',1911226,'/product/IMG_6975.JPG','image/jpeg','IMG_6975.JPG','FILESYSTEM','IMG_6975.JPG'),(100365,NULL,-1,'2016-06-28 16:50:24',NULL,NULL,'jpg',1895155,'/product/IMG_6976.JPG','image/jpeg','IMG_6976.JPG','FILESYSTEM','IMG_6976.JPG'),(100366,NULL,-1,'2016-06-28 16:50:24',NULL,NULL,'jpg',1915192,'/product/IMG_6977.JPG','image/jpeg','IMG_6977.JPG','FILESYSTEM','IMG_6977.JPG'),(100367,NULL,-1,'2016-06-28 16:50:24',NULL,NULL,'jpg',1970534,'/product/IMG_6978.JPG','image/jpeg','IMG_6978.JPG','FILESYSTEM','IMG_6978.JPG'),(100368,NULL,-1,'2016-06-28 16:50:24',NULL,NULL,'jpg',1918690,'/product/IMG_6979.JPG','image/jpeg','IMG_6979.JPG','FILESYSTEM','IMG_6979.JPG'),(100369,NULL,-1,'2016-06-28 16:50:24',NULL,NULL,'jpg',1949801,'/product/IMG_6980.JPG','image/jpeg','IMG_6980.JPG','FILESYSTEM','IMG_6980.JPG'),(100370,NULL,-1,'2016-06-28 16:50:24',NULL,NULL,'jpg',2452879,'/product/IMG_6982.JPG','image/jpeg','IMG_6982.JPG','FILESYSTEM','IMG_6982.JPG'),(100371,NULL,-1,'2016-06-28 16:50:24',NULL,NULL,'jpg',2282331,'/product/IMG_6983.JPG','image/jpeg','IMG_6983.JPG','FILESYSTEM','IMG_6983.JPG'),(100372,NULL,-1,'2016-06-28 16:50:24',NULL,NULL,'jpg',1799883,'/product/IMG_6984.JPG','image/jpeg','IMG_6984.JPG','FILESYSTEM','IMG_6984.JPG'),(100373,NULL,-1,'2016-06-28 16:50:24',NULL,NULL,'jpg',1757705,'/product/IMG_6985.JPG','image/jpeg','IMG_6985.JPG','FILESYSTEM','IMG_6985.JPG'),(100374,NULL,-1,'2016-06-28 16:50:24',NULL,NULL,'jpg',1884211,'/product/IMG_6986.JPG','image/jpeg','IMG_6986.JPG','FILESYSTEM','IMG_6986.JPG'),(100375,NULL,-1,'2016-06-28 16:50:24',NULL,NULL,'jpg',1824210,'/product/IMG_6987.JPG','image/jpeg','IMG_6987.JPG','FILESYSTEM','IMG_6987.JPG'),(100376,NULL,-1,'2016-06-28 16:50:24',NULL,NULL,'jpg',1800864,'/product/IMG_6988.JPG','image/jpeg','IMG_6988.JPG','FILESYSTEM','IMG_6988.JPG'),(100377,NULL,-1,'2016-06-28 16:50:24',NULL,NULL,'jpg',1778455,'/product/IMG_6989.JPG','image/jpeg','IMG_6989.JPG','FILESYSTEM','IMG_6989.JPG'),(100378,NULL,-1,'2016-06-28 16:50:24',NULL,NULL,'jpg',1864446,'/product/IMG_6990.JPG','image/jpeg','IMG_6990.JPG','FILESYSTEM','IMG_6990.JPG'),(100379,NULL,-1,'2016-06-28 16:50:24',NULL,NULL,'jpg',2565337,'/product/IMG_6991.JPG','image/jpeg','IMG_6991.JPG','FILESYSTEM','IMG_6991.JPG'),(100380,NULL,-1,'2016-06-28 16:50:24',NULL,NULL,'jpg',3305650,'/product/IMG_6992.JPG','image/jpeg','IMG_6992.JPG','FILESYSTEM','IMG_6992.JPG'),(100381,NULL,-1,'2016-06-28 16:50:24',NULL,NULL,'jpg',1820917,'/product/IMG_6993.JPG','image/jpeg','IMG_6993.JPG','FILESYSTEM','IMG_6993.JPG'),(100382,NULL,-1,'2016-06-28 16:50:24',NULL,NULL,'jpg',1803676,'/product/IMG_6994.JPG','image/jpeg','IMG_6994.JPG','FILESYSTEM','IMG_6994.JPG'),(100383,NULL,-1,'2016-06-28 16:50:24',NULL,NULL,'jpg',1936835,'/product/IMG_6995.JPG','image/jpeg','IMG_6995.JPG','FILESYSTEM','IMG_6995.JPG'),(100384,NULL,-1,'2016-06-28 16:50:24',NULL,NULL,'jpg',1899806,'/product/IMG_6996.JPG','image/jpeg','IMG_6996.JPG','FILESYSTEM','IMG_6996.JPG'),(100385,NULL,-1,'2016-06-28 16:50:24',NULL,NULL,'jpg',1765871,'/product/IMG_6997.JPG','image/jpeg','IMG_6997.JPG','FILESYSTEM','IMG_6997.JPG'),(100386,NULL,-1,'2016-06-28 16:50:24',NULL,NULL,'jpg',1831693,'/product/IMG_6998.JPG','image/jpeg','IMG_6998.JPG','FILESYSTEM','IMG_6998.JPG'),(100387,NULL,-1,'2016-06-28 16:50:24',NULL,NULL,'jpg',1851911,'/product/IMG_6999.JPG','image/jpeg','IMG_6999.JPG','FILESYSTEM','IMG_6999.JPG'),(100388,NULL,-1,'2016-06-28 16:50:24',NULL,NULL,'jpg',2389313,'/product/IMG_7000.JPG','image/jpeg','IMG_7000.JPG','FILESYSTEM','IMG_7000.JPG'),(100389,NULL,-1,'2016-06-28 16:50:24',NULL,NULL,'jpg',3226053,'/product/IMG_7001.JPG','image/jpeg','IMG_7001.JPG','FILESYSTEM','IMG_7001.JPG'),(100390,NULL,-1,'2016-06-28 16:50:24',NULL,NULL,'jpg',1708340,'/product/IMG_7002.JPG','image/jpeg','IMG_7002.JPG','FILESYSTEM','IMG_7002.JPG'),(100391,NULL,-1,'2016-06-28 16:50:24',NULL,NULL,'jpg',1766664,'/product/IMG_7003.JPG','image/jpeg','IMG_7003.JPG','FILESYSTEM','IMG_7003.JPG'),(100392,NULL,-1,'2016-06-28 16:50:24',NULL,NULL,'jpg',1764154,'/product/IMG_7004.JPG','image/jpeg','IMG_7004.JPG','FILESYSTEM','IMG_7004.JPG'),(100393,NULL,-1,'2016-06-28 16:50:24',NULL,NULL,'jpg',1708803,'/product/IMG_7005.JPG','image/jpeg','IMG_7005.JPG','FILESYSTEM','IMG_7005.JPG'),(100394,NULL,-1,'2016-06-28 16:50:24',NULL,NULL,'jpg',1741225,'/product/IMG_7006.JPG','image/jpeg','IMG_7006.JPG','FILESYSTEM','IMG_7006.JPG'),(100395,NULL,-1,'2016-06-28 16:50:24',NULL,NULL,'jpg',2147767,'/product/IMG_7009.JPG','image/jpeg','IMG_7009.JPG','FILESYSTEM','IMG_7009.JPG'),(100396,NULL,-1,'2016-06-28 16:50:24',NULL,NULL,'jpg',2163131,'/product/IMG_7010.JPG','image/jpeg','IMG_7010.JPG','FILESYSTEM','IMG_7010.JPG'),(100397,NULL,-1,'2016-06-28 16:50:24',NULL,NULL,'jpg',1701264,'/product/IMG_7011.JPG','image/jpeg','IMG_7011.JPG','FILESYSTEM','IMG_7011.JPG'),(100398,NULL,-1,'2016-06-28 16:50:24',NULL,NULL,'jpg',1702834,'/product/IMG_7012.JPG','image/jpeg','IMG_7012.JPG','FILESYSTEM','IMG_7012.JPG'),(100399,NULL,-1,'2016-06-28 16:50:24',NULL,NULL,'jpg',1700894,'/product/IMG_7013.JPG','image/jpeg','IMG_7013.JPG','FILESYSTEM','IMG_7013.JPG'),(100400,NULL,-1,'2016-06-28 16:50:24',NULL,NULL,'jpg',1713895,'/product/IMG_7014.JPG','image/jpeg','IMG_7014.JPG','FILESYSTEM','IMG_7014.JPG'),(100401,NULL,-1,'2016-06-28 16:50:24',NULL,NULL,'jpg',1795294,'/product/IMG_7015.JPG','image/jpeg','IMG_7015.JPG','FILESYSTEM','IMG_7015.JPG'),(100402,NULL,-1,'2016-06-28 16:50:24',NULL,NULL,'jpg',2391569,'/product/IMG_7016.JPG','image/jpeg','IMG_7016.JPG','FILESYSTEM','IMG_7016.JPG'),(100403,NULL,-1,'2016-06-28 16:50:24',NULL,NULL,'jpg',3278200,'/product/IMG_7017.JPG','image/jpeg','IMG_7017.JPG','FILESYSTEM','IMG_7017.JPG'),(100404,NULL,-1,'2016-06-28 16:50:24',NULL,NULL,'jpg',2143723,'/product/IMG_7018.JPG','image/jpeg','IMG_7018.JPG','FILESYSTEM','IMG_7018.JPG'),(100405,NULL,-1,'2016-06-28 16:50:24',NULL,NULL,'jpg',1577825,'/product/IMG_7019.JPG','image/jpeg','IMG_7019.JPG','FILESYSTEM','IMG_7019.JPG'),(100406,NULL,-1,'2016-06-28 16:50:24',NULL,NULL,'jpg',1538168,'/product/IMG_7020.JPG','image/jpeg','IMG_7020.JPG','FILESYSTEM','IMG_7020.JPG'),(100407,NULL,-1,'2016-06-28 16:50:24',NULL,NULL,'jpg',1696556,'/product/IMG_7022.JPG','image/jpeg','IMG_7022.JPG','FILESYSTEM','IMG_7022.JPG'),(100408,NULL,-1,'2016-06-28 16:50:24',NULL,NULL,'jpg',1582806,'/product/IMG_7023.JPG','image/jpeg','IMG_7023.JPG','FILESYSTEM','IMG_7023.JPG'),(100409,NULL,-1,'2016-06-28 16:50:24',NULL,NULL,'jpg',1563681,'/product/IMG_7024.JPG','image/jpeg','IMG_7024.JPG','FILESYSTEM','IMG_7024.JPG'),(100410,NULL,-1,'2016-06-28 16:50:24',NULL,NULL,'jpg',1625029,'/product/IMG_7025.JPG','image/jpeg','IMG_7025.JPG','FILESYSTEM','IMG_7025.JPG'),(100411,NULL,-1,'2016-06-28 16:50:24',NULL,NULL,'jpg',1597470,'/product/IMG_7026.JPG','image/jpeg','IMG_7026.JPG','FILESYSTEM','IMG_7026.JPG'),(100412,NULL,-1,'2016-06-28 16:50:24',NULL,NULL,'jpg',1741087,'/product/IMG_7027.JPG','image/jpeg','IMG_7027.JPG','FILESYSTEM','IMG_7027.JPG'),(100413,NULL,-1,'2016-06-28 16:50:24',NULL,NULL,'jpg',2007764,'/product/IMG_7028.JPG','image/jpeg','IMG_7028.JPG','FILESYSTEM','IMG_7028.JPG'),(100414,NULL,-1,'2016-06-28 16:50:24',NULL,NULL,'jpg',1971533,'/product/IMG_7029.JPG','image/jpeg','IMG_7029.JPG','FILESYSTEM','IMG_7029.JPG'),(100415,NULL,-1,'2016-06-28 16:50:24',NULL,NULL,'jpg',2091336,'/product/IMG_7030.JPG','image/jpeg','IMG_7030.JPG','FILESYSTEM','IMG_7030.JPG'),(100416,NULL,-1,'2016-06-28 16:50:24',NULL,NULL,'jpg',1970195,'/product/IMG_7031.JPG','image/jpeg','IMG_7031.JPG','FILESYSTEM','IMG_7031.JPG'),(100417,NULL,-1,'2016-06-28 16:50:24',NULL,NULL,'jpg',1877262,'/product/IMG_7032.JPG','image/jpeg','IMG_7032.JPG','FILESYSTEM','IMG_7032.JPG'),(100418,NULL,-1,'2016-06-28 16:50:24',NULL,NULL,'jpg',2876106,'/product/IMG_7033.JPG','image/jpeg','IMG_7033.JPG','FILESYSTEM','IMG_7033.JPG'),(100419,NULL,-1,'2016-06-28 16:50:24',NULL,NULL,'jpg',3417840,'/product/IMG_7034.JPG','image/jpeg','IMG_7034.JPG','FILESYSTEM','IMG_7034.JPG'),(100420,NULL,-1,'2016-06-28 16:50:24',NULL,NULL,'jpg',2093082,'/product/IMG_7035.JPG','image/jpeg','IMG_7035.JPG','FILESYSTEM','IMG_7035.JPG'),(100421,NULL,-1,'2016-06-28 16:50:25',NULL,NULL,'jpg',2167645,'/product/IMG_7036.JPG','image/jpeg','IMG_7036.JPG','FILESYSTEM','IMG_7036.JPG'),(100422,NULL,-1,'2016-06-28 16:50:25',NULL,NULL,'jpg',2209485,'/product/IMG_7037.JPG','image/jpeg','IMG_7037.JPG','FILESYSTEM','IMG_7037.JPG'),(100423,NULL,-1,'2016-06-28 16:50:25',NULL,NULL,'jpg',2227927,'/product/IMG_7038.JPG','image/jpeg','IMG_7038.JPG','FILESYSTEM','IMG_7038.JPG'),(100424,NULL,-1,'2016-06-28 16:50:25',NULL,NULL,'jpg',2191344,'/product/IMG_7039.JPG','image/jpeg','IMG_7039.JPG','FILESYSTEM','IMG_7039.JPG'),(100425,NULL,-1,'2016-06-28 16:50:25',NULL,NULL,'jpg',2167049,'/product/IMG_7040.JPG','image/jpeg','IMG_7040.JPG','FILESYSTEM','IMG_7040.JPG'),(100426,NULL,-1,'2016-06-28 16:50:25',NULL,NULL,'jpg',2141241,'/product/IMG_7041.JPG','image/jpeg','IMG_7041.JPG','FILESYSTEM','IMG_7041.JPG'),(100427,NULL,-1,'2016-06-28 16:50:25',NULL,NULL,'jpg',2961491,'/product/IMG_7042.JPG','image/jpeg','IMG_7042.JPG','FILESYSTEM','IMG_7042.JPG'),(100428,NULL,-1,'2016-06-28 16:50:25',NULL,NULL,'jpg',4151529,'/product/IMG_7043.JPG','image/jpeg','IMG_7043.JPG','FILESYSTEM','IMG_7043.JPG'),(100429,NULL,-1,'2016-06-28 16:50:25',NULL,NULL,'jpg',1795490,'/product/IMG_7044.JPG','image/jpeg','IMG_7044.JPG','FILESYSTEM','IMG_7044.JPG'),(100430,NULL,-1,'2016-06-28 16:50:25',NULL,NULL,'jpg',1873387,'/product/IMG_7046.JPG','image/jpeg','IMG_7046.JPG','FILESYSTEM','IMG_7046.JPG'),(100431,NULL,-1,'2016-06-28 16:50:25',NULL,NULL,'jpg',1836438,'/product/IMG_7047.JPG','image/jpeg','IMG_7047.JPG','FILESYSTEM','IMG_7047.JPG'),(100432,NULL,-1,'2016-06-28 16:50:25',NULL,NULL,'jpg',1770799,'/product/IMG_7048.JPG','image/jpeg','IMG_7048.JPG','FILESYSTEM','IMG_7048.JPG'),(100433,NULL,-1,'2016-06-28 16:50:25',NULL,NULL,'jpg',1825098,'/product/IMG_7049.JPG','image/jpeg','IMG_7049.JPG','FILESYSTEM','IMG_7049.JPG'),(100434,NULL,-1,'2016-06-28 16:50:25',NULL,NULL,'jpg',2233055,'/product/IMG_7050.JPG','image/jpeg','IMG_7050.JPG','FILESYSTEM','IMG_7050.JPG'),(100435,NULL,-1,'2016-06-28 16:50:25',NULL,NULL,'jpg',2091505,'/product/IMG_7051.JPG','image/jpeg','IMG_7051.JPG','FILESYSTEM','IMG_7051.JPG'),(100436,NULL,-1,'2016-06-28 16:50:25',NULL,NULL,'jpg',2281931,'/product/IMG_7052.JPG','image/jpeg','IMG_7052.JPG','FILESYSTEM','IMG_7052.JPG'),(100437,NULL,-1,'2016-06-28 16:50:25',NULL,NULL,'jpg',2229203,'/product/IMG_7053.JPG','image/jpeg','IMG_7053.JPG','FILESYSTEM','IMG_7053.JPG'),(100438,NULL,-1,'2016-06-28 16:50:25',NULL,NULL,'jpg',2221235,'/product/IMG_7054.JPG','image/jpeg','IMG_7054.JPG','FILESYSTEM','IMG_7054.JPG'),(100439,NULL,-1,'2016-06-28 16:50:25',NULL,NULL,'jpg',2248965,'/product/IMG_7055.JPG','image/jpeg','IMG_7055.JPG','FILESYSTEM','IMG_7055.JPG'),(100440,NULL,-1,'2016-06-28 16:50:25',NULL,NULL,'jpg',2373823,'/product/IMG_7056.JPG','image/jpeg','IMG_7056.JPG','FILESYSTEM','IMG_7056.JPG'),(100441,NULL,-1,'2016-06-28 16:50:25',NULL,NULL,'jpg',2514686,'/product/IMG_7057.JPG','image/jpeg','IMG_7057.JPG','FILESYSTEM','IMG_7057.JPG'),(100442,NULL,-1,'2016-06-28 16:50:25',NULL,NULL,'jpg',3252668,'/product/IMG_7058.JPG','image/jpeg','IMG_7058.JPG','FILESYSTEM','IMG_7058.JPG'),(100443,NULL,-1,'2016-06-28 16:50:25',NULL,NULL,'jpg',2227121,'/product/IMG_7059.JPG','image/jpeg','IMG_7059.JPG','FILESYSTEM','IMG_7059.JPG'),(100444,NULL,-1,'2016-06-28 16:50:25',NULL,NULL,'jpg',2139979,'/product/IMG_7060.JPG','image/jpeg','IMG_7060.JPG','FILESYSTEM','IMG_7060.JPG'),(100445,NULL,-1,'2016-06-28 16:50:25',NULL,NULL,'jpg',2162613,'/product/IMG_7061.JPG','image/jpeg','IMG_7061.JPG','FILESYSTEM','IMG_7061.JPG'),(100446,NULL,-1,'2016-06-28 16:50:25',NULL,NULL,'jpg',2149208,'/product/IMG_7062.JPG','image/jpeg','IMG_7062.JPG','FILESYSTEM','IMG_7062.JPG'),(100447,NULL,-1,'2016-06-28 16:50:25',NULL,NULL,'jpg',2242291,'/product/IMG_7063.JPG','image/jpeg','IMG_7063.JPG','FILESYSTEM','IMG_7063.JPG'),(100448,NULL,-1,'2016-06-28 16:50:25',NULL,NULL,'jpg',2375112,'/product/IMG_7064.JPG','image/jpeg','IMG_7064.JPG','FILESYSTEM','IMG_7064.JPG'),(100449,NULL,-1,'2016-06-28 16:50:25',NULL,NULL,'jpg',3513575,'/product/IMG_7065.JPG','image/jpeg','IMG_7065.JPG','FILESYSTEM','IMG_7065.JPG'),(100450,NULL,-1,'2016-06-28 16:50:25',NULL,NULL,'jpg',2325962,'/product/IMG_7066.JPG','image/jpeg','IMG_7066.JPG','FILESYSTEM','IMG_7066.JPG'),(100451,NULL,-1,'2016-06-28 16:50:25',NULL,NULL,'jpg',2271199,'/product/IMG_7067.JPG','image/jpeg','IMG_7067.JPG','FILESYSTEM','IMG_7067.JPG'),(100452,NULL,-1,'2016-06-28 16:50:25',NULL,NULL,'jpg',2352597,'/product/IMG_7069.JPG','image/jpeg','IMG_7069.JPG','FILESYSTEM','IMG_7069.JPG'),(100453,NULL,-1,'2016-06-28 16:50:25',NULL,NULL,'jpg',2235696,'/product/IMG_7070.JPG','image/jpeg','IMG_7070.JPG','FILESYSTEM','IMG_7070.JPG'),(100454,NULL,-1,'2016-06-28 16:50:25',NULL,NULL,'jpg',2239608,'/product/IMG_7071.JPG','image/jpeg','IMG_7071.JPG','FILESYSTEM','IMG_7071.JPG'),(100455,NULL,-1,'2016-06-28 16:50:25',NULL,NULL,'jpg',2373993,'/product/IMG_7072.JPG','image/jpeg','IMG_7072.JPG','FILESYSTEM','IMG_7072.JPG'),(100456,NULL,-1,'2016-06-28 16:50:25',NULL,NULL,'jpg',3062338,'/product/IMG_7073.JPG','image/jpeg','IMG_7073.JPG','FILESYSTEM','IMG_7073.JPG'),(100457,NULL,-1,'2016-06-28 16:50:25',NULL,NULL,'jpg',2433336,'/product/IMG_7074.JPG','image/jpeg','IMG_7074.JPG','FILESYSTEM','IMG_7074.JPG'),(100458,NULL,-1,'2016-06-28 16:50:25',NULL,NULL,'jpg',1888868,'/product/IMG_7075.JPG','image/jpeg','IMG_7075.JPG','FILESYSTEM','IMG_7075.JPG'),(100459,NULL,-1,'2016-06-28 16:50:25',NULL,NULL,'jpg',1977001,'/product/IMG_7076.JPG','image/jpeg','IMG_7076.JPG','FILESYSTEM','IMG_7076.JPG'),(100460,NULL,-1,'2016-06-28 16:50:25',NULL,NULL,'jpg',2018458,'/product/IMG_7077.JPG','image/jpeg','IMG_7077.JPG','FILESYSTEM','IMG_7077.JPG'),(100461,NULL,-1,'2016-06-28 16:50:25',NULL,NULL,'jpg',2034051,'/product/IMG_7078.JPG','image/jpeg','IMG_7078.JPG','FILESYSTEM','IMG_7078.JPG'),(100462,NULL,-1,'2016-06-28 16:50:25',NULL,NULL,'jpg',1943160,'/product/IMG_7079.JPG','image/jpeg','IMG_7079.JPG','FILESYSTEM','IMG_7079.JPG'),(100463,NULL,-1,'2016-06-28 16:50:25',NULL,NULL,'jpg',1972097,'/product/IMG_7080.JPG','image/jpeg','IMG_7080.JPG','FILESYSTEM','IMG_7080.JPG'),(100464,NULL,-1,'2016-06-28 16:50:25',NULL,NULL,'jpg',1990279,'/product/IMG_7081.JPG','image/jpeg','IMG_7081.JPG','FILESYSTEM','IMG_7081.JPG'),(100465,NULL,-1,'2016-06-28 16:50:25',NULL,NULL,'jpg',1952532,'/product/IMG_7082.JPG','image/jpeg','IMG_7082.JPG','FILESYSTEM','IMG_7082.JPG'),(100466,NULL,-1,'2016-06-28 16:50:25',NULL,NULL,'jpg',2623839,'/product/IMG_7083.JPG','image/jpeg','IMG_7083.JPG','FILESYSTEM','IMG_7083.JPG'),(100467,NULL,-1,'2016-06-28 16:50:25',NULL,NULL,'jpg',1728741,'/product/IMG_7084.JPG','image/jpeg','IMG_7084.JPG','FILESYSTEM','IMG_7084.JPG'),(100468,NULL,-1,'2016-06-28 16:50:25',NULL,NULL,'jpg',2022427,'/product/IMG_7085.JPG','image/jpeg','IMG_7085.JPG','FILESYSTEM','IMG_7085.JPG'),(100469,NULL,-1,'2016-06-28 16:50:25',NULL,NULL,'jpg',2372440,'/product/IMG_7088.JPG','image/jpeg','IMG_7088.JPG','FILESYSTEM','IMG_7088.JPG'),(100470,NULL,-1,'2016-06-28 16:50:25',NULL,NULL,'jpg',3573765,'/product/IMG_7089.JPG','image/jpeg','IMG_7089.JPG','FILESYSTEM','IMG_7089.JPG'),(100471,NULL,-1,'2016-06-28 16:50:25',NULL,NULL,'jpg',2251289,'/product/IMG_7090.JPG','image/jpeg','IMG_7090.JPG','FILESYSTEM','IMG_7090.JPG'),(100472,NULL,-1,'2016-06-28 16:50:25',NULL,NULL,'jpg',3124792,'/product/IMG_7091.JPG','image/jpeg','IMG_7091.JPG','FILESYSTEM','IMG_7091.JPG'),(100473,NULL,-1,'2016-06-28 16:50:25',NULL,NULL,'jpg',2167721,'/product/IMG_7092.JPG','image/jpeg','IMG_7092.JPG','FILESYSTEM','IMG_7092.JPG'),(100474,NULL,-1,'2016-06-28 16:50:25',NULL,NULL,'jpg',2200985,'/product/IMG_7093.JPG','image/jpeg','IMG_7093.JPG','FILESYSTEM','IMG_7093.JPG'),(100475,NULL,-1,'2016-06-28 16:50:25',NULL,NULL,'jpg',3824450,'/product/IMG_7094.JPG','image/jpeg','IMG_7094.JPG','FILESYSTEM','IMG_7094.JPG'),(100476,NULL,-1,'2016-06-28 16:50:25',NULL,NULL,'jpg',2187279,'/product/IMG_7095.JPG','image/jpeg','IMG_7095.JPG','FILESYSTEM','IMG_7095.JPG'),(100477,NULL,-1,'2016-06-28 16:50:25',NULL,NULL,'jpg',2489691,'/product/IMG_7096.JPG','image/jpeg','IMG_7096.JPG','FILESYSTEM','IMG_7096.JPG'),(100478,NULL,-1,'2016-06-28 16:50:25',NULL,NULL,'jpg',3705023,'/product/IMG_7097.JPG','image/jpeg','IMG_7097.JPG','FILESYSTEM','IMG_7097.JPG'),(100479,NULL,-1,'2016-06-28 16:50:25',NULL,NULL,'jpg',3485959,'/product/IMG_7098.JPG','image/jpeg','IMG_7098.JPG','FILESYSTEM','IMG_7098.JPG'),(100480,NULL,-1,'2016-06-28 16:50:25',NULL,NULL,'jpg',2266913,'/product/IMG_7099.JPG','image/jpeg','IMG_7099.JPG','FILESYSTEM','IMG_7099.JPG'),(100481,NULL,-1,'2016-06-28 16:50:25',NULL,NULL,'jpg',3664078,'/product/IMG_7100.JPG','image/jpeg','IMG_7100.JPG','FILESYSTEM','IMG_7100.JPG'),(100482,NULL,-1,'2016-06-28 16:50:25',NULL,NULL,'jpg',2695190,'/product/IMG_7102.JPG','image/jpeg','IMG_7102.JPG','FILESYSTEM','IMG_7102.JPG'),(100483,NULL,-1,'2016-06-28 16:50:25',NULL,NULL,'jpg',2437845,'/product/IMG_7103.JPG','image/jpeg','IMG_7103.JPG','FILESYSTEM','IMG_7103.JPG'),(100484,NULL,-1,'2016-06-28 16:50:25',NULL,NULL,'jpg',2461005,'/product/IMG_7104.JPG','image/jpeg','IMG_7104.JPG','FILESYSTEM','IMG_7104.JPG'),(100485,NULL,-1,'2016-06-28 16:50:25',NULL,NULL,'jpg',2346459,'/product/IMG_7105.JPG','image/jpeg','IMG_7105.JPG','FILESYSTEM','IMG_7105.JPG'),(100486,NULL,-1,'2016-06-28 16:50:25',NULL,NULL,'jpg',3867204,'/product/IMG_7106.JPG','image/jpeg','IMG_7106.JPG','FILESYSTEM','IMG_7106.JPG'),(100487,NULL,-1,'2016-06-28 16:50:25',NULL,NULL,'jpg',2006253,'/product/IMG_7107.JPG','image/jpeg','IMG_7107.JPG','FILESYSTEM','IMG_7107.JPG'),(100488,NULL,-1,'2016-06-28 16:50:25',NULL,NULL,'jpg',1977915,'/product/IMG_7108.JPG','image/jpeg','IMG_7108.JPG','FILESYSTEM','IMG_7108.JPG'),(100489,NULL,-1,'2016-06-28 16:50:25',NULL,NULL,'jpg',2125168,'/product/IMG_7109.JPG','image/jpeg','IMG_7109.JPG','FILESYSTEM','IMG_7109.JPG'),(100490,NULL,-1,'2016-06-28 16:50:25',NULL,NULL,'jpg',3259741,'/product/IMG_7110.JPG','image/jpeg','IMG_7110.JPG','FILESYSTEM','IMG_7110.JPG'),(100491,NULL,-1,'2016-06-28 16:50:25',NULL,NULL,'jpg',2814465,'/product/IMG_7111.JPG','image/jpeg','IMG_7111.JPG','FILESYSTEM','IMG_7111.JPG'),(100492,NULL,-1,'2016-06-28 16:50:25',NULL,NULL,'jpg',1999956,'/product/IMG_7112.JPG','image/jpeg','IMG_7112.JPG','FILESYSTEM','IMG_7112.JPG'),(100493,NULL,-1,'2016-06-28 16:50:25',NULL,NULL,'jpg',2224818,'/product/IMG_7113.JPG','image/jpeg','IMG_7113.JPG','FILESYSTEM','IMG_7113.JPG'),(100494,NULL,-1,'2016-06-28 16:50:25',NULL,NULL,'jpg',2436994,'/product/IMG_7114.JPG','image/jpeg','IMG_7114.JPG','FILESYSTEM','IMG_7114.JPG'),(100495,NULL,-1,'2016-06-28 16:50:25',NULL,NULL,'jpg',1990957,'/product/IMG_7115.JPG','image/jpeg','IMG_7115.JPG','FILESYSTEM','IMG_7115.JPG'),(100496,NULL,-1,'2016-06-28 16:50:25',NULL,NULL,'jpg',2094262,'/product/IMG_7116.JPG','image/jpeg','IMG_7116.JPG','FILESYSTEM','IMG_7116.JPG'),(100497,NULL,-1,'2016-06-28 16:50:25',NULL,NULL,'jpg',3108875,'/product/IMG_7117.JPG','image/jpeg','IMG_7117.JPG','FILESYSTEM','IMG_7117.JPG'),(100498,NULL,-1,'2016-06-28 16:50:25',NULL,NULL,'jpg',2653702,'/product/IMG_7118.JPG','image/jpeg','IMG_7118.JPG','FILESYSTEM','IMG_7118.JPG'),(100499,NULL,-1,'2016-06-28 16:50:25',NULL,NULL,'jpg',2036782,'/product/IMG_7119.JPG','image/jpeg','IMG_7119.JPG','FILESYSTEM','IMG_7119.JPG'),(100500,NULL,-1,'2016-06-28 16:50:25',NULL,NULL,'jpg',2218981,'/product/IMG_7120.JPG','image/jpeg','IMG_7120.JPG','FILESYSTEM','IMG_7120.JPG'),(100501,NULL,-1,'2016-06-28 16:50:25',NULL,NULL,'jpg',3000136,'/product/IMG_7121.JPG','image/jpeg','IMG_7121.JPG','FILESYSTEM','IMG_7121.JPG'),(100502,NULL,-1,'2016-06-28 16:50:25',NULL,NULL,'jpg',2018896,'/product/IMG_7122.JPG','image/jpeg','IMG_7122.JPG','FILESYSTEM','IMG_7122.JPG'),(100503,NULL,-1,'2016-06-28 16:50:25',NULL,NULL,'jpg',2018201,'/product/IMG_7123.JPG','image/jpeg','IMG_7123.JPG','FILESYSTEM','IMG_7123.JPG'),(100504,NULL,-1,'2016-06-28 16:50:25',NULL,NULL,'jpg',2029236,'/product/IMG_7124.JPG','image/jpeg','IMG_7124.JPG','FILESYSTEM','IMG_7124.JPG'),(100505,NULL,-1,'2016-06-28 16:50:25',NULL,NULL,'jpg',3238734,'/product/IMG_7125.JPG','image/jpeg','IMG_7125.JPG','FILESYSTEM','IMG_7125.JPG'),(100506,NULL,-1,'2016-06-28 16:50:25',NULL,NULL,'jpg',2750716,'/product/IMG_7126.JPG','image/jpeg','IMG_7126.JPG','FILESYSTEM','IMG_7126.JPG'),(100507,NULL,-1,'2016-06-28 16:50:25',NULL,NULL,'jpg',2091237,'/product/IMG_7127.JPG','image/jpeg','IMG_7127.JPG','FILESYSTEM','IMG_7127.JPG'),(100508,NULL,-1,'2016-06-28 16:50:25',NULL,NULL,'jpg',2154307,'/product/IMG_7128.JPG','image/jpeg','IMG_7128.JPG','FILESYSTEM','IMG_7128.JPG'),(100509,NULL,-1,'2016-06-28 16:50:25',NULL,NULL,'jpg',1838041,'/product/IMG_7129.JPG','image/jpeg','IMG_7129.JPG','FILESYSTEM','IMG_7129.JPG'),(100510,NULL,-1,'2016-06-28 16:50:25',NULL,NULL,'jpg',1985785,'/product/IMG_7130.JPG','image/jpeg','IMG_7130.JPG','FILESYSTEM','IMG_7130.JPG'),(100511,NULL,-1,'2016-06-28 16:50:25',NULL,NULL,'jpg',1953736,'/product/IMG_7131.JPG','image/jpeg','IMG_7131.JPG','FILESYSTEM','IMG_7131.JPG'),(100512,NULL,-1,'2016-06-28 16:50:25',NULL,NULL,'jpg',2344720,'/product/IMG_7132.JPG','image/jpeg','IMG_7132.JPG','FILESYSTEM','IMG_7132.JPG'),(100513,NULL,-1,'2016-06-28 16:50:25',NULL,NULL,'jpg',2039666,'/product/IMG_7133.JPG','image/jpeg','IMG_7133.JPG','FILESYSTEM','IMG_7133.JPG'),(100514,NULL,-1,'2016-06-28 16:50:25',NULL,NULL,'jpg',1988678,'/product/IMG_7134.JPG','image/jpeg','IMG_7134.JPG','FILESYSTEM','IMG_7134.JPG'),(100515,NULL,-1,'2016-06-28 16:50:25',NULL,NULL,'jpg',1696812,'/product/IMG_7136.JPG','image/jpeg','IMG_7136.JPG','FILESYSTEM','IMG_7136.JPG'),(100516,NULL,-1,'2016-06-28 16:50:25',NULL,NULL,'jpg',1717600,'/product/IMG_7137.JPG','image/jpeg','IMG_7137.JPG','FILESYSTEM','IMG_7137.JPG'),(100517,NULL,-1,'2016-06-28 16:50:25',NULL,NULL,'jpg',1990187,'/product/IMG_7138.JPG','image/jpeg','IMG_7138.JPG','FILESYSTEM','IMG_7138.JPG'),(100518,NULL,-1,'2016-06-28 16:50:25',NULL,NULL,'jpg',1819146,'/product/IMG_7139.JPG','image/jpeg','IMG_7139.JPG','FILESYSTEM','IMG_7139.JPG'),(100519,NULL,-1,'2016-06-28 16:50:25',NULL,NULL,'jpg',1935002,'/product/IMG_7140.JPG','image/jpeg','IMG_7140.JPG','FILESYSTEM','IMG_7140.JPG'),(100520,NULL,-1,'2016-06-28 16:50:25',NULL,NULL,'jpg',1737186,'/product/IMG_7141.JPG','image/jpeg','IMG_7141.JPG','FILESYSTEM','IMG_7141.JPG'),(100521,NULL,-1,'2016-06-28 16:50:25',NULL,NULL,'jpg',2282444,'/product/IMG_7142.JPG','image/jpeg','IMG_7142.JPG','FILESYSTEM','IMG_7142.JPG'),(100522,NULL,-1,'2016-06-28 16:50:25',NULL,NULL,'jpg',2041296,'/product/IMG_7143.JPG','image/jpeg','IMG_7143.JPG','FILESYSTEM','IMG_7143.JPG'),(100523,NULL,-1,'2016-06-28 16:50:25',NULL,NULL,'jpg',2036978,'/product/IMG_7144.JPG','image/jpeg','IMG_7144.JPG','FILESYSTEM','IMG_7144.JPG'),(100524,NULL,-1,'2016-06-28 16:50:25',NULL,NULL,'jpg',2020807,'/product/IMG_7145.JPG','image/jpeg','IMG_7145.JPG','FILESYSTEM','IMG_7145.JPG'),(100525,NULL,-1,'2016-06-28 16:50:25',NULL,NULL,'jpg',2017839,'/product/IMG_7146.JPG','image/jpeg','IMG_7146.JPG','FILESYSTEM','IMG_7146.JPG'),(100526,NULL,-1,'2016-06-28 16:50:25',NULL,NULL,'jpg',1904993,'/product/IMG_7147.JPG','image/jpeg','IMG_7147.JPG','FILESYSTEM','IMG_7147.JPG'),(100527,NULL,-1,'2016-06-28 16:50:25',NULL,NULL,'jpg',2108964,'/product/IMG_7148.JPG','image/jpeg','IMG_7148.JPG','FILESYSTEM','IMG_7148.JPG'),(100528,NULL,-1,'2016-06-28 16:50:25',NULL,NULL,'jpg',1835167,'/product/IMG_7149.JPG','image/jpeg','IMG_7149.JPG','FILESYSTEM','IMG_7149.JPG'),(100529,NULL,-1,'2016-06-28 16:50:25',NULL,NULL,'jpg',1563906,'/product/IMG_7150.JPG','image/jpeg','IMG_7150.JPG','FILESYSTEM','IMG_7150.JPG'),(100530,NULL,-1,'2016-06-28 16:50:25',NULL,NULL,'jpg',2102156,'/product/IMG_7151.JPG','image/jpeg','IMG_7151.JPG','FILESYSTEM','IMG_7151.JPG'),(100531,NULL,-1,'2016-06-28 16:50:25',NULL,NULL,'jpg',1932514,'/product/IMG_7152.JPG','image/jpeg','IMG_7152.JPG','FILESYSTEM','IMG_7152.JPG'),(100532,NULL,-1,'2016-06-28 16:50:25',NULL,NULL,'jpg',1732267,'/product/IMG_7153.JPG','image/jpeg','IMG_7153.JPG','FILESYSTEM','IMG_7153.JPG'),(100533,NULL,-1,'2016-06-28 16:50:25',NULL,NULL,'jpg',1978192,'/product/IMG_7154.JPG','image/jpeg','IMG_7154.JPG','FILESYSTEM','IMG_7154.JPG'),(100534,NULL,-1,'2016-06-28 16:50:25',NULL,NULL,'jpg',1861318,'/product/IMG_7155.JPG','image/jpeg','IMG_7155.JPG','FILESYSTEM','IMG_7155.JPG'),(100535,NULL,-1,'2016-06-28 16:50:25',NULL,NULL,'jpg',1840162,'/product/IMG_7156.JPG','image/jpeg','IMG_7156.JPG','FILESYSTEM','IMG_7156.JPG'),(100536,NULL,-1,'2016-06-28 16:50:25',NULL,NULL,'jpg',1286064,'/product/IMG_7157.JPG','image/jpeg','IMG_7157.JPG','FILESYSTEM','IMG_7157.JPG'),(101050,NULL,-1,'2016-08-04 17:09:11',NULL,NULL,'jpg',1839241,'/product/IMG_2618.JPG','image/jpeg','IMG_2618.JPG','FILESYSTEM','IMG_2618.JPG'),(101051,NULL,-1,'2016-08-04 17:09:11',NULL,NULL,'jpg',1891436,'/product/IMG_2619.JPG','image/jpeg','IMG_2619.JPG','FILESYSTEM','IMG_2619.JPG'),(101052,NULL,-1,'2016-08-04 17:09:11',NULL,NULL,'jpg',2158670,'/product/IMG_2620.JPG','image/jpeg','IMG_2620.JPG','FILESYSTEM','IMG_2620.JPG'),(101053,NULL,-1,'2016-08-04 17:09:11',NULL,NULL,'jpg',2053497,'/product/IMG_2621.JPG','image/jpeg','IMG_2621.JPG','FILESYSTEM','IMG_2621.JPG'),(101054,NULL,-1,'2016-08-04 17:09:11',NULL,NULL,'jpg',1800337,'/product/IMG_2622.JPG','image/jpeg','IMG_2622.JPG','FILESYSTEM','IMG_2622.JPG'),(101055,NULL,-1,'2016-08-04 17:09:11',NULL,NULL,'jpg',2173640,'/product/IMG_2623.JPG','image/jpeg','IMG_2623.JPG','FILESYSTEM','IMG_2623.JPG'),(101056,NULL,-1,'2016-08-04 17:09:11',NULL,NULL,'jpg',2363320,'/product/IMG_2624.JPG','image/jpeg','IMG_2624.JPG','FILESYSTEM','IMG_2624.JPG'),(101057,NULL,-1,'2016-08-04 17:09:11',NULL,NULL,'jpg',2028545,'/product/IMG_2626.JPG','image/jpeg','IMG_2626.JPG','FILESYSTEM','IMG_2626.JPG'),(101058,NULL,-1,'2016-08-04 17:09:11',NULL,NULL,'jpg',2337372,'/product/IMG_2627.JPG','image/jpeg','IMG_2627.JPG','FILESYSTEM','IMG_2627.JPG'),(101059,NULL,-1,'2016-08-04 17:09:12',NULL,NULL,'jpg',2038619,'/product/IMG_2628.JPG','image/jpeg','IMG_2628.JPG','FILESYSTEM','IMG_2628.JPG'),(101060,NULL,-1,'2016-08-04 17:09:12',NULL,NULL,'jpg',2657068,'/product/IMG_2629.JPG','image/jpeg','IMG_2629.JPG','FILESYSTEM','IMG_2629.JPG'),(101061,NULL,-1,'2016-08-04 17:09:12',NULL,NULL,'jpg',2024658,'/product/IMG_2631.JPG','image/jpeg','IMG_2631.JPG','FILESYSTEM','IMG_2631.JPG'),(101062,NULL,-1,'2016-08-04 17:09:12',NULL,NULL,'jpg',2229296,'/product/IMG_2633.JPG','image/jpeg','IMG_2633.JPG','FILESYSTEM','IMG_2633.JPG'),(101063,NULL,-1,'2016-08-04 17:09:12',NULL,NULL,'jpg',2122775,'/product/IMG_2634.JPG','image/jpeg','IMG_2634.JPG','FILESYSTEM','IMG_2634.JPG'),(101064,NULL,-1,'2016-08-04 17:09:12',NULL,NULL,'jpg',2254048,'/product/IMG_2635.JPG','image/jpeg','IMG_2635.JPG','FILESYSTEM','IMG_2635.JPG'),(101065,NULL,-1,'2016-08-04 17:09:12',NULL,NULL,'jpg',2003804,'/product/IMG_2637.JPG','image/jpeg','IMG_2637.JPG','FILESYSTEM','IMG_2637.JPG'),(101066,NULL,-1,'2016-08-04 17:09:12',NULL,NULL,'jpg',2288585,'/product/IMG_2638.JPG','image/jpeg','IMG_2638.JPG','FILESYSTEM','IMG_2638.JPG'),(101067,NULL,-1,'2016-08-04 17:09:12',NULL,NULL,'jpg',2444985,'/product/IMG_2640.JPG','image/jpeg','IMG_2640.JPG','FILESYSTEM','IMG_2640.JPG'),(101068,NULL,-1,'2016-08-04 17:09:12',NULL,NULL,'jpg',2405607,'/product/IMG_2642.JPG','image/jpeg','IMG_2642.JPG','FILESYSTEM','IMG_2642.JPG'),(101069,NULL,-1,'2016-08-04 17:09:12',NULL,NULL,'jpg',2185223,'/product/IMG_2643.JPG','image/jpeg','IMG_2643.JPG','FILESYSTEM','IMG_2643.JPG'),(101070,NULL,-1,'2016-08-04 17:09:12',NULL,NULL,'jpg',2556779,'/product/IMG_2644.JPG','image/jpeg','IMG_2644.JPG','FILESYSTEM','IMG_2644.JPG'),(101071,NULL,-1,'2016-08-04 17:09:12',NULL,NULL,'jpg',2206057,'/product/IMG_2645.JPG','image/jpeg','IMG_2645.JPG','FILESYSTEM','IMG_2645.JPG'),(101072,NULL,-1,'2016-08-04 17:09:12',NULL,NULL,'jpg',2633650,'/product/IMG_2646.JPG','image/jpeg','IMG_2646.JPG','FILESYSTEM','IMG_2646.JPG'),(101073,NULL,-1,'2016-08-04 17:09:12',NULL,NULL,'jpg',1971524,'/product/IMG_2649.JPG','image/jpeg','IMG_2649.JPG','FILESYSTEM','IMG_2649.JPG'),(101074,NULL,-1,'2016-08-04 17:09:12',NULL,NULL,'jpg',2036641,'/product/IMG_2652.JPG','image/jpeg','IMG_2652.JPG','FILESYSTEM','IMG_2652.JPG'),(101075,NULL,-1,'2016-08-04 17:09:12',NULL,NULL,'jpg',2150371,'/product/IMG_2653.JPG','image/jpeg','IMG_2653.JPG','FILESYSTEM','IMG_2653.JPG'),(101076,NULL,-1,'2016-08-04 17:09:12',NULL,NULL,'jpg',2243533,'/product/IMG_2656.JPG','image/jpeg','IMG_2656.JPG','FILESYSTEM','IMG_2656.JPG'),(101077,NULL,-1,'2016-08-04 17:09:12',NULL,NULL,'jpg',2222498,'/product/IMG_2658.JPG','image/jpeg','IMG_2658.JPG','FILESYSTEM','IMG_2658.JPG'),(101078,NULL,-1,'2016-08-04 17:09:12',NULL,NULL,'jpg',3792250,'/product/IMG_2659.JPG','image/jpeg','IMG_2659.JPG','FILESYSTEM','IMG_2659.JPG'),(101079,NULL,-1,'2016-08-04 17:09:12',NULL,NULL,'jpg',2234756,'/product/IMG_2660.JPG','image/jpeg','IMG_2660.JPG','FILESYSTEM','IMG_2660.JPG'),(101080,NULL,-1,'2016-08-04 17:09:12',NULL,NULL,'jpg',2177209,'/product/IMG_2661.JPG','image/jpeg','IMG_2661.JPG','FILESYSTEM','IMG_2661.JPG'),(101081,NULL,-1,'2016-08-04 17:09:12',NULL,NULL,'jpg',2142318,'/product/IMG_2662.JPG','image/jpeg','IMG_2662.JPG','FILESYSTEM','IMG_2662.JPG'),(101082,NULL,-1,'2016-08-04 17:09:12',NULL,NULL,'jpg',2229687,'/product/IMG_2663.JPG','image/jpeg','IMG_2663.JPG','FILESYSTEM','IMG_2663.JPG'),(101083,NULL,-1,'2016-08-04 17:09:12',NULL,NULL,'jpg',2257044,'/product/IMG_2664.JPG','image/jpeg','IMG_2664.JPG','FILESYSTEM','IMG_2664.JPG'),(101084,NULL,-1,'2016-08-04 17:09:12',NULL,NULL,'jpg',1932996,'/product/IMG_2666.JPG','image/jpeg','IMG_2666.JPG','FILESYSTEM','IMG_2666.JPG'),(101085,NULL,-1,'2016-08-04 17:09:12',NULL,NULL,'jpg',2057377,'/product/IMG_2668.JPG','image/jpeg','IMG_2668.JPG','FILESYSTEM','IMG_2668.JPG'),(101086,NULL,-1,'2016-08-04 17:09:12',NULL,NULL,'jpg',2244616,'/product/IMG_2669.JPG','image/jpeg','IMG_2669.JPG','FILESYSTEM','IMG_2669.JPG'),(101087,NULL,-1,'2016-08-04 17:09:13',NULL,NULL,'jpg',2257586,'/product/IMG_2670.JPG','image/jpeg','IMG_2670.JPG','FILESYSTEM','IMG_2670.JPG'),(101088,NULL,-1,'2016-08-04 17:09:13',NULL,NULL,'jpg',2171654,'/product/IMG_2671.JPG','image/jpeg','IMG_2671.JPG','FILESYSTEM','IMG_2671.JPG'),(101089,NULL,-1,'2016-08-04 17:09:13',NULL,NULL,'jpg',2153758,'/product/IMG_2672.JPG','image/jpeg','IMG_2672.JPG','FILESYSTEM','IMG_2672.JPG'),(101090,NULL,-1,'2016-08-04 17:09:13',NULL,NULL,'jpg',2053154,'/product/IMG_2675.JPG','image/jpeg','IMG_2675.JPG','FILESYSTEM','IMG_2675.JPG'),(101091,NULL,-1,'2016-08-04 17:09:13',NULL,NULL,'jpg',2112377,'/product/IMG_2676.JPG','image/jpeg','IMG_2676.JPG','FILESYSTEM','IMG_2676.JPG'),(101092,NULL,-1,'2016-08-04 17:09:13',NULL,NULL,'jpg',1910441,'/product/IMG_2677.JPG','image/jpeg','IMG_2677.JPG','FILESYSTEM','IMG_2677.JPG'),(101093,NULL,-1,'2016-08-04 17:09:13',NULL,NULL,'jpg',1735456,'/product/IMG_2678.JPG','image/jpeg','IMG_2678.JPG','FILESYSTEM','IMG_2678.JPG'),(101094,NULL,-1,'2016-08-04 17:09:13',NULL,NULL,'jpg',1666522,'/product/IMG_2679.JPG','image/jpeg','IMG_2679.JPG','FILESYSTEM','IMG_2679.JPG'),(101095,NULL,-1,'2016-08-04 17:09:13',NULL,NULL,'jpg',2179353,'/product/IMG_2680.JPG','image/jpeg','IMG_2680.JPG','FILESYSTEM','IMG_2680.JPG'),(101096,NULL,-1,'2016-08-04 17:09:13',NULL,NULL,'jpg',1976281,'/product/IMG_2681.JPG','image/jpeg','IMG_2681.JPG','FILESYSTEM','IMG_2681.JPG'),(101097,NULL,-1,'2016-08-04 17:09:13',NULL,NULL,'jpg',2080331,'/product/IMG_2682.JPG','image/jpeg','IMG_2682.JPG','FILESYSTEM','IMG_2682.JPG'),(101098,NULL,-1,'2016-08-04 17:09:13',NULL,NULL,'jpg',2099028,'/product/IMG_2683.JPG','image/jpeg','IMG_2683.JPG','FILESYSTEM','IMG_2683.JPG'),(101099,NULL,-1,'2016-08-04 17:09:13',NULL,NULL,'jpg',2368962,'/product/IMG_2684.JPG','image/jpeg','IMG_2684.JPG','FILESYSTEM','IMG_2684.JPG'),(101100,NULL,-1,'2016-08-04 17:09:13',NULL,NULL,'jpg',2174118,'/product/IMG_2687.JPG','image/jpeg','IMG_2687.JPG','FILESYSTEM','IMG_2687.JPG'),(101101,NULL,-1,'2016-08-04 17:09:13',NULL,NULL,'jpg',1952030,'/product/IMG_2688.JPG','image/jpeg','IMG_2688.JPG','FILESYSTEM','IMG_2688.JPG'),(101102,NULL,-1,'2016-08-04 17:09:13',NULL,NULL,'jpg',1885196,'/product/IMG_2689.JPG','image/jpeg','IMG_2689.JPG','FILESYSTEM','IMG_2689.JPG'),(101103,NULL,-1,'2016-08-04 17:09:13',NULL,NULL,'jpg',2103043,'/product/IMG_2691.JPG','image/jpeg','IMG_2691.JPG','FILESYSTEM','IMG_2691.JPG'),(101104,NULL,-1,'2016-08-04 17:09:13',NULL,NULL,'jpg',2285527,'/product/IMG_2693.JPG','image/jpeg','IMG_2693.JPG','FILESYSTEM','IMG_2693.JPG'),(101105,NULL,-1,'2016-08-04 17:09:13',NULL,NULL,'jpg',726124,'/product/IMG_9579.JPG','image/jpeg','IMG_9579.JPG','FILESYSTEM','IMG_9579.JPG'),(101106,NULL,-1,'2016-08-04 17:09:13',NULL,NULL,'jpg',679501,'/product/IMG_9583.JPG','image/jpeg','IMG_9583.JPG','FILESYSTEM','IMG_9583.JPG'),(101107,NULL,-1,'2016-08-04 17:09:13',NULL,NULL,'jpg',927945,'/product/IMG_9584.JPG','image/jpeg','IMG_9584.JPG','FILESYSTEM','IMG_9584.JPG'),(101108,NULL,-1,'2016-08-04 17:09:13',NULL,NULL,'jpg',724267,'/product/IMG_9587.JPG','image/jpeg','IMG_9587.JPG','FILESYSTEM','IMG_9587.JPG'),(101109,NULL,-1,'2016-08-04 17:09:14',NULL,NULL,'jpg',1002203,'/product/IMG_9588.JPG','image/jpeg','IMG_9588.JPG','FILESYSTEM','IMG_9588.JPG'),(101110,NULL,-1,'2016-08-04 17:09:14',NULL,NULL,'jpg',855979,'/product/IMG_9595.JPG','image/jpeg','IMG_9595.JPG','FILESYSTEM','IMG_9595.JPG'),(101111,NULL,-1,'2016-08-04 17:09:14',NULL,NULL,'jpg',683749,'/product/IMG_9598.JPG','image/jpeg','IMG_9598.JPG','FILESYSTEM','IMG_9598.JPG'),(101112,NULL,-1,'2016-08-04 17:09:14',NULL,NULL,'jpg',978256,'/product/IMG_9602.JPG','image/jpeg','IMG_9602.JPG','FILESYSTEM','IMG_9602.JPG'),(101113,NULL,-1,'2016-08-04 17:09:14',NULL,NULL,'jpg',815247,'/product/IMG_9606.JPG','image/jpeg','IMG_9606.JPG','FILESYSTEM','IMG_9606.JPG'),(101114,NULL,-1,'2016-08-04 17:09:14',NULL,NULL,'jpg',2262481,'/product/IMG_6915_C.JPG','image/jpeg','IMG_6915_C.JPG','FILESYSTEM','IMG_6915_C.JPG'),(101115,NULL,-1,'2016-08-04 17:09:14',NULL,NULL,'jpg',2169117,'/product/IMG_6916_C.JPG','image/jpeg','IMG_6916_C.JPG','FILESYSTEM','IMG_6916_C.JPG'),(101116,NULL,-1,'2016-08-04 17:09:14',NULL,NULL,'jpg',2233262,'/product/IMG_6917_C.JPG','image/jpeg','IMG_6917_C.JPG','FILESYSTEM','IMG_6917_C.JPG'),(101117,NULL,-1,'2016-08-04 17:09:14',NULL,NULL,'jpg',2363238,'/product/IMG_6923_C.JPG','image/jpeg','IMG_6923_C.JPG','FILESYSTEM','IMG_6923_C.JPG'),(101118,NULL,-1,'2016-08-04 17:09:14',NULL,NULL,'jpg',2375775,'/product/IMG_6924_C.JPG','image/jpeg','IMG_6924_C.JPG','FILESYSTEM','IMG_6924_C.JPG'),(101119,NULL,-1,'2016-08-04 17:09:14',NULL,NULL,'jpg',2241127,'/product/IMG_6925_C.JPG','image/jpeg','IMG_6925_C.JPG','FILESYSTEM','IMG_6925_C.JPG'),(101120,NULL,-1,'2016-08-04 17:09:14',NULL,NULL,'jpg',2359099,'/product/IMG_6926_C.JPG','image/jpeg','IMG_6926_C.JPG','FILESYSTEM','IMG_6926_C.JPG'),(101121,NULL,-1,'2016-08-04 17:09:14',NULL,NULL,'jpg',2786151,'/product/IMG_6927_C.JPG','image/jpeg','IMG_6927_C.JPG','FILESYSTEM','IMG_6927_C.JPG'),(101122,NULL,-1,'2016-08-04 17:09:14',NULL,NULL,'jpg',2356821,'/product/IMG_6955_C.JPG','image/jpeg','IMG_6955_C.JPG','FILESYSTEM','IMG_6955_C.JPG'),(101123,NULL,-1,'2016-08-04 17:09:14',NULL,NULL,'jpg',2486096,'/product/IMG_6957_C.JPG','image/jpeg','IMG_6957_C.JPG','FILESYSTEM','IMG_6957_C.JPG'),(101124,NULL,-1,'2016-08-04 17:09:14',NULL,NULL,'jpg',2593143,'/product/IMG_6958_C.JPG','image/jpeg','IMG_6958_C.JPG','FILESYSTEM','IMG_6958_C.JPG'),(101125,NULL,-1,'2016-08-04 17:09:14',NULL,NULL,'jpg',2547560,'/product/IMG_6959_C.JPG','image/jpeg','IMG_6959_C.JPG','FILESYSTEM','IMG_6959_C.JPG'),(101126,NULL,-1,'2016-08-04 17:09:14',NULL,NULL,'jpg',2436582,'/product/IMG_6960_C.JPG','image/jpeg','IMG_6960_C.JPG','FILESYSTEM','IMG_6960_C.JPG'),(101127,NULL,-1,'2016-08-04 17:09:14',NULL,NULL,'jpg',2292631,'/product/IMG_6961_C.JPG','image/jpeg','IMG_6961_C.JPG','FILESYSTEM','IMG_6961_C.JPG'),(101128,NULL,-1,'2016-08-04 17:09:14',NULL,NULL,'jpg',3388597,'/product/IMG_6964_C.JPG','image/jpeg','IMG_6964_C.JPG','FILESYSTEM','IMG_6964_C.JPG'),(101129,NULL,-1,'2016-08-04 17:09:14',NULL,NULL,'jpg',3578746,'/product/IMG_6965_C.JPG','image/jpeg','IMG_6965_C.JPG','FILESYSTEM','IMG_6965_C.JPG'),(101130,NULL,-1,'2016-08-04 17:09:14',NULL,NULL,'jpg',2354028,'/product/IMG_6966_C.JPG','image/jpeg','IMG_6966_C.JPG','FILESYSTEM','IMG_6966_C.JPG'),(101131,NULL,-1,'2016-08-04 17:09:15',NULL,NULL,'jpg',2427155,'/product/IMG_6972_C.JPG','image/jpeg','IMG_6972_C.JPG','FILESYSTEM','IMG_6972_C.JPG'),(101132,NULL,-1,'2016-08-04 17:09:15',NULL,NULL,'jpg',2309249,'/product/IMG_6973_C.JPG','image/jpeg','IMG_6973_C.JPG','FILESYSTEM','IMG_6973_C.JPG'),(101133,NULL,-1,'2016-08-04 17:09:15',NULL,NULL,'jpg',2307742,'/product/IMG_6974_C.JPG','image/jpeg','IMG_6974_C.JPG','FILESYSTEM','IMG_6974_C.JPG'),(101134,NULL,-1,'2016-08-04 17:09:15',NULL,NULL,'jpg',2364120,'/product/IMG_6975_C.JPG','image/jpeg','IMG_6975_C.JPG','FILESYSTEM','IMG_6975_C.JPG'),(101135,NULL,-1,'2016-08-04 17:09:15',NULL,NULL,'jpg',2272146,'/product/IMG_6976_C.JPG','image/jpeg','IMG_6976_C.JPG','FILESYSTEM','IMG_6976_C.JPG'),(101136,NULL,-1,'2016-08-04 17:09:15',NULL,NULL,'jpg',2325191,'/product/IMG_6977_C.JPG','image/jpeg','IMG_6977_C.JPG','FILESYSTEM','IMG_6977_C.JPG'),(101137,NULL,-1,'2016-08-04 17:09:15',NULL,NULL,'jpg',2397283,'/product/IMG_6978_C.JPG','image/jpeg','IMG_6978_C.JPG','FILESYSTEM','IMG_6978_C.JPG'),(101138,NULL,-1,'2016-08-04 17:09:15',NULL,NULL,'jpg',2301949,'/product/IMG_6979_C.JPG','image/jpeg','IMG_6979_C.JPG','FILESYSTEM','IMG_6979_C.JPG'),(101139,NULL,-1,'2016-08-04 17:09:15',NULL,NULL,'jpg',2356585,'/product/IMG_6980_C.JPG','image/jpeg','IMG_6980_C.JPG','FILESYSTEM','IMG_6980_C.JPG'),(101140,NULL,-1,'2016-08-04 17:09:15',NULL,NULL,'jpg',2874149,'/product/IMG_6982_C.JPG','image/jpeg','IMG_6982_C.JPG','FILESYSTEM','IMG_6982_C.JPG'),(101141,NULL,-1,'2016-08-04 17:09:15',NULL,NULL,'jpg',2695716,'/product/IMG_6983_C.JPG','image/jpeg','IMG_6983_C.JPG','FILESYSTEM','IMG_6983_C.JPG'),(101142,NULL,-1,'2016-08-04 17:09:15',NULL,NULL,'jpg',2116244,'/product/IMG_6984_C.JPG','image/jpeg','IMG_6984_C.JPG','FILESYSTEM','IMG_6984_C.JPG'),(101143,NULL,-1,'2016-08-04 17:09:15',NULL,NULL,'jpg',2250153,'/product/IMG_6994_C.JPG','image/jpeg','IMG_6994_C.JPG','FILESYSTEM','IMG_6994_C.JPG'),(101144,NULL,-1,'2016-08-04 17:09:15',NULL,NULL,'jpg',2387420,'/product/IMG_6995_C.JPG','image/jpeg','IMG_6995_C.JPG','FILESYSTEM','IMG_6995_C.JPG'),(101145,NULL,-1,'2016-08-04 17:09:15',NULL,NULL,'jpg',2443862,'/product/IMG_6996_C.JPG','image/jpeg','IMG_6996_C.JPG','FILESYSTEM','IMG_6996_C.JPG'),(101146,NULL,-1,'2016-08-04 17:09:15',NULL,NULL,'jpg',2153148,'/product/IMG_6997_C.JPG','image/jpeg','IMG_6997_C.JPG','FILESYSTEM','IMG_6997_C.JPG'),(101147,NULL,-1,'2016-08-04 17:09:15',NULL,NULL,'jpg',2368210,'/product/IMG_6998_C.JPG','image/jpeg','IMG_6998_C.JPG','FILESYSTEM','IMG_6998_C.JPG'),(101148,NULL,-1,'2016-08-04 17:09:15',NULL,NULL,'jpg',2415833,'/product/IMG_6999_C.JPG','image/jpeg','IMG_6999_C.JPG','FILESYSTEM','IMG_6999_C.JPG'),(101149,NULL,-1,'2016-08-04 17:09:15',NULL,NULL,'jpg',2785186,'/product/IMG_7000_C.JPG','image/jpeg','IMG_7000_C.JPG','FILESYSTEM','IMG_7000_C.JPG'),(101150,NULL,-1,'2016-08-04 17:09:15',NULL,NULL,'jpg',3376923,'/product/IMG_7001_C.JPG','image/jpeg','IMG_7001_C.JPG','FILESYSTEM','IMG_7001_C.JPG'),(101151,NULL,-1,'2016-08-04 17:09:15',NULL,NULL,'jpg',2202334,'/product/IMG_7004_C.JPG','image/jpeg','IMG_7004_C.JPG','FILESYSTEM','IMG_7004_C.JPG');
/*!40000 ALTER TABLE `BLC_STATIC_ASSET` ENABLE KEYS */;
UNLOCK TABLES;

--
-- Dumping data for table `BLC_STATIC_ASSET_DESC`
--

LOCK TABLES `BLC_STATIC_ASSET_DESC` WRITE;
/*!40000 ALTER TABLE `BLC_STATIC_ASSET_DESC` DISABLE KEYS */;
/*!40000 ALTER TABLE `BLC_STATIC_ASSET_DESC` ENABLE KEYS */;
UNLOCK TABLES;

--
-- Dumping data for table `BLC_STATIC_ASSET_STRG`
--

LOCK TABLES `BLC_STATIC_ASSET_STRG` WRITE;
/*!40000 ALTER TABLE `BLC_STATIC_ASSET_STRG` DISABLE KEYS */;
/*!40000 ALTER TABLE `BLC_STATIC_ASSET_STRG` ENABLE KEYS */;
UNLOCK TABLES;

--
-- Dumping data for table `BLC_STORE`
--

LOCK TABLES `BLC_STORE` WRITE;
/*!40000 ALTER TABLE `BLC_STORE` DISABLE KEYS */;
/*!40000 ALTER TABLE `BLC_STORE` ENABLE KEYS */;
UNLOCK TABLES;

--
-- Dumping data for table `BLC_SYSTEM_PROPERTY`
--

LOCK TABLES `BLC_SYSTEM_PROPERTY` WRITE;
/*!40000 ALTER TABLE `BLC_SYSTEM_PROPERTY` DISABLE KEYS */;
/*!40000 ALTER TABLE `BLC_SYSTEM_PROPERTY` ENABLE KEYS */;
UNLOCK TABLES;

--
-- Dumping data for table `BLC_TAR_CRIT_OFFER_XREF`
--

LOCK TABLES `BLC_TAR_CRIT_OFFER_XREF` WRITE;
/*!40000 ALTER TABLE `BLC_TAR_CRIT_OFFER_XREF` DISABLE KEYS */;
/*!40000 ALTER TABLE `BLC_TAR_CRIT_OFFER_XREF` ENABLE KEYS */;
UNLOCK TABLES;

--
-- Dumping data for table `BLC_TAX_DETAIL`
--

LOCK TABLES `BLC_TAX_DETAIL` WRITE;
/*!40000 ALTER TABLE `BLC_TAX_DETAIL` DISABLE KEYS */;
/*!40000 ALTER TABLE `BLC_TAX_DETAIL` ENABLE KEYS */;
UNLOCK TABLES;

--
-- Dumping data for table `BLC_TRANSLATION`
--

LOCK TABLES `BLC_TRANSLATION` WRITE;
/*!40000 ALTER TABLE `BLC_TRANSLATION` DISABLE KEYS */;
/*!40000 ALTER TABLE `BLC_TRANSLATION` ENABLE KEYS */;
UNLOCK TABLES;

--
-- Dumping data for table `BLC_TRANS_ADDITNL_FIELDS`
--

LOCK TABLES `BLC_TRANS_ADDITNL_FIELDS` WRITE;
/*!40000 ALTER TABLE `BLC_TRANS_ADDITNL_FIELDS` DISABLE KEYS */;
/*!40000 ALTER TABLE `BLC_TRANS_ADDITNL_FIELDS` ENABLE KEYS */;
UNLOCK TABLES;

--
-- Dumping data for table `BLC_URL_HANDLER`
--

LOCK TABLES `BLC_URL_HANDLER` WRITE;
/*!40000 ALTER TABLE `BLC_URL_HANDLER` DISABLE KEYS */;
INSERT INTO `BLC_URL_HANDLER` (`URL_HANDLER_ID`, `INCOMING_URL`, `NEW_URL`, `URL_REDIRECT_TYPE`) VALUES (1,'/googlePerm','http://www.google.com','REDIRECT_PERM'),(2,'/googleTemp','http://www.google.com','REDIRECT_TEMP'),(1000,'/account','/account/orders','REDIRECT_PERM');
/*!40000 ALTER TABLE `BLC_URL_HANDLER` ENABLE KEYS */;
UNLOCK TABLES;

--
-- Dumping data for table `BLC_UserConnection`
--

LOCK TABLES `BLC_UserConnection` WRITE;
/*!40000 ALTER TABLE `BLC_UserConnection` DISABLE KEYS */;
INSERT INTO `BLC_UserConnection` (`providerId`, `providerUserId`, `userId`, `accessToken`, `displayName`, `expireTime`, `imageUrl`, `profileUrl`, `rank`, `refreshToken`, `secret`) VALUES ('facebook','10209316013993975','subgaurav@gmail.com','EAAPNa8BirfEBAFntXrwTPdhSjZARbPF6PSBRTZCsjvfXZC1ZAyQGBOpiTh1QQkgeXrnk0J6iVcHa7eZCcfHiCROva9NUyzWrPZBRkGnmCtA9P3Twjgg6crw0tSC29t5lBQZAQq2QhtCGAeTMkDN6N0ZAk7ENOJf0ftoZD','Gaurav Sharma',1476044310102,'https://graph.facebook.com/v2.5/10209316013993975/picture','https://www.facebook.com/app_scoped_user_id/10209316013993975/',1,NULL,NULL),('facebook','10209749037901259','rohit_mishra19@rediffmail.com','EAAPNa8BirfEBAPbmaRJ3WWS2AMW9fZApZCgQGwb4Y6aXK9v9qxvos5oB1ZCG5gNce8YQZCUwqNBec21M8Wg4UdOgbEhnBbvUaqC6yWVgJkiyK4qgtilbw8tEb0cO7KVw05TurqAIzzIYPivdZAMJ6RK4e5CXMwYMZD','Rohit Mishra',1475868108175,'https://graph.facebook.com/v2.5/10209749037901259/picture','https://www.facebook.com/app_scoped_user_id/10209749037901259/',1,NULL,NULL),('google','101118274946422615568','rohit.m.cool@gmail.com','ya29.CjA9AymF5c03ePT8eNKh6kLhZWiBiyG-pJe_o1YckGR8hhhpvP2cha-zRNuoYU8AvTw','rohit mishra',1471025257140,'https://lh4.googleusercontent.com/-itfHmuQLzas/AAAAAAAAAAI/AAAAAAAAE9s/7aoBZVxtuOI/photo.jpg?sz=50','https://plus.google.com/101118274946422615568',1,NULL,NULL),('google','104985045622906443335','deepu.bansal@gmail.com','ya29.CjBBAwP0kRROYG_zmxqgljo9eQVqt0v9QpThqbODaBwVmPrIsIGcQh1r0T9QlDKYZlw','Deepak Bansal',1471369865369,'https://lh3.googleusercontent.com/-3k7QWqrU14E/AAAAAAAAAAI/AAAAAAAALu0/aXZBUqQLNZk/photo.jpg?sz=50','https://plus.google.com/104985045622906443335',1,NULL,NULL),('google','105415524144211533467','aradhana985@gmail.com','ya29.CjA_A4op8WiheggPmJ9SMX_qFfY4C9Q-vaj_oicBxliUiWu_-vo1d3dR8nXPnQG3rCE','aradhana jain',1471172836197,'https://lh5.googleusercontent.com/-n6nizrQkSsM/AAAAAAAAAAI/AAAAAAAAANs/n4EGo65uB2s/photo.jpg?sz=50','https://plus.google.com/105415524144211533467',1,NULL,NULL),('google','108908985655453796454','fitnfash@gmail.com','ya29.CjA5AxQQNQQUuEaLJ0vik_4NX6bmBi7kHFqIZ8SQAOT5-fRiKBJKJuiOqOwEkJokpWE','Fit Fash',1470688565611,'https://lh3.googleusercontent.com/-XdUIqdMkCWA/AAAAAAAAAAI/AAAAAAAAAAA/4252rscbv5M/photo.jpg?sz=50',NULL,1,NULL,NULL),('google','116386417140813151160','gaurav.mca11@gmail.com','ya29.Ci89A8bkKViuhtmuH7icFUepi88Sh5UXFJ9nyMekn5mYNcMULzCiZ4LXAjXprv1X3g','gaurav alugh',1471005308092,'https://lh3.googleusercontent.com/-XdUIqdMkCWA/AAAAAAAAAAI/AAAAAAAAAAA/4252rscbv5M/photo.jpg?sz=50','https://plus.google.com/116386417140813151160',1,NULL,NULL);
/*!40000 ALTER TABLE `BLC_UserConnection` ENABLE KEYS */;
UNLOCK TABLES;

--
-- Dumping data for table `BLC_ZIP_CODE`
--

LOCK TABLES `BLC_ZIP_CODE` WRITE;
/*!40000 ALTER TABLE `BLC_ZIP_CODE` DISABLE KEYS */;
/*!40000 ALTER TABLE `BLC_ZIP_CODE` ENABLE KEYS */;
UNLOCK TABLES;

--
-- Dumping data for table `FNF_CATEGORY`
--

LOCK TABLES `FNF_CATEGORY` WRITE;
/*!40000 ALTER TABLE `FNF_CATEGORY` DISABLE KEYS */;
INSERT INTO `FNF_CATEGORY` (`CATEGORY_ID`) VALUES (10050),(10051),(10052),(10053),(10054),(10055),(10056),(10057),(10058),(10059),(10060),(10061),(10062),(10100),(10101),(10102),(10103),(10104),(10105),(10150);
/*!40000 ALTER TABLE `FNF_CATEGORY` ENABLE KEYS */;
UNLOCK TABLES;

--
-- Dumping data for table `ORDERED_SKU`
--

LOCK TABLES `ORDERED_SKU` WRITE;
/*!40000 ALTER TABLE `ORDERED_SKU` DISABLE KEYS */;
INSERT INTO `ORDERED_SKU` (`ID`, `MRP`, `SECONDARY`, `SECURITY`, `SELECTED`, `ORDER_ITEM_ID`, `SKU_ID`) VALUES (1201,9000.00,0,1099.00,NULL,1351,10292),(1251,30000.00,0,2499.00,NULL,1402,10270),(1252,30000.00,0,2499.00,NULL,1403,10270),(1253,6500.00,1,899.00,NULL,1403,10295),(1254,7000.00,1,899.00,NULL,1402,10279),(1255,30000.00,0,2499.00,NULL,1404,10270),(1256,20000.00,1,2000.00,NULL,1404,10453),(1259,5000.00,0,499.00,NULL,1406,10231),(1260,7000.00,0,749.00,NULL,1407,10257),(1261,2800.00,1,399.00,NULL,1407,10239),(1301,16000.00,0,1799.00,NULL,1501,10273);
/*!40000 ALTER TABLE `ORDERED_SKU` ENABLE KEYS */;
UNLOCK TABLES;

--
-- Dumping data for table `ORDER_EVENT`
--

LOCK TABLES `ORDER_EVENT` WRITE;
/*!40000 ALTER TABLE `ORDER_EVENT` DISABLE KEYS */;
/*!40000 ALTER TABLE `ORDER_EVENT` ENABLE KEYS */;
UNLOCK TABLES;

--
-- Dumping data for table `PRODUCT_BLOCKING`
--

LOCK TABLES `PRODUCT_BLOCKING` WRITE;
/*!40000 ALTER TABLE `PRODUCT_BLOCKING` DISABLE KEYS */;
/*!40000 ALTER TABLE `PRODUCT_BLOCKING` ENABLE KEYS */;
UNLOCK TABLES;

--
-- Dumping data for table `PRODUCT_BUNDLE_EXTENSION`
--

LOCK TABLES `PRODUCT_BUNDLE_EXTENSION` WRITE;
/*!40000 ALTER TABLE `PRODUCT_BUNDLE_EXTENSION` DISABLE KEYS */;
/*!40000 ALTER TABLE `PRODUCT_BUNDLE_EXTENSION` ENABLE KEYS */;
UNLOCK TABLES;

--
-- Dumping data for table `PRODUCT_EXTENSION`
--

LOCK TABLES `PRODUCT_EXTENSION` WRITE;
/*!40000 ALTER TABLE `PRODUCT_EXTENSION` DISABLE KEYS */;
INSERT INTO `PRODUCT_EXTENSION` (`RENT_ALLOWED`, `SELL_ALLOWED`, `PRODUCT_ID`) VALUES (NULL,NULL,10150),(NULL,NULL,10151),(NULL,NULL,10200),(NULL,NULL,10201),(NULL,NULL,10202),(NULL,NULL,10203),(NULL,NULL,10204),(NULL,NULL,10205),(NULL,NULL,10206),(NULL,NULL,10207),(NULL,NULL,10208),(NULL,NULL,10209),(NULL,NULL,10210),(NULL,NULL,10211),(NULL,NULL,10212),(NULL,NULL,10213),(NULL,NULL,10214),(NULL,NULL,10215),(NULL,NULL,10216),(NULL,NULL,10217),(NULL,NULL,10218),(NULL,NULL,10219),(NULL,NULL,10220),(NULL,NULL,10221),(NULL,NULL,10222),(NULL,NULL,10223),(NULL,NULL,10224),(NULL,NULL,10225),(NULL,NULL,10226),(NULL,NULL,10227),(NULL,NULL,10228),(NULL,NULL,10229),(NULL,NULL,10230),(NULL,NULL,10231),(NULL,NULL,10232),(NULL,NULL,10233),(NULL,NULL,10234),(NULL,NULL,10235),(NULL,NULL,10236),(NULL,NULL,10237),(NULL,NULL,10238),(NULL,NULL,10239),(NULL,NULL,10240),(NULL,NULL,10241),(NULL,NULL,10242),(NULL,NULL,10243),(NULL,NULL,10244),(NULL,NULL,10245),(NULL,NULL,10246),(NULL,NULL,10247),(NULL,NULL,10248),(NULL,NULL,10249),(NULL,NULL,10250),(NULL,NULL,10251),(NULL,NULL,10252),(NULL,NULL,10253),(NULL,NULL,10254),(NULL,NULL,10255),(NULL,NULL,10256),(NULL,NULL,10257),(NULL,NULL,10300),(NULL,NULL,10350),(NULL,NULL,10351),(NULL,NULL,10352),(NULL,NULL,10353),(NULL,NULL,10354),(NULL,NULL,10355),(NULL,NULL,10356),(NULL,NULL,10357),(NULL,NULL,10358);
/*!40000 ALTER TABLE `PRODUCT_EXTENSION` ENABLE KEYS */;
UNLOCK TABLES;

--
-- Dumping data for table `REFUND`
--

LOCK TABLES `REFUND` WRITE;
/*!40000 ALTER TABLE `REFUND` DISABLE KEYS */;
/*!40000 ALTER TABLE `REFUND` ENABLE KEYS */;
UNLOCK TABLES;

--
-- Dumping data for table `RENTABLE_PRODUCT`
--

LOCK TABLES `RENTABLE_PRODUCT` WRITE;
/*!40000 ALTER TABLE `RENTABLE_PRODUCT` DISABLE KEYS */;
INSERT INTO `RENTABLE_PRODUCT` (`CUSTOMIZABLE`, `PRODUCT_ID`) VALUES (0,10150),(0,10151),(0,10200),(0,10201),(0,10202),(0,10203),(0,10204),(0,10205),(0,10206),(0,10207),(0,10208),(0,10209),(0,10210),(0,10211),(0,10212),(0,10213),(0,10214),(0,10215),(0,10216),(0,10217),(1,10218),(1,10219),(1,10220),(1,10221),(1,10222),(1,10223),(1,10224),(1,10225),(1,10226),(1,10227),(1,10228),(1,10229),(1,10230),(1,10231),(1,10232),(1,10233),(1,10234),(1,10235),(1,10236),(1,10237),(1,10238),(1,10239),(1,10240),(1,10241),(1,10242),(1,10243),(1,10244),(1,10245),(0,10246),(0,10247),(0,10248),(0,10249),(0,10250),(0,10251),(0,10252),(0,10253),(0,10254),(0,10255),(0,10256),(0,10257),(1,10300),(0,10350),(0,10351),(0,10352),(0,10353),(0,10354),(0,10355),(0,10356),(0,10357),(0,10358);
/*!40000 ALTER TABLE `RENTABLE_PRODUCT` ENABLE KEYS */;
UNLOCK TABLES;

--
-- Dumping data for table `RENTABLE_SKU`
--

LOCK TABLES `RENTABLE_SKU` WRITE;
/*!40000 ALTER TABLE `RENTABLE_SKU` DISABLE KEYS */;
INSERT INTO `RENTABLE_SKU` (`SKU_ID`, `MRP`, `SECURITY_AMOUNT`) VALUES (10150,4000.00,399.00),(10154,7000.00,749.00),(10200,5999.00,499.00),(10204,3500.00,399.00),(10207,NULL,NULL),(10208,3500.00,499.00),(10212,3500.00,499.00),(10213,NULL,NULL),(10215,NULL,NULL),(10216,3900.00,499.00),(10220,3999.00,399.00),(10224,3999.00,399.00),(10228,5000.00,499.00),(10231,NULL,NULL),(10232,5500.00,499.00),(10235,NULL,NULL),(10236,2800.00,399.00),(10239,NULL,NULL),(10240,3200.00,499.00),(10243,NULL,NULL),(10244,3000.00,299.00),(10247,NULL,NULL),(10248,2500.00,299.00),(10249,NULL,NULL),(10251,NULL,NULL),(10252,5500.00,599.00),(10253,NULL,NULL),(10256,7000.00,749.00),(10257,NULL,NULL),(10260,5500.00,599.00),(10261,3500.00,349.00),(10264,NULL,NULL),(10265,4500.00,499.00),(10266,NULL,NULL),(10267,NULL,NULL),(10268,NULL,NULL),(10269,35000.00,2699.00),(10270,30000.00,2499.00),(10271,29000.00,2299.00),(10272,28500.00,1999.00),(10273,16000.00,1799.00),(10274,17000.00,1699.00),(10275,12500.00,1199.00),(10276,12500.00,1299.00),(10277,8000.00,999.00),(10279,7000.00,899.00),(10280,12000.00,1499.00),(10281,18000.00,1999.00),(10282,8000.00,999.00),(10283,18000.00,1999.00),(10284,15000.00,1699.00),(10285,18000.00,1999.00),(10286,6000.00,899.00),(10287,5000.00,899.00),(10288,20000.00,1999.00),(10289,20000.00,1999.00),(10290,6000.00,999.00),(10291,7500.00,1199.00),(10292,9000.00,1099.00),(10293,8000.00,999.00),(10294,11000.00,1299.00),(10295,6500.00,899.00),(10296,11000.00,1299.00),(10297,11000.00,1099.00),(10298,5000.00,499.00),(10299,NULL,NULL),(10300,5000.00,499.00),(10302,NULL,NULL),(10303,NULL,NULL),(10304,3500.00,349.00),(10305,NULL,NULL),(10306,5000.00,499.00),(10307,NULL,NULL),(10308,4500.00,399.00),(10309,NULL,NULL),(10310,3500.00,499.00),(10312,NULL,NULL),(10314,1700.00,249.00),(10315,NULL,NULL),(10317,NULL,NULL),(10318,5500.00,399.00),(10319,NULL,NULL),(10320,5500.00,399.00),(10321,NULL,NULL),(10322,3500.00,299.00),(10323,NULL,NULL),(10324,5000.00,599.00),(10327,NULL,NULL),(10328,3500.00,349.00),(10329,NULL,NULL),(10352,NULL,NULL),(10400,NULL,NULL),(10401,NULL,NULL),(10402,NULL,NULL),(10403,NULL,NULL),(10404,NULL,NULL),(10453,20000.00,2000.00),(10500,4000.00,500.00),(10501,4000.00,500.00),(10502,6000.00,600.00),(10503,4000.00,500.00),(10504,5000.00,600.00),(10505,2000.00,249.00),(10506,2000.00,249.00),(10507,1800.00,199.00),(10508,2000.00,249.00);
/*!40000 ALTER TABLE `RENTABLE_SKU` ENABLE KEYS */;
UNLOCK TABLES;

--
-- Dumping data for table `RENT_DISCRETE_ORDER_ITEM`
--

LOCK TABLES `RENT_DISCRETE_ORDER_ITEM` WRITE;
/*!40000 ALTER TABLE `RENT_DISCRETE_ORDER_ITEM` DISABLE KEYS */;
INSERT INTO `RENT_DISCRETE_ORDER_ITEM` (`MRP`, `SECURITY`, `TIME_SLOT`, `TRIAL_DATE`, `ORDER_ITEM_ID`) VALUES (9000.00000,1099.00000,'Evening','2016-08-10',1351),(NULL,NULL,NULL,NULL,1401),(30000.00000,2499.00000,'Morning','2016-08-10',1402),(30000.00000,2499.00000,'Morning','2016-08-10',1403),(30000.00000,2499.00000,'Morning','2016-08-10',1404),(5000.00000,499.00000,NULL,NULL,1406),(7000.00000,749.00000,NULL,NULL,1407),(NULL,NULL,NULL,NULL,1451),(16000.00000,1799.00000,'AfterNoon','2016-08-15',1501);
/*!40000 ALTER TABLE `RENT_DISCRETE_ORDER_ITEM` ENABLE KEYS */;
UNLOCK TABLES;

--
-- Dumping data for table `RENT_ORDER`
--

LOCK TABLES `RENT_ORDER` WRITE;
/*!40000 ALTER TABLE `RENT_ORDER` DISABLE KEYS */;
INSERT INTO `RENT_ORDER` (`DAMAGE_CLAIMED`, `EVENT_DATE`, `REFUNDABLE`, `TOTAL_AMOUNT`, `TOTAL_SECURITY`, `ORDER_ID`) VALUES (NULL,'2016-08-15 00:00:00',NULL,NULL,NULL,1451),(NULL,'2016-08-26 00:00:00',NULL,0.00,0.00,1501),(NULL,'2016-08-18 00:00:00',NULL,NULL,NULL,1551),(NULL,'2016-08-15 00:00:00',NULL,2198.00,1099.00,1601),(NULL,'2016-08-12 00:00:00',NULL,9996.00,4998.00,1651),(NULL,NULL,NULL,NULL,NULL,1652),(NULL,'2016-08-17 00:00:00',NULL,4998.00,2499.00,1653),(NULL,NULL,NULL,NULL,NULL,1654),(NULL,'2016-08-12 00:00:00',NULL,NULL,NULL,1655),(NULL,NULL,NULL,0.00,0.00,1656),(NULL,'2016-08-16 00:00:00',NULL,NULL,NULL,1657),(NULL,'2016-08-12 00:00:00',NULL,998.00,499.00,1658),(NULL,'2016-08-18 00:00:00',NULL,1498.00,749.00,1659),(NULL,'2016-08-17 00:00:00',NULL,NULL,NULL,1660),(NULL,'2016-08-14 00:00:00',NULL,NULL,NULL,1662),(NULL,NULL,NULL,NULL,NULL,1663),(NULL,NULL,NULL,NULL,NULL,1701),(NULL,'2016-08-15 00:00:00',NULL,NULL,NULL,1751),(NULL,'2016-08-15 00:00:00',NULL,NULL,NULL,1752),(NULL,NULL,NULL,NULL,NULL,1753),(NULL,'2016-08-15 00:00:00',NULL,NULL,NULL,1801),(NULL,'2016-08-15 00:00:00',NULL,NULL,NULL,1802),(NULL,'2016-08-17 00:00:00',NULL,3598.00,1799.00,1851),(NULL,NULL,NULL,NULL,NULL,1902);
/*!40000 ALTER TABLE `RENT_ORDER` ENABLE KEYS */;
UNLOCK TABLES;

--
-- Dumping data for table `SEQUENCE_GENERATOR`
--

LOCK TABLES `SEQUENCE_GENERATOR` WRITE;
/*!40000 ALTER TABLE `SEQUENCE_GENERATOR` DISABLE KEYS */;
INSERT INTO `SEQUENCE_GENERATOR` (`ID_NAME`, `ID_VAL`) VALUES ('AddressImpl',201),('CategoryAttributeImpl',101),('CategoryExcludedSearchFacetImpl',1100),('CategoryImpl',10200),('CategoryProductImpl',1000),('CategoryProductXrefImpl',1800),('CategorySearchFacetImpl',1250),('CategoryXrefImpl',1100),('ChallengeQuestionImpl',1000),('CustomerRoleImpl',301),('EmailTrackingImpl',401),('FeaturedProductImpl',1000),('FieldDefinitionImpl',1000),('FieldEnumerationImpl',1000),('FieldEnumerationItemImpl',1000),('FieldGroupImpl',1000),('FieldImpl',1000),('FulfillmentGroupImpl',1551),('FulfillmentGroupItemImpl',1601),('FulfillmentOptionImpl',1000),('InstanceAvailabilityImpl',31251),('MediaImpl',100700),('MenuImpl',1100),('MenuItemImpl',1150),('OfferCodeImpl',1050),('OfferImpl',1050),('OfferItemCriteriaImpl',1000),('OfferOfferRuleXrefImpl',51),('OfferRuleImpl',51),('OrderAdjustmentImpl',51),('OrderedSkuImpl',1401),('OrderEventImpl',51),('OrderImpl',1951),('OrderItemAttributeImpl',1151),('OrderItemImpl',1601),('OrderItemPriceDetailImpl',251),('OrderPaymentImpl',251),('PageFieldImpl',1100),('PageImpl',1000),('PageTemplateFieldGroupXrefImpl',1000),('PageTemplateImpl',1000),('PaymentTransactionImpl',101),('PersonalMessageImpl',201),('PhoneImpl',201),('ProductAttributeImpl',1300),('ProductBlockingImpl',51),('ProductImpl',10400),('ProductOptionImpl',1050),('ProductOptionValueImpl',1050),('ProductOptionXrefImpl',1200),('RoleImpl',1000),('SandBoxImpl',51),('SandBoxManagementImpl',51),('SearchFacetImpl',1000),('SearchFacetRangeImpl',1000),('SearchInterceptImpl',1000),('SkuImpl',10550),('SkuInstanceImpl',601),('SkuMediaXrefImpl',701),('SkuProductOptionValueXrefImpl',1350),('StaticAssetImpl',100536),('StructuredContentFieldImpl',1050),('StructuredContentFieldXrefImpl',51),('StructuredContentImpl',1050),('StructuredContentRuleImpl',1000),('StructuredContentTypeImpl',1000),('URLHandlerImpl',1050);
/*!40000 ALTER TABLE `SEQUENCE_GENERATOR` ENABLE KEYS */;
UNLOCK TABLES;

--
-- Dumping data for table `SKU_INSTANCE`
--

LOCK TABLES `SKU_INSTANCE` WRITE;
/*!40000 ALTER TABLE `SKU_INSTANCE` DISABLE KEYS */;
INSERT INTO `SKU_INSTANCE` (`ID`, `ADVANCE_BOOKING_LIMIT`, `INSTANCE_ID`, `SELLABLE`, `TIMES_RENTED`, `TIMES_TRIED`, `SKU_ID`) VALUES (208,30,1,0,0,0,10207),(214,30,1,0,0,0,10213),(216,30,1,0,0,0,10215),(232,30,1,0,0,0,10231),(236,30,1,0,0,0,10235),(240,30,1,0,0,0,10239),(244,30,1,0,0,0,10243),(248,30,1,0,0,0,10247),(250,30,1,0,0,0,10249),(252,30,1,0,0,0,10251),(254,30,1,0,0,0,10253),(258,30,1,0,0,0,10257),(265,30,1,0,0,0,10264),(267,30,1,0,0,0,10266),(268,30,1,0,0,0,10267),(269,30,1,0,0,0,10268),(270,30,1,0,0,0,10269),(271,30,1,0,0,0,10270),(272,30,1,0,0,0,10271),(273,30,1,0,0,0,10272),(274,30,1,0,0,0,10273),(275,30,1,0,0,0,10274),(276,30,1,0,0,0,10275),(277,30,1,0,0,0,10276),(278,30,1,0,0,0,10277),(279,30,1,0,0,0,10279),(280,30,1,0,0,0,10280),(281,30,1,0,0,0,10281),(282,30,1,0,0,0,10282),(283,30,1,0,0,0,10283),(284,30,1,0,0,0,10284),(285,30,1,0,0,0,10285),(286,30,1,0,0,0,10286),(287,30,1,0,0,0,10287),(288,30,1,0,0,0,10288),(289,30,1,0,0,0,10289),(290,30,1,0,0,0,10290),(291,30,1,0,0,0,10291),(292,30,1,0,0,0,10292),(293,30,1,0,0,0,10293),(294,30,1,0,0,0,10294),(295,30,1,0,0,0,10295),(296,30,1,0,0,0,10296),(297,30,1,0,0,0,10297),(299,30,1,0,0,0,10299),(302,30,1,0,0,0,10302),(303,30,1,0,0,0,10303),(305,30,1,0,0,0,10305),(307,30,1,0,0,0,10307),(309,30,1,0,0,0,10309),(312,30,1,0,0,0,10312),(315,30,1,0,0,0,10315),(317,30,1,0,0,0,10317),(319,30,1,0,0,0,10319),(321,30,1,0,0,0,10321),(323,30,1,0,0,0,10323),(324,30,1,0,0,0,10324),(327,30,1,0,0,0,10327),(329,30,1,0,0,0,10329),(353,30,1,0,0,0,10352),(401,30,1,0,0,0,10400),(402,30,1,0,0,0,10401),(403,30,1,0,0,0,10402),(404,30,1,0,0,0,10403),(405,30,1,0,0,0,10404),(452,30,1,0,0,0,10453),(501,30,NULL,0,0,0,10150),(502,30,NULL,0,0,0,10216),(503,30,NULL,0,0,0,10220),(504,30,NULL,0,0,0,10224),(505,30,NULL,0,0,0,10154),(506,30,NULL,0,0,0,10200),(507,30,NULL,0,0,0,10208),(551,30,1,0,0,0,10500),(552,30,1,0,0,0,10501),(553,30,1,0,0,0,10502),(554,30,1,0,0,0,10503),(555,30,1,0,0,0,10504),(556,30,1,0,0,0,10505),(557,30,1,0,0,0,10506),(558,30,1,0,0,0,10507),(559,30,1,0,0,0,10508);
/*!40000 ALTER TABLE `SKU_INSTANCE` ENABLE KEYS */;
UNLOCK TABLES;

--
-- Dumping data for table `SKU_INSTANCE_AVAILABILITY`
--

LOCK TABLES `SKU_INSTANCE_AVAILABILITY` WRITE;
/*!40000 ALTER TABLE `SKU_INSTANCE_AVAILABILITY` DISABLE KEYS */;
INSERT INTO `SKU_INSTANCE_AVAILABILITY` (`ID`, `AVAILABLE`, `BLOCKED_BY_VENDOR`, `DATE`, `TIME_SLOT`, `PRODUCT_ID`, `SKU_ID`, `SKU_INSTANCE_ID`) VALUES (22556,1,0,'2016-08-18','Morning',10201,10207,208),(22557,1,0,'2016-08-18','AfterNoon',10201,10207,208),(22558,1,0,'2016-08-18','Evening',10201,10207,208),(22562,1,0,'2016-08-18','Morning',10203,10213,214),(22563,1,0,'2016-08-18','AfterNoon',10203,10213,214),(22564,1,0,'2016-08-18','Evening',10203,10213,214),(22565,1,0,'2016-08-18','Morning',10203,10215,216),(22566,1,0,'2016-08-18','AfterNoon',10203,10215,216),(22567,1,0,'2016-08-18','Evening',10203,10215,216),(22577,1,0,'2016-08-18','Morning',10207,10231,232),(22578,1,0,'2016-08-18','AfterNoon',10207,10231,232),(22579,1,0,'2016-08-18','Evening',10207,10231,232),(22580,1,0,'2016-08-18','Morning',10208,10235,236),(22581,1,0,'2016-08-18','AfterNoon',10208,10235,236),(22582,1,0,'2016-08-18','Evening',10208,10235,236),(22583,1,0,'2016-08-18','Morning',10209,10239,240),(22584,1,0,'2016-08-18','AfterNoon',10209,10239,240),(22585,1,0,'2016-08-18','Evening',10209,10239,240),(22586,1,0,'2016-08-18','Morning',10210,10243,244),(22587,1,0,'2016-08-18','AfterNoon',10210,10243,244),(22588,1,0,'2016-08-18','Evening',10210,10243,244),(22589,1,0,'2016-08-18','Morning',10211,10247,248),(22590,1,0,'2016-08-18','AfterNoon',10211,10247,248),(22591,1,0,'2016-08-18','Evening',10211,10247,248),(22592,1,0,'2016-08-18','Morning',10212,10249,250),(22593,1,0,'2016-08-18','AfterNoon',10212,10249,250),(22594,1,0,'2016-08-18','Evening',10212,10249,250),(22595,1,0,'2016-08-18','Morning',10212,10251,252),(22596,1,0,'2016-08-18','AfterNoon',10212,10251,252),(22597,1,0,'2016-08-18','Evening',10212,10251,252),(22598,1,0,'2016-08-18','Morning',10213,10253,254),(22599,1,0,'2016-08-18','AfterNoon',10213,10253,254),(22600,1,0,'2016-08-18','Evening',10213,10253,254),(22601,1,0,'2016-08-18','Morning',10214,10257,258),(22602,1,0,'2016-08-18','AfterNoon',10214,10257,258),(22603,1,0,'2016-08-18','Evening',10214,10257,258),(22604,1,0,'2016-08-18','Morning',10216,10264,265),(22605,1,0,'2016-08-18','AfterNoon',10216,10264,265),(22606,1,0,'2016-08-18','Evening',10216,10264,265),(22607,1,0,'2016-08-18','Morning',10217,10266,267),(22608,1,0,'2016-08-18','AfterNoon',10217,10266,267),(22609,1,0,'2016-08-18','Evening',10217,10266,267),(22610,1,0,'2016-08-18','Morning',10217,10267,268),(22611,1,0,'2016-08-18','AfterNoon',10217,10267,268),(22612,1,0,'2016-08-18','Evening',10217,10267,268),(22613,1,0,'2016-08-18','Morning',10217,10268,269),(22614,1,0,'2016-08-18','AfterNoon',10217,10268,269),(22615,1,0,'2016-08-18','Evening',10217,10268,269),(22616,1,0,'2016-08-18','Morning',10218,10269,270),(22617,1,0,'2016-08-18','AfterNoon',10218,10269,270),(22618,1,0,'2016-08-18','Evening',10218,10269,270),(22619,1,0,'2016-08-18','Morning',10219,10270,271),(22620,1,0,'2016-08-18','AfterNoon',10219,10270,271),(22621,1,0,'2016-08-18','Evening',10219,10270,271),(22622,1,0,'2016-08-18','Morning',10220,10271,272),(22623,1,0,'2016-08-18','AfterNoon',10220,10271,272),(22624,1,0,'2016-08-18','Evening',10220,10271,272),(22625,1,0,'2016-08-18','Morning',10221,10272,273),(22626,1,0,'2016-08-18','AfterNoon',10221,10272,273),(22627,1,0,'2016-08-18','Evening',10221,10272,273),(22628,1,0,'2016-08-18','Morning',10222,10273,274),(22629,1,0,'2016-08-18','AfterNoon',10222,10273,274),(22630,1,0,'2016-08-18','Evening',10222,10273,274),(22631,1,0,'2016-08-18','Morning',10223,10274,275),(22632,1,0,'2016-08-18','AfterNoon',10223,10274,275),(22633,1,0,'2016-08-18','Evening',10223,10274,275),(22634,1,0,'2016-08-18','Morning',10224,10275,276),(22635,1,0,'2016-08-18','AfterNoon',10224,10275,276),(22636,1,0,'2016-08-18','Evening',10224,10275,276),(22637,1,0,'2016-08-18','Morning',10225,10276,277),(22638,1,0,'2016-08-18','AfterNoon',10225,10276,277),(22639,1,0,'2016-08-18','Evening',10225,10276,277),(22640,1,0,'2016-08-18','Morning',10226,10277,278),(22641,1,0,'2016-08-18','AfterNoon',10226,10277,278),(22642,1,0,'2016-08-18','Evening',10226,10277,278),(22643,1,0,'2016-08-18','Morning',10227,10279,279),(22644,1,0,'2016-08-18','AfterNoon',10227,10279,279),(22645,1,0,'2016-08-18','Evening',10227,10279,279),(22646,1,0,'2016-08-18','Morning',10228,10280,280),(22647,1,0,'2016-08-18','AfterNoon',10228,10280,280),(22648,1,0,'2016-08-18','Evening',10228,10280,280),(22649,1,0,'2016-08-18','Morning',10229,10281,281),(22650,1,0,'2016-08-18','AfterNoon',10229,10281,281),(22651,1,0,'2016-08-18','Evening',10229,10281,281),(22652,1,0,'2016-08-18','Morning',10230,10282,282),(22653,1,0,'2016-08-18','AfterNoon',10230,10282,282),(22654,1,0,'2016-08-18','Evening',10230,10282,282),(22655,1,0,'2016-08-18','Morning',10231,10283,283),(22656,1,0,'2016-08-18','AfterNoon',10231,10283,283),(22657,1,0,'2016-08-18','Evening',10231,10283,283),(22658,1,0,'2016-08-18','Morning',10232,10284,284),(22659,1,0,'2016-08-18','AfterNoon',10232,10284,284),(22660,1,0,'2016-08-18','Evening',10232,10284,284),(22661,1,0,'2016-08-18','Morning',10233,10285,285),(22662,1,0,'2016-08-18','AfterNoon',10233,10285,285),(22663,1,0,'2016-08-18','Evening',10233,10285,285),(22664,1,0,'2016-08-18','Morning',10234,10286,286),(22665,1,0,'2016-08-18','AfterNoon',10234,10286,286),(22666,1,0,'2016-08-18','Evening',10234,10286,286),(22667,1,0,'2016-08-18','Morning',10235,10287,287),(22668,1,0,'2016-08-18','AfterNoon',10235,10287,287),(22669,1,0,'2016-08-18','Evening',10235,10287,287),(22670,1,0,'2016-08-18','Morning',10236,10288,288),(22671,1,0,'2016-08-18','AfterNoon',10236,10288,288),(22672,1,0,'2016-08-18','Evening',10236,10288,288),(22673,1,0,'2016-08-18','Morning',10237,10289,289),(22674,1,0,'2016-08-18','AfterNoon',10237,10289,289),(22675,1,0,'2016-08-18','Evening',10237,10289,289),(22676,1,0,'2016-08-18','Morning',10238,10290,290),(22677,1,0,'2016-08-18','AfterNoon',10238,10290,290),(22678,1,0,'2016-08-18','Evening',10238,10290,290),(22679,1,0,'2016-08-18','Morning',10239,10291,291),(22680,1,0,'2016-08-18','AfterNoon',10239,10291,291),(22681,1,0,'2016-08-18','Evening',10239,10291,291),(22682,1,0,'2016-08-18','Morning',10240,10292,292),(22683,1,0,'2016-08-18','AfterNoon',10240,10292,292),(22684,1,0,'2016-08-18','Evening',10240,10292,292),(22685,1,0,'2016-08-18','Morning',10241,10293,293),(22686,1,0,'2016-08-18','AfterNoon',10241,10293,293),(22687,1,0,'2016-08-18','Evening',10241,10293,293),(22688,1,0,'2016-08-18','Morning',10242,10294,294),(22689,1,0,'2016-08-18','AfterNoon',10242,10294,294),(22690,1,0,'2016-08-18','Evening',10242,10294,294),(22691,1,0,'2016-08-18','Morning',10243,10295,295),(22692,1,0,'2016-08-18','AfterNoon',10243,10295,295),(22693,1,0,'2016-08-18','Evening',10243,10295,295),(22694,1,0,'2016-08-18','Morning',10244,10296,296),(22695,1,0,'2016-08-18','AfterNoon',10244,10296,296),(22696,1,0,'2016-08-18','Evening',10244,10296,296),(22697,1,0,'2016-08-18','Morning',10245,10297,297),(22698,1,0,'2016-08-18','AfterNoon',10245,10297,297),(22699,1,0,'2016-08-18','Evening',10245,10297,297),(22700,1,0,'2016-08-18','Morning',10246,10299,299),(22701,1,0,'2016-08-18','AfterNoon',10246,10299,299),(22702,1,0,'2016-08-18','Evening',10246,10299,299),(22703,1,0,'2016-08-18','Morning',10247,10302,302),(22704,1,0,'2016-08-18','AfterNoon',10247,10302,302),(22705,1,0,'2016-08-18','Evening',10247,10302,302),(22706,1,0,'2016-08-18','Morning',10247,10303,303),(22707,1,0,'2016-08-18','AfterNoon',10247,10303,303),(22708,1,0,'2016-08-18','Evening',10247,10303,303),(22709,1,0,'2016-08-18','Morning',10248,10305,305),(22710,1,0,'2016-08-18','AfterNoon',10248,10305,305),(22711,1,0,'2016-08-18','Evening',10248,10305,305),(22712,1,0,'2016-08-18','Morning',10249,10307,307),(22713,1,0,'2016-08-18','AfterNoon',10249,10307,307),(22714,1,0,'2016-08-18','Evening',10249,10307,307),(22715,1,0,'2016-08-18','Morning',10250,10309,309),(22716,1,0,'2016-08-18','AfterNoon',10250,10309,309),(22717,1,0,'2016-08-18','Evening',10250,10309,309),(22718,1,0,'2016-08-18','Morning',10251,10312,312),(22719,1,0,'2016-08-18','AfterNoon',10251,10312,312),(22720,1,0,'2016-08-18','Evening',10251,10312,312),(22721,1,0,'2016-08-18','Morning',10252,10315,315),(22722,1,0,'2016-08-18','AfterNoon',10252,10315,315),(22723,1,0,'2016-08-18','Evening',10252,10315,315),(22724,1,0,'2016-08-18','Morning',10252,10317,317),(22725,1,0,'2016-08-18','AfterNoon',10252,10317,317),(22726,1,0,'2016-08-18','Evening',10252,10317,317),(22727,1,0,'2016-08-18','Morning',10253,10319,319),(22728,1,0,'2016-08-18','AfterNoon',10253,10319,319),(22729,1,0,'2016-08-18','Evening',10253,10319,319),(22730,1,0,'2016-08-18','Morning',10254,10321,321),(22731,1,0,'2016-08-18','AfterNoon',10254,10321,321),(22732,1,0,'2016-08-18','Evening',10254,10321,321),(22733,1,0,'2016-08-18','Morning',10255,10323,323),(22734,1,0,'2016-08-18','AfterNoon',10255,10323,323),(22735,1,0,'2016-08-18','Evening',10255,10323,323),(22736,1,0,'2016-08-18','Morning',10256,10324,324),(22737,1,0,'2016-08-18','AfterNoon',10256,10324,324),(22738,1,0,'2016-08-18','Evening',10256,10324,324),(22739,1,0,'2016-08-18','Morning',10256,10327,327),(22740,1,0,'2016-08-18','AfterNoon',10256,10327,327),(22741,1,0,'2016-08-18','Evening',10256,10327,327),(22742,1,0,'2016-08-18','Morning',10257,10329,329),(22743,1,0,'2016-08-18','AfterNoon',10257,10329,329),(22744,1,0,'2016-08-18','Evening',10257,10329,329),(22745,1,0,'2016-08-18','Morning',10215,10352,353),(22746,1,0,'2016-08-18','AfterNoon',10215,10352,353),(22747,1,0,'2016-08-18','Evening',10215,10352,353),(22748,1,0,'2016-08-18','Morning',10249,10400,401),(22749,1,0,'2016-08-18','AfterNoon',10249,10400,401),(22750,1,0,'2016-08-18','Evening',10249,10400,401),(22751,1,0,'2016-08-18','Morning',10253,10401,402),(22752,1,0,'2016-08-18','AfterNoon',10253,10401,402),(22753,1,0,'2016-08-18','Evening',10253,10401,402),(22754,1,0,'2016-08-18','Morning',10254,10402,403),(22755,1,0,'2016-08-18','AfterNoon',10254,10402,403),(22756,1,0,'2016-08-18','Evening',10254,10402,403),(22757,1,0,'2016-08-18','Morning',10255,10403,404),(22758,1,0,'2016-08-18','AfterNoon',10255,10403,404),(22759,1,0,'2016-08-18','Evening',10255,10403,404),(22760,1,0,'2016-08-18','Morning',10256,10404,405),(22761,1,0,'2016-08-18','AfterNoon',10256,10404,405),(22762,1,0,'2016-08-18','Evening',10256,10404,405),(22784,1,0,'2016-08-19','Morning',10201,10207,208),(22785,1,0,'2016-08-19','AfterNoon',10201,10207,208),(22786,1,0,'2016-08-19','Evening',10201,10207,208),(22790,1,0,'2016-08-19','Morning',10203,10213,214),(22791,1,0,'2016-08-19','AfterNoon',10203,10213,214),(22792,1,0,'2016-08-19','Evening',10203,10213,214),(22793,1,0,'2016-08-19','Morning',10203,10215,216),(22794,1,0,'2016-08-19','AfterNoon',10203,10215,216),(22795,1,0,'2016-08-19','Evening',10203,10215,216),(22805,1,0,'2016-08-19','Morning',10207,10231,232),(22806,1,0,'2016-08-19','AfterNoon',10207,10231,232),(22807,1,0,'2016-08-19','Evening',10207,10231,232),(22808,1,0,'2016-08-19','Morning',10208,10235,236),(22809,1,0,'2016-08-19','AfterNoon',10208,10235,236),(22810,1,0,'2016-08-19','Evening',10208,10235,236),(22811,1,0,'2016-08-19','Morning',10209,10239,240),(22812,1,0,'2016-08-19','AfterNoon',10209,10239,240),(22813,1,0,'2016-08-19','Evening',10209,10239,240),(22814,1,0,'2016-08-19','Morning',10210,10243,244),(22815,1,0,'2016-08-19','AfterNoon',10210,10243,244),(22816,1,0,'2016-08-19','Evening',10210,10243,244),(22817,1,0,'2016-08-19','Morning',10211,10247,248),(22818,1,0,'2016-08-19','AfterNoon',10211,10247,248),(22819,1,0,'2016-08-19','Evening',10211,10247,248),(22820,1,0,'2016-08-19','Morning',10212,10249,250),(22821,1,0,'2016-08-19','AfterNoon',10212,10249,250),(22822,1,0,'2016-08-19','Evening',10212,10249,250),(22823,1,0,'2016-08-19','Morning',10212,10251,252),(22824,1,0,'2016-08-19','AfterNoon',10212,10251,252),(22825,1,0,'2016-08-19','Evening',10212,10251,252),(22826,1,0,'2016-08-19','Morning',10213,10253,254),(22827,1,0,'2016-08-19','AfterNoon',10213,10253,254),(22828,1,0,'2016-08-19','Evening',10213,10253,254),(22829,1,0,'2016-08-19','Morning',10214,10257,258),(22830,1,0,'2016-08-19','AfterNoon',10214,10257,258),(22831,1,0,'2016-08-19','Evening',10214,10257,258),(22832,1,0,'2016-08-19','Morning',10216,10264,265),(22833,1,0,'2016-08-19','AfterNoon',10216,10264,265),(22834,1,0,'2016-08-19','Evening',10216,10264,265),(22835,1,0,'2016-08-19','Morning',10217,10266,267),(22836,1,0,'2016-08-19','AfterNoon',10217,10266,267),(22837,1,0,'2016-08-19','Evening',10217,10266,267),(22838,1,0,'2016-08-19','Morning',10217,10267,268),(22839,1,0,'2016-08-19','AfterNoon',10217,10267,268),(22840,1,0,'2016-08-19','Evening',10217,10267,268),(22841,1,0,'2016-08-19','Morning',10217,10268,269),(22842,1,0,'2016-08-19','AfterNoon',10217,10268,269),(22843,1,0,'2016-08-19','Evening',10217,10268,269),(22844,1,0,'2016-08-19','Morning',10218,10269,270),(22845,1,0,'2016-08-19','AfterNoon',10218,10269,270),(22846,1,0,'2016-08-19','Evening',10218,10269,270),(22847,1,0,'2016-08-19','Morning',10219,10270,271),(22848,1,0,'2016-08-19','AfterNoon',10219,10270,271),(22849,1,0,'2016-08-19','Evening',10219,10270,271),(22850,1,0,'2016-08-19','Morning',10220,10271,272),(22851,1,0,'2016-08-19','AfterNoon',10220,10271,272),(22852,1,0,'2016-08-19','Evening',10220,10271,272),(22853,1,0,'2016-08-19','Morning',10221,10272,273),(22854,1,0,'2016-08-19','AfterNoon',10221,10272,273),(22855,1,0,'2016-08-19','Evening',10221,10272,273),(22856,1,0,'2016-08-19','Morning',10222,10273,274),(22857,1,0,'2016-08-19','AfterNoon',10222,10273,274),(22858,1,0,'2016-08-19','Evening',10222,10273,274),(22859,1,0,'2016-08-19','Morning',10223,10274,275),(22860,1,0,'2016-08-19','AfterNoon',10223,10274,275),(22861,1,0,'2016-08-19','Evening',10223,10274,275),(22862,1,0,'2016-08-19','Morning',10224,10275,276),(22863,1,0,'2016-08-19','AfterNoon',10224,10275,276),(22864,1,0,'2016-08-19','Evening',10224,10275,276),(22865,1,0,'2016-08-19','Morning',10225,10276,277),(22866,1,0,'2016-08-19','AfterNoon',10225,10276,277),(22867,1,0,'2016-08-19','Evening',10225,10276,277),(22868,1,0,'2016-08-19','Morning',10226,10277,278),(22869,1,0,'2016-08-19','AfterNoon',10226,10277,278),(22870,1,0,'2016-08-19','Evening',10226,10277,278),(22871,1,0,'2016-08-19','Morning',10227,10279,279),(22872,1,0,'2016-08-19','AfterNoon',10227,10279,279),(22873,1,0,'2016-08-19','Evening',10227,10279,279),(22874,1,0,'2016-08-19','Morning',10228,10280,280),(22875,1,0,'2016-08-19','AfterNoon',10228,10280,280),(22876,1,0,'2016-08-19','Evening',10228,10280,280),(22877,1,0,'2016-08-19','Morning',10229,10281,281),(22878,1,0,'2016-08-19','AfterNoon',10229,10281,281),(22879,1,0,'2016-08-19','Evening',10229,10281,281),(22880,1,0,'2016-08-19','Morning',10230,10282,282),(22881,1,0,'2016-08-19','AfterNoon',10230,10282,282),(22882,1,0,'2016-08-19','Evening',10230,10282,282),(22883,1,0,'2016-08-19','Morning',10231,10283,283),(22884,1,0,'2016-08-19','AfterNoon',10231,10283,283),(22885,1,0,'2016-08-19','Evening',10231,10283,283),(22886,1,0,'2016-08-19','Morning',10232,10284,284),(22887,1,0,'2016-08-19','AfterNoon',10232,10284,284),(22888,1,0,'2016-08-19','Evening',10232,10284,284),(22889,1,0,'2016-08-19','Morning',10233,10285,285),(22890,1,0,'2016-08-19','AfterNoon',10233,10285,285),(22891,1,0,'2016-08-19','Evening',10233,10285,285),(22892,1,0,'2016-08-19','Morning',10234,10286,286),(22893,1,0,'2016-08-19','AfterNoon',10234,10286,286),(22894,1,0,'2016-08-19','Evening',10234,10286,286),(22895,1,0,'2016-08-19','Morning',10235,10287,287),(22896,1,0,'2016-08-19','AfterNoon',10235,10287,287),(22897,1,0,'2016-08-19','Evening',10235,10287,287),(22898,1,0,'2016-08-19','Morning',10236,10288,288),(22899,1,0,'2016-08-19','AfterNoon',10236,10288,288),(22900,1,0,'2016-08-19','Evening',10236,10288,288),(22901,1,0,'2016-08-19','Morning',10237,10289,289),(22902,1,0,'2016-08-19','AfterNoon',10237,10289,289),(22903,1,0,'2016-08-19','Evening',10237,10289,289),(22904,1,0,'2016-08-19','Morning',10238,10290,290),(22905,1,0,'2016-08-19','AfterNoon',10238,10290,290),(22906,1,0,'2016-08-19','Evening',10238,10290,290),(22907,1,0,'2016-08-19','Morning',10239,10291,291),(22908,1,0,'2016-08-19','AfterNoon',10239,10291,291),(22909,1,0,'2016-08-19','Evening',10239,10291,291),(22910,1,0,'2016-08-19','Morning',10240,10292,292),(22911,1,0,'2016-08-19','AfterNoon',10240,10292,292),(22912,1,0,'2016-08-19','Evening',10240,10292,292),(22913,1,0,'2016-08-19','Morning',10241,10293,293),(22914,1,0,'2016-08-19','AfterNoon',10241,10293,293),(22915,1,0,'2016-08-19','Evening',10241,10293,293),(22916,1,0,'2016-08-19','Morning',10242,10294,294),(22917,1,0,'2016-08-19','AfterNoon',10242,10294,294),(22918,1,0,'2016-08-19','Evening',10242,10294,294),(22919,1,0,'2016-08-19','Morning',10243,10295,295),(22920,1,0,'2016-08-19','AfterNoon',10243,10295,295),(22921,1,0,'2016-08-19','Evening',10243,10295,295),(22922,1,0,'2016-08-19','Morning',10244,10296,296),(22923,1,0,'2016-08-19','AfterNoon',10244,10296,296),(22924,1,0,'2016-08-19','Evening',10244,10296,296),(22925,1,0,'2016-08-19','Morning',10245,10297,297),(22926,1,0,'2016-08-19','AfterNoon',10245,10297,297),(22927,1,0,'2016-08-19','Evening',10245,10297,297),(22928,1,0,'2016-08-19','Morning',10246,10299,299),(22929,1,0,'2016-08-19','AfterNoon',10246,10299,299),(22930,1,0,'2016-08-19','Evening',10246,10299,299),(22931,1,0,'2016-08-19','Morning',10247,10302,302),(22932,1,0,'2016-08-19','AfterNoon',10247,10302,302),(22933,1,0,'2016-08-19','Evening',10247,10302,302),(22934,1,0,'2016-08-19','Morning',10247,10303,303),(22935,1,0,'2016-08-19','AfterNoon',10247,10303,303),(22936,1,0,'2016-08-19','Evening',10247,10303,303),(22937,1,0,'2016-08-19','Morning',10248,10305,305),(22938,1,0,'2016-08-19','AfterNoon',10248,10305,305),(22939,1,0,'2016-08-19','Evening',10248,10305,305),(22940,1,0,'2016-08-19','Morning',10249,10307,307),(22941,1,0,'2016-08-19','AfterNoon',10249,10307,307),(22942,1,0,'2016-08-19','Evening',10249,10307,307),(22943,1,0,'2016-08-19','Morning',10250,10309,309),(22944,1,0,'2016-08-19','AfterNoon',10250,10309,309),(22945,1,0,'2016-08-19','Evening',10250,10309,309),(22946,1,0,'2016-08-19','Morning',10251,10312,312),(22947,1,0,'2016-08-19','AfterNoon',10251,10312,312),(22948,1,0,'2016-08-19','Evening',10251,10312,312),(22949,1,0,'2016-08-19','Morning',10252,10315,315),(22950,1,0,'2016-08-19','AfterNoon',10252,10315,315),(22951,1,0,'2016-08-19','Evening',10252,10315,315),(22952,1,0,'2016-08-19','Morning',10252,10317,317),(22953,1,0,'2016-08-19','AfterNoon',10252,10317,317),(22954,1,0,'2016-08-19','Evening',10252,10317,317),(22955,1,0,'2016-08-19','Morning',10253,10319,319),(22956,1,0,'2016-08-19','AfterNoon',10253,10319,319),(22957,1,0,'2016-08-19','Evening',10253,10319,319),(22958,1,0,'2016-08-19','Morning',10254,10321,321),(22959,1,0,'2016-08-19','AfterNoon',10254,10321,321),(22960,1,0,'2016-08-19','Evening',10254,10321,321),(22961,1,0,'2016-08-19','Morning',10255,10323,323),(22962,1,0,'2016-08-19','AfterNoon',10255,10323,323),(22963,1,0,'2016-08-19','Evening',10255,10323,323),(22964,1,0,'2016-08-19','Morning',10256,10324,324),(22965,1,0,'2016-08-19','AfterNoon',10256,10324,324),(22966,1,0,'2016-08-19','Evening',10256,10324,324),(22967,1,0,'2016-08-19','Morning',10256,10327,327),(22968,1,0,'2016-08-19','AfterNoon',10256,10327,327),(22969,1,0,'2016-08-19','Evening',10256,10327,327),(22970,1,0,'2016-08-19','Morning',10257,10329,329),(22971,1,0,'2016-08-19','AfterNoon',10257,10329,329),(22972,1,0,'2016-08-19','Evening',10257,10329,329),(22973,1,0,'2016-08-19','Morning',10215,10352,353),(22974,1,0,'2016-08-19','AfterNoon',10215,10352,353),(22975,1,0,'2016-08-19','Evening',10215,10352,353),(22976,1,0,'2016-08-19','Morning',10249,10400,401),(22977,1,0,'2016-08-19','AfterNoon',10249,10400,401),(22978,1,0,'2016-08-19','Evening',10249,10400,401),(22979,1,0,'2016-08-19','Morning',10253,10401,402),(22980,1,0,'2016-08-19','AfterNoon',10253,10401,402),(22981,1,0,'2016-08-19','Evening',10253,10401,402),(22982,1,0,'2016-08-19','Morning',10254,10402,403),(22983,1,0,'2016-08-19','AfterNoon',10254,10402,403),(22984,1,0,'2016-08-19','Evening',10254,10402,403),(22985,1,0,'2016-08-19','Morning',10255,10403,404),(22986,1,0,'2016-08-19','AfterNoon',10255,10403,404),(22987,1,0,'2016-08-19','Evening',10255,10403,404),(22988,1,0,'2016-08-19','Morning',10256,10404,405),(22989,1,0,'2016-08-19','AfterNoon',10256,10404,405),(22990,1,0,'2016-08-19','Evening',10256,10404,405),(23043,1,0,'2016-08-20','Morning',10201,10207,208),(23044,1,0,'2016-08-20','AfterNoon',10201,10207,208),(23045,1,0,'2016-08-20','Evening',10201,10207,208),(23046,1,0,'2016-08-21','Morning',10201,10207,208),(23047,1,0,'2016-08-21','AfterNoon',10201,10207,208),(23048,1,0,'2016-08-21','Evening',10201,10207,208),(23055,1,0,'2016-08-20','Morning',10203,10213,214),(23056,1,0,'2016-08-20','AfterNoon',10203,10213,214),(23057,1,0,'2016-08-20','Evening',10203,10213,214),(23058,1,0,'2016-08-21','Morning',10203,10213,214),(23059,1,0,'2016-08-21','AfterNoon',10203,10213,214),(23060,1,0,'2016-08-21','Evening',10203,10213,214),(23061,1,0,'2016-08-20','Morning',10203,10215,216),(23062,1,0,'2016-08-20','AfterNoon',10203,10215,216),(23063,1,0,'2016-08-20','Evening',10203,10215,216),(23064,1,0,'2016-08-21','Morning',10203,10215,216),(23065,1,0,'2016-08-21','AfterNoon',10203,10215,216),(23066,1,0,'2016-08-21','Evening',10203,10215,216),(23085,1,0,'2016-08-20','Morning',10207,10231,232),(23086,1,0,'2016-08-20','AfterNoon',10207,10231,232),(23087,1,0,'2016-08-20','Evening',10207,10231,232),(23088,1,0,'2016-08-21','Morning',10207,10231,232),(23089,1,0,'2016-08-21','AfterNoon',10207,10231,232),(23090,1,0,'2016-08-21','Evening',10207,10231,232),(23091,1,0,'2016-08-20','Morning',10208,10235,236),(23092,1,0,'2016-08-20','AfterNoon',10208,10235,236),(23093,1,0,'2016-08-20','Evening',10208,10235,236),(23094,1,0,'2016-08-21','Morning',10208,10235,236),(23095,1,0,'2016-08-21','AfterNoon',10208,10235,236),(23096,1,0,'2016-08-21','Evening',10208,10235,236),(23097,1,0,'2016-08-20','Morning',10209,10239,240),(23098,1,0,'2016-08-20','AfterNoon',10209,10239,240),(23099,1,0,'2016-08-20','Evening',10209,10239,240),(23100,1,0,'2016-08-21','Morning',10209,10239,240),(23101,1,0,'2016-08-21','AfterNoon',10209,10239,240),(23102,1,0,'2016-08-21','Evening',10209,10239,240),(23103,1,0,'2016-08-20','Morning',10210,10243,244),(23104,1,0,'2016-08-20','AfterNoon',10210,10243,244),(23105,1,0,'2016-08-20','Evening',10210,10243,244),(23106,1,0,'2016-08-21','Morning',10210,10243,244),(23107,1,0,'2016-08-21','AfterNoon',10210,10243,244),(23108,1,0,'2016-08-21','Evening',10210,10243,244),(23109,1,0,'2016-08-20','Morning',10211,10247,248),(23110,1,0,'2016-08-20','AfterNoon',10211,10247,248),(23111,1,0,'2016-08-20','Evening',10211,10247,248),(23112,1,0,'2016-08-21','Morning',10211,10247,248),(23113,1,0,'2016-08-21','AfterNoon',10211,10247,248),(23114,1,0,'2016-08-21','Evening',10211,10247,248),(23115,1,0,'2016-08-20','Morning',10212,10249,250),(23116,1,0,'2016-08-20','AfterNoon',10212,10249,250),(23117,1,0,'2016-08-20','Evening',10212,10249,250),(23118,1,0,'2016-08-21','Morning',10212,10249,250),(23119,1,0,'2016-08-21','AfterNoon',10212,10249,250),(23120,1,0,'2016-08-21','Evening',10212,10249,250),(23121,1,0,'2016-08-20','Morning',10212,10251,252),(23122,1,0,'2016-08-20','AfterNoon',10212,10251,252),(23123,1,0,'2016-08-20','Evening',10212,10251,252),(23124,1,0,'2016-08-21','Morning',10212,10251,252),(23125,1,0,'2016-08-21','AfterNoon',10212,10251,252),(23126,1,0,'2016-08-21','Evening',10212,10251,252),(23127,1,0,'2016-08-20','Morning',10213,10253,254),(23128,1,0,'2016-08-20','AfterNoon',10213,10253,254),(23129,1,0,'2016-08-20','Evening',10213,10253,254),(23130,1,0,'2016-08-21','Morning',10213,10253,254),(23131,1,0,'2016-08-21','AfterNoon',10213,10253,254),(23132,1,0,'2016-08-21','Evening',10213,10253,254),(23133,1,0,'2016-08-20','Morning',10214,10257,258),(23134,1,0,'2016-08-20','AfterNoon',10214,10257,258),(23135,1,0,'2016-08-20','Evening',10214,10257,258),(23136,1,0,'2016-08-21','Morning',10214,10257,258),(23137,1,0,'2016-08-21','AfterNoon',10214,10257,258),(23138,1,0,'2016-08-21','Evening',10214,10257,258),(23139,1,0,'2016-08-20','Morning',10216,10264,265),(23140,1,0,'2016-08-20','AfterNoon',10216,10264,265),(23141,1,0,'2016-08-20','Evening',10216,10264,265),(23142,1,0,'2016-08-21','Morning',10216,10264,265),(23143,1,0,'2016-08-21','AfterNoon',10216,10264,265),(23144,1,0,'2016-08-21','Evening',10216,10264,265),(23145,1,0,'2016-08-20','Morning',10217,10266,267),(23146,1,0,'2016-08-20','AfterNoon',10217,10266,267),(23147,1,0,'2016-08-20','Evening',10217,10266,267),(23148,1,0,'2016-08-21','Morning',10217,10266,267),(23149,1,0,'2016-08-21','AfterNoon',10217,10266,267),(23150,1,0,'2016-08-21','Evening',10217,10266,267),(23151,1,0,'2016-08-20','Morning',10217,10267,268),(23152,1,0,'2016-08-20','AfterNoon',10217,10267,268),(23153,1,0,'2016-08-20','Evening',10217,10267,268),(23154,1,0,'2016-08-21','Morning',10217,10267,268),(23155,1,0,'2016-08-21','AfterNoon',10217,10267,268),(23156,1,0,'2016-08-21','Evening',10217,10267,268),(23157,1,0,'2016-08-20','Morning',10217,10268,269),(23158,1,0,'2016-08-20','AfterNoon',10217,10268,269),(23159,1,0,'2016-08-20','Evening',10217,10268,269),(23160,1,0,'2016-08-21','Morning',10217,10268,269),(23161,1,0,'2016-08-21','AfterNoon',10217,10268,269),(23162,1,0,'2016-08-21','Evening',10217,10268,269),(23163,1,0,'2016-08-20','Morning',10218,10269,270),(23164,1,0,'2016-08-20','AfterNoon',10218,10269,270),(23165,1,0,'2016-08-20','Evening',10218,10269,270),(23166,1,0,'2016-08-21','Morning',10218,10269,270),(23167,1,0,'2016-08-21','AfterNoon',10218,10269,270),(23168,1,0,'2016-08-21','Evening',10218,10269,270),(23169,1,0,'2016-08-20','Morning',10219,10270,271),(23170,1,0,'2016-08-20','AfterNoon',10219,10270,271),(23171,1,0,'2016-08-20','Evening',10219,10270,271),(23172,1,0,'2016-08-21','Morning',10219,10270,271),(23173,1,0,'2016-08-21','AfterNoon',10219,10270,271),(23174,1,0,'2016-08-21','Evening',10219,10270,271),(23175,1,0,'2016-08-20','Morning',10220,10271,272),(23176,1,0,'2016-08-20','AfterNoon',10220,10271,272),(23177,1,0,'2016-08-20','Evening',10220,10271,272),(23178,1,0,'2016-08-21','Morning',10220,10271,272),(23179,1,0,'2016-08-21','AfterNoon',10220,10271,272),(23180,1,0,'2016-08-21','Evening',10220,10271,272),(23181,1,0,'2016-08-20','Morning',10221,10272,273),(23182,1,0,'2016-08-20','AfterNoon',10221,10272,273),(23183,1,0,'2016-08-20','Evening',10221,10272,273),(23184,1,0,'2016-08-21','Morning',10221,10272,273),(23185,1,0,'2016-08-21','AfterNoon',10221,10272,273),(23186,1,0,'2016-08-21','Evening',10221,10272,273),(23187,1,0,'2016-08-20','Morning',10222,10273,274),(23188,1,0,'2016-08-20','AfterNoon',10222,10273,274),(23189,1,0,'2016-08-20','Evening',10222,10273,274),(23190,1,0,'2016-08-21','Morning',10222,10273,274),(23191,1,0,'2016-08-21','AfterNoon',10222,10273,274),(23192,1,0,'2016-08-21','Evening',10222,10273,274),(23193,1,0,'2016-08-20','Morning',10223,10274,275),(23194,1,0,'2016-08-20','AfterNoon',10223,10274,275),(23195,1,0,'2016-08-20','Evening',10223,10274,275),(23196,1,0,'2016-08-21','Morning',10223,10274,275),(23197,1,0,'2016-08-21','AfterNoon',10223,10274,275),(23198,1,0,'2016-08-21','Evening',10223,10274,275),(23199,1,0,'2016-08-20','Morning',10224,10275,276),(23200,1,0,'2016-08-20','AfterNoon',10224,10275,276),(23201,1,0,'2016-08-20','Evening',10224,10275,276),(23202,1,0,'2016-08-21','Morning',10224,10275,276),(23203,1,0,'2016-08-21','AfterNoon',10224,10275,276),(23204,1,0,'2016-08-21','Evening',10224,10275,276),(23205,1,0,'2016-08-20','Morning',10225,10276,277),(23206,1,0,'2016-08-20','AfterNoon',10225,10276,277),(23207,1,0,'2016-08-20','Evening',10225,10276,277),(23208,1,0,'2016-08-21','Morning',10225,10276,277),(23209,1,0,'2016-08-21','AfterNoon',10225,10276,277),(23210,1,0,'2016-08-21','Evening',10225,10276,277),(23211,1,0,'2016-08-20','Morning',10226,10277,278),(23212,1,0,'2016-08-20','AfterNoon',10226,10277,278),(23213,1,0,'2016-08-20','Evening',10226,10277,278),(23214,1,0,'2016-08-21','Morning',10226,10277,278),(23215,1,0,'2016-08-21','AfterNoon',10226,10277,278),(23216,1,0,'2016-08-21','Evening',10226,10277,278),(23217,1,0,'2016-08-20','Morning',10227,10279,279),(23218,1,0,'2016-08-20','AfterNoon',10227,10279,279),(23219,1,0,'2016-08-20','Evening',10227,10279,279),(23220,1,0,'2016-08-21','Morning',10227,10279,279),(23221,1,0,'2016-08-21','AfterNoon',10227,10279,279),(23222,1,0,'2016-08-21','Evening',10227,10279,279),(23223,1,0,'2016-08-20','Morning',10228,10280,280),(23224,1,0,'2016-08-20','AfterNoon',10228,10280,280),(23225,1,0,'2016-08-20','Evening',10228,10280,280),(23226,1,0,'2016-08-21','Morning',10228,10280,280),(23227,1,0,'2016-08-21','AfterNoon',10228,10280,280),(23228,1,0,'2016-08-21','Evening',10228,10280,280),(23229,1,0,'2016-08-20','Morning',10229,10281,281),(23230,1,0,'2016-08-20','AfterNoon',10229,10281,281),(23231,1,0,'2016-08-20','Evening',10229,10281,281),(23232,1,0,'2016-08-21','Morning',10229,10281,281),(23233,1,0,'2016-08-21','AfterNoon',10229,10281,281),(23234,1,0,'2016-08-21','Evening',10229,10281,281),(23235,1,0,'2016-08-20','Morning',10230,10282,282),(23236,1,0,'2016-08-20','AfterNoon',10230,10282,282),(23237,1,0,'2016-08-20','Evening',10230,10282,282),(23238,1,0,'2016-08-21','Morning',10230,10282,282),(23239,1,0,'2016-08-21','AfterNoon',10230,10282,282),(23240,1,0,'2016-08-21','Evening',10230,10282,282),(23241,1,0,'2016-08-20','Morning',10231,10283,283),(23242,1,0,'2016-08-20','AfterNoon',10231,10283,283),(23243,1,0,'2016-08-20','Evening',10231,10283,283),(23244,1,0,'2016-08-21','Morning',10231,10283,283),(23245,1,0,'2016-08-21','AfterNoon',10231,10283,283),(23246,1,0,'2016-08-21','Evening',10231,10283,283),(23247,1,0,'2016-08-20','Morning',10232,10284,284),(23248,1,0,'2016-08-20','AfterNoon',10232,10284,284),(23249,1,0,'2016-08-20','Evening',10232,10284,284),(23250,1,0,'2016-08-21','Morning',10232,10284,284),(23251,1,0,'2016-08-21','AfterNoon',10232,10284,284),(23252,1,0,'2016-08-21','Evening',10232,10284,284),(23253,1,0,'2016-08-20','Morning',10233,10285,285),(23254,1,0,'2016-08-20','AfterNoon',10233,10285,285),(23255,1,0,'2016-08-20','Evening',10233,10285,285),(23256,1,0,'2016-08-21','Morning',10233,10285,285),(23257,1,0,'2016-08-21','AfterNoon',10233,10285,285),(23258,1,0,'2016-08-21','Evening',10233,10285,285),(23259,1,0,'2016-08-20','Morning',10234,10286,286),(23260,1,0,'2016-08-20','AfterNoon',10234,10286,286),(23261,1,0,'2016-08-20','Evening',10234,10286,286),(23262,1,0,'2016-08-21','Morning',10234,10286,286),(23263,1,0,'2016-08-21','AfterNoon',10234,10286,286),(23264,1,0,'2016-08-21','Evening',10234,10286,286),(23265,1,0,'2016-08-20','Morning',10235,10287,287),(23266,1,0,'2016-08-20','AfterNoon',10235,10287,287),(23267,1,0,'2016-08-20','Evening',10235,10287,287),(23268,1,0,'2016-08-21','Morning',10235,10287,287),(23269,1,0,'2016-08-21','AfterNoon',10235,10287,287),(23270,1,0,'2016-08-21','Evening',10235,10287,287),(23271,1,0,'2016-08-20','Morning',10236,10288,288),(23272,1,0,'2016-08-20','AfterNoon',10236,10288,288),(23273,1,0,'2016-08-20','Evening',10236,10288,288),(23274,1,0,'2016-08-21','Morning',10236,10288,288),(23275,1,0,'2016-08-21','AfterNoon',10236,10288,288),(23276,1,0,'2016-08-21','Evening',10236,10288,288),(23277,1,0,'2016-08-20','Morning',10237,10289,289),(23278,1,0,'2016-08-20','AfterNoon',10237,10289,289),(23279,1,0,'2016-08-20','Evening',10237,10289,289),(23280,1,0,'2016-08-21','Morning',10237,10289,289),(23281,1,0,'2016-08-21','AfterNoon',10237,10289,289),(23282,1,0,'2016-08-21','Evening',10237,10289,289),(23283,1,0,'2016-08-20','Morning',10238,10290,290),(23284,1,0,'2016-08-20','AfterNoon',10238,10290,290),(23285,1,0,'2016-08-20','Evening',10238,10290,290),(23286,1,0,'2016-08-21','Morning',10238,10290,290),(23287,1,0,'2016-08-21','AfterNoon',10238,10290,290),(23288,1,0,'2016-08-21','Evening',10238,10290,290),(23289,1,0,'2016-08-20','Morning',10239,10291,291),(23290,1,0,'2016-08-20','AfterNoon',10239,10291,291),(23291,1,0,'2016-08-20','Evening',10239,10291,291),(23292,1,0,'2016-08-21','Morning',10239,10291,291),(23293,1,0,'2016-08-21','AfterNoon',10239,10291,291),(23294,1,0,'2016-08-21','Evening',10239,10291,291),(23295,1,0,'2016-08-20','Morning',10240,10292,292),(23296,1,0,'2016-08-20','AfterNoon',10240,10292,292),(23297,1,0,'2016-08-20','Evening',10240,10292,292),(23298,1,0,'2016-08-21','Morning',10240,10292,292),(23299,1,0,'2016-08-21','AfterNoon',10240,10292,292),(23300,1,0,'2016-08-21','Evening',10240,10292,292),(23301,1,0,'2016-08-20','Morning',10241,10293,293),(23302,1,0,'2016-08-20','AfterNoon',10241,10293,293),(23303,1,0,'2016-08-20','Evening',10241,10293,293),(23304,1,0,'2016-08-21','Morning',10241,10293,293),(23305,1,0,'2016-08-21','AfterNoon',10241,10293,293),(23306,1,0,'2016-08-21','Evening',10241,10293,293),(23307,1,0,'2016-08-20','Morning',10242,10294,294),(23308,1,0,'2016-08-20','AfterNoon',10242,10294,294),(23309,1,0,'2016-08-20','Evening',10242,10294,294),(23310,1,0,'2016-08-21','Morning',10242,10294,294),(23311,1,0,'2016-08-21','AfterNoon',10242,10294,294),(23312,1,0,'2016-08-21','Evening',10242,10294,294),(23313,1,0,'2016-08-20','Morning',10243,10295,295),(23314,1,0,'2016-08-20','AfterNoon',10243,10295,295),(23315,1,0,'2016-08-20','Evening',10243,10295,295),(23316,1,0,'2016-08-21','Morning',10243,10295,295),(23317,1,0,'2016-08-21','AfterNoon',10243,10295,295),(23318,1,0,'2016-08-21','Evening',10243,10295,295),(23319,1,0,'2016-08-20','Morning',10244,10296,296),(23320,1,0,'2016-08-20','AfterNoon',10244,10296,296),(23321,1,0,'2016-08-20','Evening',10244,10296,296),(23322,1,0,'2016-08-21','Morning',10244,10296,296),(23323,1,0,'2016-08-21','AfterNoon',10244,10296,296),(23324,1,0,'2016-08-21','Evening',10244,10296,296),(23325,1,0,'2016-08-20','Morning',10245,10297,297),(23326,1,0,'2016-08-20','AfterNoon',10245,10297,297),(23327,1,0,'2016-08-20','Evening',10245,10297,297),(23328,1,0,'2016-08-21','Morning',10245,10297,297),(23329,1,0,'2016-08-21','AfterNoon',10245,10297,297),(23330,1,0,'2016-08-21','Evening',10245,10297,297),(23331,1,0,'2016-08-20','Morning',10246,10299,299),(23332,1,0,'2016-08-20','AfterNoon',10246,10299,299),(23333,1,0,'2016-08-20','Evening',10246,10299,299),(23334,1,0,'2016-08-21','Morning',10246,10299,299),(23335,1,0,'2016-08-21','AfterNoon',10246,10299,299),(23336,1,0,'2016-08-21','Evening',10246,10299,299),(23337,1,0,'2016-08-20','Morning',10247,10302,302),(23338,1,0,'2016-08-20','AfterNoon',10247,10302,302),(23339,1,0,'2016-08-20','Evening',10247,10302,302),(23340,1,0,'2016-08-21','Morning',10247,10302,302),(23341,1,0,'2016-08-21','AfterNoon',10247,10302,302),(23342,1,0,'2016-08-21','Evening',10247,10302,302),(23343,1,0,'2016-08-20','Morning',10247,10303,303),(23344,1,0,'2016-08-20','AfterNoon',10247,10303,303),(23345,1,0,'2016-08-20','Evening',10247,10303,303),(23346,1,0,'2016-08-21','Morning',10247,10303,303),(23347,1,0,'2016-08-21','AfterNoon',10247,10303,303),(23348,1,0,'2016-08-21','Evening',10247,10303,303),(23349,1,0,'2016-08-20','Morning',10248,10305,305),(23350,1,0,'2016-08-20','AfterNoon',10248,10305,305),(23351,1,0,'2016-08-20','Evening',10248,10305,305),(23352,1,0,'2016-08-21','Morning',10248,10305,305),(23353,1,0,'2016-08-21','AfterNoon',10248,10305,305),(23354,1,0,'2016-08-21','Evening',10248,10305,305),(23355,1,0,'2016-08-20','Morning',10249,10307,307),(23356,1,0,'2016-08-20','AfterNoon',10249,10307,307),(23357,1,0,'2016-08-20','Evening',10249,10307,307),(23358,1,0,'2016-08-21','Morning',10249,10307,307),(23359,1,0,'2016-08-21','AfterNoon',10249,10307,307),(23360,1,0,'2016-08-21','Evening',10249,10307,307),(23361,1,0,'2016-08-20','Morning',10250,10309,309),(23362,1,0,'2016-08-20','AfterNoon',10250,10309,309),(23363,1,0,'2016-08-20','Evening',10250,10309,309),(23364,1,0,'2016-08-21','Morning',10250,10309,309),(23365,1,0,'2016-08-21','AfterNoon',10250,10309,309),(23366,1,0,'2016-08-21','Evening',10250,10309,309),(23367,1,0,'2016-08-20','Morning',10251,10312,312),(23368,1,0,'2016-08-20','AfterNoon',10251,10312,312),(23369,1,0,'2016-08-20','Evening',10251,10312,312),(23370,1,0,'2016-08-21','Morning',10251,10312,312),(23371,1,0,'2016-08-21','AfterNoon',10251,10312,312),(23372,1,0,'2016-08-21','Evening',10251,10312,312),(23373,1,0,'2016-08-20','Morning',10252,10315,315),(23374,1,0,'2016-08-20','AfterNoon',10252,10315,315),(23375,1,0,'2016-08-20','Evening',10252,10315,315),(23376,1,0,'2016-08-21','Morning',10252,10315,315),(23377,1,0,'2016-08-21','AfterNoon',10252,10315,315),(23378,1,0,'2016-08-21','Evening',10252,10315,315),(23379,1,0,'2016-08-20','Morning',10252,10317,317),(23380,1,0,'2016-08-20','AfterNoon',10252,10317,317),(23381,1,0,'2016-08-20','Evening',10252,10317,317),(23382,1,0,'2016-08-21','Morning',10252,10317,317),(23383,1,0,'2016-08-21','AfterNoon',10252,10317,317),(23384,1,0,'2016-08-21','Evening',10252,10317,317),(23385,1,0,'2016-08-20','Morning',10253,10319,319),(23386,1,0,'2016-08-20','AfterNoon',10253,10319,319),(23387,1,0,'2016-08-20','Evening',10253,10319,319),(23388,1,0,'2016-08-21','Morning',10253,10319,319),(23389,1,0,'2016-08-21','AfterNoon',10253,10319,319),(23390,1,0,'2016-08-21','Evening',10253,10319,319),(23391,1,0,'2016-08-20','Morning',10254,10321,321),(23392,1,0,'2016-08-20','AfterNoon',10254,10321,321),(23393,1,0,'2016-08-20','Evening',10254,10321,321),(23394,1,0,'2016-08-21','Morning',10254,10321,321),(23395,1,0,'2016-08-21','AfterNoon',10254,10321,321),(23396,1,0,'2016-08-21','Evening',10254,10321,321),(23397,1,0,'2016-08-20','Morning',10255,10323,323),(23398,1,0,'2016-08-20','AfterNoon',10255,10323,323),(23399,1,0,'2016-08-20','Evening',10255,10323,323),(23400,1,0,'2016-08-21','Morning',10255,10323,323),(23401,1,0,'2016-08-21','AfterNoon',10255,10323,323),(23402,1,0,'2016-08-21','Evening',10255,10323,323),(23403,1,0,'2016-08-20','Morning',10256,10324,324),(23404,1,0,'2016-08-20','AfterNoon',10256,10324,324),(23405,1,0,'2016-08-20','Evening',10256,10324,324),(23406,1,0,'2016-08-21','Morning',10256,10324,324),(23407,1,0,'2016-08-21','AfterNoon',10256,10324,324),(23408,1,0,'2016-08-21','Evening',10256,10324,324),(23409,1,0,'2016-08-20','Morning',10256,10327,327),(23410,1,0,'2016-08-20','AfterNoon',10256,10327,327),(23411,1,0,'2016-08-20','Evening',10256,10327,327),(23412,1,0,'2016-08-21','Morning',10256,10327,327),(23413,1,0,'2016-08-21','AfterNoon',10256,10327,327),(23414,1,0,'2016-08-21','Evening',10256,10327,327),(23415,1,0,'2016-08-20','Morning',10257,10329,329),(23416,1,0,'2016-08-20','AfterNoon',10257,10329,329),(23417,1,0,'2016-08-20','Evening',10257,10329,329),(23418,1,0,'2016-08-21','Morning',10257,10329,329),(23419,1,0,'2016-08-21','AfterNoon',10257,10329,329),(23420,1,0,'2016-08-21','Evening',10257,10329,329),(23421,1,0,'2016-08-20','Morning',10215,10352,353),(23422,1,0,'2016-08-20','AfterNoon',10215,10352,353),(23423,1,0,'2016-08-20','Evening',10215,10352,353),(23424,1,0,'2016-08-21','Morning',10215,10352,353),(23425,1,0,'2016-08-21','AfterNoon',10215,10352,353),(23426,1,0,'2016-08-21','Evening',10215,10352,353),(23427,1,0,'2016-08-20','Morning',10249,10400,401),(23428,1,0,'2016-08-20','AfterNoon',10249,10400,401),(23429,1,0,'2016-08-20','Evening',10249,10400,401),(23430,1,0,'2016-08-21','Morning',10249,10400,401),(23431,1,0,'2016-08-21','AfterNoon',10249,10400,401),(23432,1,0,'2016-08-21','Evening',10249,10400,401),(23433,1,0,'2016-08-20','Morning',10253,10401,402),(23434,1,0,'2016-08-20','AfterNoon',10253,10401,402),(23435,1,0,'2016-08-20','Evening',10253,10401,402),(23436,1,0,'2016-08-21','Morning',10253,10401,402),(23437,1,0,'2016-08-21','AfterNoon',10253,10401,402),(23438,1,0,'2016-08-21','Evening',10253,10401,402),(23439,1,0,'2016-08-20','Morning',10254,10402,403),(23440,1,0,'2016-08-20','AfterNoon',10254,10402,403),(23441,1,0,'2016-08-20','Evening',10254,10402,403),(23442,1,0,'2016-08-21','Morning',10254,10402,403),(23443,1,0,'2016-08-21','AfterNoon',10254,10402,403),(23444,1,0,'2016-08-21','Evening',10254,10402,403),(23445,1,0,'2016-08-20','Morning',10255,10403,404),(23446,1,0,'2016-08-20','AfterNoon',10255,10403,404),(23447,1,0,'2016-08-20','Evening',10255,10403,404),(23448,1,0,'2016-08-21','Morning',10255,10403,404),(23449,1,0,'2016-08-21','AfterNoon',10255,10403,404),(23450,1,0,'2016-08-21','Evening',10255,10403,404),(23451,1,0,'2016-08-20','Morning',10256,10404,405),(23452,1,0,'2016-08-20','AfterNoon',10256,10404,405),(23453,1,0,'2016-08-20','Evening',10256,10404,405),(23454,1,0,'2016-08-21','Morning',10256,10404,405),(23455,1,0,'2016-08-21','AfterNoon',10256,10404,405),(23456,1,0,'2016-08-21','Evening',10256,10404,405),(23478,1,0,'2016-08-22','Morning',10201,10207,208),(23479,1,0,'2016-08-22','AfterNoon',10201,10207,208),(23480,1,0,'2016-08-22','Evening',10201,10207,208),(23484,1,0,'2016-08-22','Morning',10203,10213,214),(23485,1,0,'2016-08-22','AfterNoon',10203,10213,214),(23486,1,0,'2016-08-22','Evening',10203,10213,214),(23487,1,0,'2016-08-22','Morning',10203,10215,216),(23488,1,0,'2016-08-22','AfterNoon',10203,10215,216),(23489,1,0,'2016-08-22','Evening',10203,10215,216),(23499,1,0,'2016-08-22','Morning',10207,10231,232),(23500,1,0,'2016-08-22','AfterNoon',10207,10231,232),(23501,1,0,'2016-08-22','Evening',10207,10231,232),(23502,1,0,'2016-08-22','Morning',10208,10235,236),(23503,1,0,'2016-08-22','AfterNoon',10208,10235,236),(23504,1,0,'2016-08-22','Evening',10208,10235,236),(23505,1,0,'2016-08-22','Morning',10209,10239,240),(23506,1,0,'2016-08-22','AfterNoon',10209,10239,240),(23507,1,0,'2016-08-22','Evening',10209,10239,240),(23508,1,0,'2016-08-22','Morning',10210,10243,244),(23509,1,0,'2016-08-22','AfterNoon',10210,10243,244),(23510,1,0,'2016-08-22','Evening',10210,10243,244),(23511,1,0,'2016-08-22','Morning',10211,10247,248),(23512,1,0,'2016-08-22','AfterNoon',10211,10247,248),(23513,1,0,'2016-08-22','Evening',10211,10247,248),(23514,1,0,'2016-08-22','Morning',10212,10249,250),(23515,1,0,'2016-08-22','AfterNoon',10212,10249,250),(23516,1,0,'2016-08-22','Evening',10212,10249,250),(23517,1,0,'2016-08-22','Morning',10212,10251,252),(23518,1,0,'2016-08-22','AfterNoon',10212,10251,252),(23519,1,0,'2016-08-22','Evening',10212,10251,252),(23520,1,0,'2016-08-22','Morning',10213,10253,254),(23521,1,0,'2016-08-22','AfterNoon',10213,10253,254),(23522,1,0,'2016-08-22','Evening',10213,10253,254),(23523,1,0,'2016-08-22','Morning',10214,10257,258),(23524,1,0,'2016-08-22','AfterNoon',10214,10257,258),(23525,1,0,'2016-08-22','Evening',10214,10257,258),(23526,1,0,'2016-08-22','Morning',10216,10264,265),(23527,1,0,'2016-08-22','AfterNoon',10216,10264,265),(23528,1,0,'2016-08-22','Evening',10216,10264,265),(23529,1,0,'2016-08-22','Morning',10217,10266,267),(23530,1,0,'2016-08-22','AfterNoon',10217,10266,267),(23531,1,0,'2016-08-22','Evening',10217,10266,267),(23532,1,0,'2016-08-22','Morning',10217,10267,268),(23533,1,0,'2016-08-22','AfterNoon',10217,10267,268),(23534,1,0,'2016-08-22','Evening',10217,10267,268),(23535,1,0,'2016-08-22','Morning',10217,10268,269),(23536,1,0,'2016-08-22','AfterNoon',10217,10268,269),(23537,1,0,'2016-08-22','Evening',10217,10268,269),(23538,1,0,'2016-08-22','Morning',10218,10269,270),(23539,1,0,'2016-08-22','AfterNoon',10218,10269,270),(23540,1,0,'2016-08-22','Evening',10218,10269,270),(23541,1,0,'2016-08-22','Morning',10219,10270,271),(23542,1,0,'2016-08-22','AfterNoon',10219,10270,271),(23543,1,0,'2016-08-22','Evening',10219,10270,271),(23544,1,0,'2016-08-22','Morning',10220,10271,272),(23545,1,0,'2016-08-22','AfterNoon',10220,10271,272),(23546,1,0,'2016-08-22','Evening',10220,10271,272),(23547,1,0,'2016-08-22','Morning',10221,10272,273),(23548,1,0,'2016-08-22','AfterNoon',10221,10272,273),(23549,1,0,'2016-08-22','Evening',10221,10272,273),(23550,1,0,'2016-08-22','Morning',10222,10273,274),(23551,1,0,'2016-08-22','AfterNoon',10222,10273,274),(23552,1,0,'2016-08-22','Evening',10222,10273,274),(23553,1,0,'2016-08-22','Morning',10223,10274,275),(23554,1,0,'2016-08-22','AfterNoon',10223,10274,275),(23555,1,0,'2016-08-22','Evening',10223,10274,275),(23556,1,0,'2016-08-22','Morning',10224,10275,276),(23557,1,0,'2016-08-22','AfterNoon',10224,10275,276),(23558,1,0,'2016-08-22','Evening',10224,10275,276),(23559,1,0,'2016-08-22','Morning',10225,10276,277),(23560,1,0,'2016-08-22','AfterNoon',10225,10276,277),(23561,1,0,'2016-08-22','Evening',10225,10276,277),(23562,1,0,'2016-08-22','Morning',10226,10277,278),(23563,1,0,'2016-08-22','AfterNoon',10226,10277,278),(23564,1,0,'2016-08-22','Evening',10226,10277,278),(23565,1,0,'2016-08-22','Morning',10227,10279,279),(23566,1,0,'2016-08-22','AfterNoon',10227,10279,279),(23567,1,0,'2016-08-22','Evening',10227,10279,279),(23568,1,0,'2016-08-22','Morning',10228,10280,280),(23569,1,0,'2016-08-22','AfterNoon',10228,10280,280),(23570,1,0,'2016-08-22','Evening',10228,10280,280),(23571,1,0,'2016-08-22','Morning',10229,10281,281),(23572,1,0,'2016-08-22','AfterNoon',10229,10281,281),(23573,1,0,'2016-08-22','Evening',10229,10281,281),(23574,1,0,'2016-08-22','Morning',10230,10282,282),(23575,1,0,'2016-08-22','AfterNoon',10230,10282,282),(23576,1,0,'2016-08-22','Evening',10230,10282,282),(23577,1,0,'2016-08-22','Morning',10231,10283,283),(23578,1,0,'2016-08-22','AfterNoon',10231,10283,283),(23579,1,0,'2016-08-22','Evening',10231,10283,283),(23580,1,0,'2016-08-22','Morning',10232,10284,284),(23581,1,0,'2016-08-22','AfterNoon',10232,10284,284),(23582,1,0,'2016-08-22','Evening',10232,10284,284),(23583,1,0,'2016-08-22','Morning',10233,10285,285),(23584,1,0,'2016-08-22','AfterNoon',10233,10285,285),(23585,1,0,'2016-08-22','Evening',10233,10285,285),(23586,1,0,'2016-08-22','Morning',10234,10286,286),(23587,1,0,'2016-08-22','AfterNoon',10234,10286,286),(23588,1,0,'2016-08-22','Evening',10234,10286,286),(23589,1,0,'2016-08-22','Morning',10235,10287,287),(23590,1,0,'2016-08-22','AfterNoon',10235,10287,287),(23591,1,0,'2016-08-22','Evening',10235,10287,287),(23592,1,0,'2016-08-22','Morning',10236,10288,288),(23593,1,0,'2016-08-22','AfterNoon',10236,10288,288),(23594,1,0,'2016-08-22','Evening',10236,10288,288),(23595,1,0,'2016-08-22','Morning',10237,10289,289),(23596,1,0,'2016-08-22','AfterNoon',10237,10289,289),(23597,1,0,'2016-08-22','Evening',10237,10289,289),(23598,1,0,'2016-08-22','Morning',10238,10290,290),(23599,1,0,'2016-08-22','AfterNoon',10238,10290,290),(23600,1,0,'2016-08-22','Evening',10238,10290,290),(23601,1,0,'2016-08-22','Morning',10239,10291,291),(23602,1,0,'2016-08-22','AfterNoon',10239,10291,291),(23603,1,0,'2016-08-22','Evening',10239,10291,291),(23604,1,0,'2016-08-22','Morning',10240,10292,292),(23605,1,0,'2016-08-22','AfterNoon',10240,10292,292),(23606,1,0,'2016-08-22','Evening',10240,10292,292),(23607,1,0,'2016-08-22','Morning',10241,10293,293),(23608,1,0,'2016-08-22','AfterNoon',10241,10293,293),(23609,1,0,'2016-08-22','Evening',10241,10293,293),(23610,1,0,'2016-08-22','Morning',10242,10294,294),(23611,1,0,'2016-08-22','AfterNoon',10242,10294,294),(23612,1,0,'2016-08-22','Evening',10242,10294,294),(23613,1,0,'2016-08-22','Morning',10243,10295,295),(23614,1,0,'2016-08-22','AfterNoon',10243,10295,295),(23615,1,0,'2016-08-22','Evening',10243,10295,295),(23616,1,0,'2016-08-22','Morning',10244,10296,296),(23617,1,0,'2016-08-22','AfterNoon',10244,10296,296),(23618,1,0,'2016-08-22','Evening',10244,10296,296),(23619,1,0,'2016-08-22','Morning',10245,10297,297),(23620,1,0,'2016-08-22','AfterNoon',10245,10297,297),(23621,1,0,'2016-08-22','Evening',10245,10297,297),(23622,1,0,'2016-08-22','Morning',10246,10299,299),(23623,1,0,'2016-08-22','AfterNoon',10246,10299,299),(23624,1,0,'2016-08-22','Evening',10246,10299,299),(23625,1,0,'2016-08-22','Morning',10247,10302,302),(23626,1,0,'2016-08-22','AfterNoon',10247,10302,302),(23627,1,0,'2016-08-22','Evening',10247,10302,302),(23628,1,0,'2016-08-22','Morning',10247,10303,303),(23629,1,0,'2016-08-22','AfterNoon',10247,10303,303),(23630,1,0,'2016-08-22','Evening',10247,10303,303),(23631,1,0,'2016-08-22','Morning',10248,10305,305),(23632,1,0,'2016-08-22','AfterNoon',10248,10305,305),(23633,1,0,'2016-08-22','Evening',10248,10305,305),(23634,1,0,'2016-08-22','Morning',10249,10307,307),(23635,1,0,'2016-08-22','AfterNoon',10249,10307,307),(23636,1,0,'2016-08-22','Evening',10249,10307,307),(23637,1,0,'2016-08-22','Morning',10250,10309,309),(23638,1,0,'2016-08-22','AfterNoon',10250,10309,309),(23639,1,0,'2016-08-22','Evening',10250,10309,309),(23640,1,0,'2016-08-22','Morning',10251,10312,312),(23641,1,0,'2016-08-22','AfterNoon',10251,10312,312),(23642,1,0,'2016-08-22','Evening',10251,10312,312),(23643,1,0,'2016-08-22','Morning',10252,10315,315),(23644,1,0,'2016-08-22','AfterNoon',10252,10315,315),(23645,1,0,'2016-08-22','Evening',10252,10315,315),(23646,1,0,'2016-08-22','Morning',10252,10317,317),(23647,1,0,'2016-08-22','AfterNoon',10252,10317,317),(23648,1,0,'2016-08-22','Evening',10252,10317,317),(23649,1,0,'2016-08-22','Morning',10253,10319,319),(23650,1,0,'2016-08-22','AfterNoon',10253,10319,319),(23651,1,0,'2016-08-22','Evening',10253,10319,319),(23652,1,0,'2016-08-22','Morning',10254,10321,321),(23653,1,0,'2016-08-22','AfterNoon',10254,10321,321),(23654,1,0,'2016-08-22','Evening',10254,10321,321),(23655,1,0,'2016-08-22','Morning',10255,10323,323),(23656,1,0,'2016-08-22','AfterNoon',10255,10323,323),(23657,1,0,'2016-08-22','Evening',10255,10323,323),(23658,1,0,'2016-08-22','Morning',10256,10324,324),(23659,1,0,'2016-08-22','AfterNoon',10256,10324,324),(23660,1,0,'2016-08-22','Evening',10256,10324,324),(23661,1,0,'2016-08-22','Morning',10256,10327,327),(23662,1,0,'2016-08-22','AfterNoon',10256,10327,327),(23663,1,0,'2016-08-22','Evening',10256,10327,327),(23664,1,0,'2016-08-22','Morning',10257,10329,329),(23665,1,0,'2016-08-22','AfterNoon',10257,10329,329),(23666,1,0,'2016-08-22','Evening',10257,10329,329),(23667,1,0,'2016-08-22','Morning',10215,10352,353),(23668,1,0,'2016-08-22','AfterNoon',10215,10352,353),(23669,1,0,'2016-08-22','Evening',10215,10352,353),(23670,1,0,'2016-08-22','Morning',10249,10400,401),(23671,1,0,'2016-08-22','AfterNoon',10249,10400,401),(23672,1,0,'2016-08-22','Evening',10249,10400,401),(23673,1,0,'2016-08-22','Morning',10253,10401,402),(23674,1,0,'2016-08-22','AfterNoon',10253,10401,402),(23675,1,0,'2016-08-22','Evening',10253,10401,402),(23676,1,0,'2016-08-22','Morning',10254,10402,403),(23677,1,0,'2016-08-22','AfterNoon',10254,10402,403),(23678,1,0,'2016-08-22','Evening',10254,10402,403),(23679,1,0,'2016-08-22','Morning',10255,10403,404),(23680,1,0,'2016-08-22','AfterNoon',10255,10403,404),(23681,1,0,'2016-08-22','Evening',10255,10403,404),(23682,1,0,'2016-08-22','Morning',10256,10404,405),(23683,1,0,'2016-08-22','AfterNoon',10256,10404,405),(23684,1,0,'2016-08-22','Evening',10256,10404,405),(23706,1,0,'2016-08-23','Morning',10201,10207,208),(23707,1,0,'2016-08-23','AfterNoon',10201,10207,208),(23708,1,0,'2016-08-23','Evening',10201,10207,208),(23712,1,0,'2016-08-23','Morning',10203,10213,214),(23713,1,0,'2016-08-23','AfterNoon',10203,10213,214),(23714,1,0,'2016-08-23','Evening',10203,10213,214),(23715,1,0,'2016-08-23','Morning',10203,10215,216),(23716,1,0,'2016-08-23','AfterNoon',10203,10215,216),(23717,1,0,'2016-08-23','Evening',10203,10215,216),(23727,1,0,'2016-08-23','Morning',10207,10231,232),(23728,1,0,'2016-08-23','AfterNoon',10207,10231,232),(23729,1,0,'2016-08-23','Evening',10207,10231,232),(23730,1,0,'2016-08-23','Morning',10208,10235,236),(23731,1,0,'2016-08-23','AfterNoon',10208,10235,236),(23732,1,0,'2016-08-23','Evening',10208,10235,236),(23733,1,0,'2016-08-23','Morning',10209,10239,240),(23734,1,0,'2016-08-23','AfterNoon',10209,10239,240),(23735,1,0,'2016-08-23','Evening',10209,10239,240),(23736,1,0,'2016-08-23','Morning',10210,10243,244),(23737,1,0,'2016-08-23','AfterNoon',10210,10243,244),(23738,1,0,'2016-08-23','Evening',10210,10243,244),(23739,1,0,'2016-08-23','Morning',10211,10247,248),(23740,1,0,'2016-08-23','AfterNoon',10211,10247,248),(23741,1,0,'2016-08-23','Evening',10211,10247,248),(23742,1,0,'2016-08-23','Morning',10212,10249,250),(23743,1,0,'2016-08-23','AfterNoon',10212,10249,250),(23744,1,0,'2016-08-23','Evening',10212,10249,250),(23745,1,0,'2016-08-23','Morning',10212,10251,252),(23746,1,0,'2016-08-23','AfterNoon',10212,10251,252),(23747,1,0,'2016-08-23','Evening',10212,10251,252),(23748,1,0,'2016-08-23','Morning',10213,10253,254),(23749,1,0,'2016-08-23','AfterNoon',10213,10253,254),(23750,1,0,'2016-08-23','Evening',10213,10253,254),(23751,1,0,'2016-08-23','Morning',10214,10257,258),(23752,1,0,'2016-08-23','AfterNoon',10214,10257,258),(23753,1,0,'2016-08-23','Evening',10214,10257,258),(23754,1,0,'2016-08-23','Morning',10216,10264,265),(23755,1,0,'2016-08-23','AfterNoon',10216,10264,265),(23756,1,0,'2016-08-23','Evening',10216,10264,265),(23757,1,0,'2016-08-23','Morning',10217,10266,267),(23758,1,0,'2016-08-23','AfterNoon',10217,10266,267),(23759,1,0,'2016-08-23','Evening',10217,10266,267),(23760,1,0,'2016-08-23','Morning',10217,10267,268),(23761,1,0,'2016-08-23','AfterNoon',10217,10267,268),(23762,1,0,'2016-08-23','Evening',10217,10267,268),(23763,1,0,'2016-08-23','Morning',10217,10268,269),(23764,1,0,'2016-08-23','AfterNoon',10217,10268,269),(23765,1,0,'2016-08-23','Evening',10217,10268,269),(23766,1,0,'2016-08-23','Morning',10218,10269,270),(23767,1,0,'2016-08-23','AfterNoon',10218,10269,270),(23768,1,0,'2016-08-23','Evening',10218,10269,270),(23769,1,0,'2016-08-23','Morning',10219,10270,271),(23770,1,0,'2016-08-23','AfterNoon',10219,10270,271),(23771,1,0,'2016-08-23','Evening',10219,10270,271),(23772,1,0,'2016-08-23','Morning',10220,10271,272),(23773,1,0,'2016-08-23','AfterNoon',10220,10271,272),(23774,1,0,'2016-08-23','Evening',10220,10271,272),(23775,1,0,'2016-08-23','Morning',10221,10272,273),(23776,1,0,'2016-08-23','AfterNoon',10221,10272,273),(23777,1,0,'2016-08-23','Evening',10221,10272,273),(23778,1,0,'2016-08-23','Morning',10222,10273,274),(23779,1,0,'2016-08-23','AfterNoon',10222,10273,274),(23780,1,0,'2016-08-23','Evening',10222,10273,274),(23781,1,0,'2016-08-23','Morning',10223,10274,275),(23782,1,0,'2016-08-23','AfterNoon',10223,10274,275),(23783,1,0,'2016-08-23','Evening',10223,10274,275),(23784,1,0,'2016-08-23','Morning',10224,10275,276),(23785,1,0,'2016-08-23','AfterNoon',10224,10275,276),(23786,1,0,'2016-08-23','Evening',10224,10275,276),(23787,1,0,'2016-08-23','Morning',10225,10276,277),(23788,1,0,'2016-08-23','AfterNoon',10225,10276,277),(23789,1,0,'2016-08-23','Evening',10225,10276,277),(23790,1,0,'2016-08-23','Morning',10226,10277,278),(23791,1,0,'2016-08-23','AfterNoon',10226,10277,278),(23792,1,0,'2016-08-23','Evening',10226,10277,278),(23793,1,0,'2016-08-23','Morning',10227,10279,279),(23794,1,0,'2016-08-23','AfterNoon',10227,10279,279),(23795,1,0,'2016-08-23','Evening',10227,10279,279),(23796,1,0,'2016-08-23','Morning',10228,10280,280),(23797,1,0,'2016-08-23','AfterNoon',10228,10280,280),(23798,1,0,'2016-08-23','Evening',10228,10280,280),(23799,1,0,'2016-08-23','Morning',10229,10281,281),(23800,1,0,'2016-08-23','AfterNoon',10229,10281,281),(23801,1,0,'2016-08-23','Evening',10229,10281,281),(23802,1,0,'2016-08-23','Morning',10230,10282,282),(23803,1,0,'2016-08-23','AfterNoon',10230,10282,282),(23804,1,0,'2016-08-23','Evening',10230,10282,282),(23805,1,0,'2016-08-23','Morning',10231,10283,283),(23806,1,0,'2016-08-23','AfterNoon',10231,10283,283),(23807,1,0,'2016-08-23','Evening',10231,10283,283),(23808,1,0,'2016-08-23','Morning',10232,10284,284),(23809,1,0,'2016-08-23','AfterNoon',10232,10284,284),(23810,1,0,'2016-08-23','Evening',10232,10284,284),(23811,1,0,'2016-08-23','Morning',10233,10285,285),(23812,1,0,'2016-08-23','AfterNoon',10233,10285,285),(23813,1,0,'2016-08-23','Evening',10233,10285,285),(23814,1,0,'2016-08-23','Morning',10234,10286,286),(23815,1,0,'2016-08-23','AfterNoon',10234,10286,286),(23816,1,0,'2016-08-23','Evening',10234,10286,286),(23817,1,0,'2016-08-23','Morning',10235,10287,287),(23818,1,0,'2016-08-23','AfterNoon',10235,10287,287),(23819,1,0,'2016-08-23','Evening',10235,10287,287),(23820,1,0,'2016-08-23','Morning',10236,10288,288),(23821,1,0,'2016-08-23','AfterNoon',10236,10288,288),(23822,1,0,'2016-08-23','Evening',10236,10288,288),(23823,1,0,'2016-08-23','Morning',10237,10289,289),(23824,1,0,'2016-08-23','AfterNoon',10237,10289,289),(23825,1,0,'2016-08-23','Evening',10237,10289,289),(23826,1,0,'2016-08-23','Morning',10238,10290,290),(23827,1,0,'2016-08-23','AfterNoon',10238,10290,290),(23828,1,0,'2016-08-23','Evening',10238,10290,290),(23829,1,0,'2016-08-23','Morning',10239,10291,291),(23830,1,0,'2016-08-23','AfterNoon',10239,10291,291),(23831,1,0,'2016-08-23','Evening',10239,10291,291),(23832,1,0,'2016-08-23','Morning',10240,10292,292),(23833,1,0,'2016-08-23','AfterNoon',10240,10292,292),(23834,1,0,'2016-08-23','Evening',10240,10292,292),(23835,1,0,'2016-08-23','Morning',10241,10293,293),(23836,1,0,'2016-08-23','AfterNoon',10241,10293,293),(23837,1,0,'2016-08-23','Evening',10241,10293,293),(23838,1,0,'2016-08-23','Morning',10242,10294,294),(23839,1,0,'2016-08-23','AfterNoon',10242,10294,294),(23840,1,0,'2016-08-23','Evening',10242,10294,294),(23841,1,0,'2016-08-23','Morning',10243,10295,295),(23842,1,0,'2016-08-23','AfterNoon',10243,10295,295),(23843,1,0,'2016-08-23','Evening',10243,10295,295),(23844,1,0,'2016-08-23','Morning',10244,10296,296),(23845,1,0,'2016-08-23','AfterNoon',10244,10296,296),(23846,1,0,'2016-08-23','Evening',10244,10296,296),(23847,1,0,'2016-08-23','Morning',10245,10297,297),(23848,1,0,'2016-08-23','AfterNoon',10245,10297,297),(23849,1,0,'2016-08-23','Evening',10245,10297,297),(23850,1,0,'2016-08-23','Morning',10246,10299,299),(23851,1,0,'2016-08-23','AfterNoon',10246,10299,299),(23852,1,0,'2016-08-23','Evening',10246,10299,299),(23853,1,0,'2016-08-23','Morning',10247,10302,302),(23854,1,0,'2016-08-23','AfterNoon',10247,10302,302),(23855,1,0,'2016-08-23','Evening',10247,10302,302),(23856,1,0,'2016-08-23','Morning',10247,10303,303),(23857,1,0,'2016-08-23','AfterNoon',10247,10303,303),(23858,1,0,'2016-08-23','Evening',10247,10303,303),(23859,1,0,'2016-08-23','Morning',10248,10305,305),(23860,1,0,'2016-08-23','AfterNoon',10248,10305,305),(23861,1,0,'2016-08-23','Evening',10248,10305,305),(23862,1,0,'2016-08-23','Morning',10249,10307,307),(23863,1,0,'2016-08-23','AfterNoon',10249,10307,307),(23864,1,0,'2016-08-23','Evening',10249,10307,307),(23865,1,0,'2016-08-23','Morning',10250,10309,309),(23866,1,0,'2016-08-23','AfterNoon',10250,10309,309),(23867,1,0,'2016-08-23','Evening',10250,10309,309),(23868,1,0,'2016-08-23','Morning',10251,10312,312),(23869,1,0,'2016-08-23','AfterNoon',10251,10312,312),(23870,1,0,'2016-08-23','Evening',10251,10312,312),(23871,1,0,'2016-08-23','Morning',10252,10315,315),(23872,1,0,'2016-08-23','AfterNoon',10252,10315,315),(23873,1,0,'2016-08-23','Evening',10252,10315,315),(23874,1,0,'2016-08-23','Morning',10252,10317,317),(23875,1,0,'2016-08-23','AfterNoon',10252,10317,317),(23876,1,0,'2016-08-23','Evening',10252,10317,317),(23877,1,0,'2016-08-23','Morning',10253,10319,319),(23878,1,0,'2016-08-23','AfterNoon',10253,10319,319),(23879,1,0,'2016-08-23','Evening',10253,10319,319),(23880,1,0,'2016-08-23','Morning',10254,10321,321),(23881,1,0,'2016-08-23','AfterNoon',10254,10321,321),(23882,1,0,'2016-08-23','Evening',10254,10321,321),(23883,1,0,'2016-08-23','Morning',10255,10323,323),(23884,1,0,'2016-08-23','AfterNoon',10255,10323,323),(23885,1,0,'2016-08-23','Evening',10255,10323,323),(23886,1,0,'2016-08-23','Morning',10256,10324,324),(23887,1,0,'2016-08-23','AfterNoon',10256,10324,324),(23888,1,0,'2016-08-23','Evening',10256,10324,324),(23889,1,0,'2016-08-23','Morning',10256,10327,327),(23890,1,0,'2016-08-23','AfterNoon',10256,10327,327),(23891,1,0,'2016-08-23','Evening',10256,10327,327),(23892,1,0,'2016-08-23','Morning',10257,10329,329),(23893,1,0,'2016-08-23','AfterNoon',10257,10329,329),(23894,1,0,'2016-08-23','Evening',10257,10329,329),(23895,1,0,'2016-08-23','Morning',10215,10352,353),(23896,1,0,'2016-08-23','AfterNoon',10215,10352,353),(23897,1,0,'2016-08-23','Evening',10215,10352,353),(23898,1,0,'2016-08-23','Morning',10249,10400,401),(23899,1,0,'2016-08-23','AfterNoon',10249,10400,401),(23900,1,0,'2016-08-23','Evening',10249,10400,401),(23901,1,0,'2016-08-23','Morning',10253,10401,402),(23902,1,0,'2016-08-23','AfterNoon',10253,10401,402),(23903,1,0,'2016-08-23','Evening',10253,10401,402),(23904,1,0,'2016-08-23','Morning',10254,10402,403),(23905,1,0,'2016-08-23','AfterNoon',10254,10402,403),(23906,1,0,'2016-08-23','Evening',10254,10402,403),(23907,1,0,'2016-08-23','Morning',10255,10403,404),(23908,1,0,'2016-08-23','AfterNoon',10255,10403,404),(23909,1,0,'2016-08-23','Evening',10255,10403,404),(23910,1,0,'2016-08-23','Morning',10256,10404,405),(23911,1,0,'2016-08-23','AfterNoon',10256,10404,405),(23912,1,0,'2016-08-23','Evening',10256,10404,405),(23972,1,0,'2016-08-24','Morning',10201,10207,208),(23973,1,0,'2016-08-24','AfterNoon',10201,10207,208),(23974,1,0,'2016-08-24','Evening',10201,10207,208),(23978,1,0,'2016-08-24','Morning',10203,10213,214),(23979,1,0,'2016-08-24','AfterNoon',10203,10213,214),(23980,1,0,'2016-08-24','Evening',10203,10213,214),(23981,1,0,'2016-08-24','Morning',10203,10215,216),(23982,1,0,'2016-08-24','AfterNoon',10203,10215,216),(23983,1,0,'2016-08-24','Evening',10203,10215,216),(23993,1,0,'2016-08-24','Morning',10207,10231,232),(23994,1,0,'2016-08-24','AfterNoon',10207,10231,232),(23995,1,0,'2016-08-24','Evening',10207,10231,232),(23996,1,0,'2016-08-24','Morning',10208,10235,236),(23997,1,0,'2016-08-24','AfterNoon',10208,10235,236),(23998,1,0,'2016-08-24','Evening',10208,10235,236),(23999,1,0,'2016-08-24','Morning',10209,10239,240),(24000,1,0,'2016-08-24','AfterNoon',10209,10239,240),(24001,1,0,'2016-08-24','Evening',10209,10239,240),(24002,1,0,'2016-08-24','Morning',10210,10243,244),(24003,1,0,'2016-08-24','AfterNoon',10210,10243,244),(24004,1,0,'2016-08-24','Evening',10210,10243,244),(24005,1,0,'2016-08-24','Morning',10211,10247,248),(24006,1,0,'2016-08-24','AfterNoon',10211,10247,248),(24007,1,0,'2016-08-24','Evening',10211,10247,248),(24008,1,0,'2016-08-24','Morning',10212,10249,250),(24009,1,0,'2016-08-24','AfterNoon',10212,10249,250),(24010,1,0,'2016-08-24','Evening',10212,10249,250),(24011,1,0,'2016-08-24','Morning',10212,10251,252),(24012,1,0,'2016-08-24','AfterNoon',10212,10251,252),(24013,1,0,'2016-08-24','Evening',10212,10251,252),(24014,1,0,'2016-08-24','Morning',10213,10253,254),(24015,1,0,'2016-08-24','AfterNoon',10213,10253,254),(24016,1,0,'2016-08-24','Evening',10213,10253,254),(24017,1,0,'2016-08-24','Morning',10214,10257,258),(24018,1,0,'2016-08-24','AfterNoon',10214,10257,258),(24019,1,0,'2016-08-24','Evening',10214,10257,258),(24020,1,0,'2016-08-24','Morning',10216,10264,265),(24021,1,0,'2016-08-24','AfterNoon',10216,10264,265),(24022,1,0,'2016-08-24','Evening',10216,10264,265),(24023,1,0,'2016-08-24','Morning',10217,10266,267),(24024,1,0,'2016-08-24','AfterNoon',10217,10266,267),(24025,1,0,'2016-08-24','Evening',10217,10266,267),(24026,1,0,'2016-08-24','Morning',10217,10267,268),(24027,1,0,'2016-08-24','AfterNoon',10217,10267,268),(24028,1,0,'2016-08-24','Evening',10217,10267,268),(24029,1,0,'2016-08-24','Morning',10217,10268,269),(24030,1,0,'2016-08-24','AfterNoon',10217,10268,269),(24031,1,0,'2016-08-24','Evening',10217,10268,269),(24032,1,0,'2016-08-24','Morning',10218,10269,270),(24033,1,0,'2016-08-24','AfterNoon',10218,10269,270),(24034,1,0,'2016-08-24','Evening',10218,10269,270),(24035,1,0,'2016-08-24','Morning',10219,10270,271),(24036,1,0,'2016-08-24','AfterNoon',10219,10270,271),(24037,1,0,'2016-08-24','Evening',10219,10270,271),(24038,1,0,'2016-08-24','Morning',10220,10271,272),(24039,1,0,'2016-08-24','AfterNoon',10220,10271,272),(24040,1,0,'2016-08-24','Evening',10220,10271,272),(24041,1,0,'2016-08-24','Morning',10221,10272,273),(24042,1,0,'2016-08-24','AfterNoon',10221,10272,273),(24043,1,0,'2016-08-24','Evening',10221,10272,273),(24044,1,0,'2016-08-24','Morning',10222,10273,274),(24045,1,0,'2016-08-24','AfterNoon',10222,10273,274),(24046,1,0,'2016-08-24','Evening',10222,10273,274),(24047,1,0,'2016-08-24','Morning',10223,10274,275),(24048,1,0,'2016-08-24','AfterNoon',10223,10274,275),(24049,1,0,'2016-08-24','Evening',10223,10274,275),(24050,1,0,'2016-08-24','Morning',10224,10275,276),(24051,1,0,'2016-08-24','AfterNoon',10224,10275,276),(24052,1,0,'2016-08-24','Evening',10224,10275,276),(24053,1,0,'2016-08-24','Morning',10225,10276,277),(24054,1,0,'2016-08-24','AfterNoon',10225,10276,277),(24055,1,0,'2016-08-24','Evening',10225,10276,277),(24056,1,0,'2016-08-24','Morning',10226,10277,278),(24057,1,0,'2016-08-24','AfterNoon',10226,10277,278),(24058,1,0,'2016-08-24','Evening',10226,10277,278),(24059,1,0,'2016-08-24','Morning',10227,10279,279),(24060,1,0,'2016-08-24','AfterNoon',10227,10279,279),(24061,1,0,'2016-08-24','Evening',10227,10279,279),(24062,1,0,'2016-08-24','Morning',10228,10280,280),(24063,1,0,'2016-08-24','AfterNoon',10228,10280,280),(24064,1,0,'2016-08-24','Evening',10228,10280,280),(24065,1,0,'2016-08-24','Morning',10229,10281,281),(24066,1,0,'2016-08-24','AfterNoon',10229,10281,281),(24067,1,0,'2016-08-24','Evening',10229,10281,281),(24068,1,0,'2016-08-24','Morning',10230,10282,282),(24069,1,0,'2016-08-24','AfterNoon',10230,10282,282),(24070,1,0,'2016-08-24','Evening',10230,10282,282),(24071,1,0,'2016-08-24','Morning',10231,10283,283),(24072,1,0,'2016-08-24','AfterNoon',10231,10283,283),(24073,1,0,'2016-08-24','Evening',10231,10283,283),(24074,1,0,'2016-08-24','Morning',10232,10284,284),(24075,1,0,'2016-08-24','AfterNoon',10232,10284,284),(24076,1,0,'2016-08-24','Evening',10232,10284,284),(24077,1,0,'2016-08-24','Morning',10233,10285,285),(24078,1,0,'2016-08-24','AfterNoon',10233,10285,285),(24079,1,0,'2016-08-24','Evening',10233,10285,285),(24080,1,0,'2016-08-24','Morning',10234,10286,286),(24081,1,0,'2016-08-24','AfterNoon',10234,10286,286),(24082,1,0,'2016-08-24','Evening',10234,10286,286),(24083,1,0,'2016-08-24','Morning',10235,10287,287),(24084,1,0,'2016-08-24','AfterNoon',10235,10287,287),(24085,1,0,'2016-08-24','Evening',10235,10287,287),(24086,1,0,'2016-08-24','Morning',10236,10288,288),(24087,1,0,'2016-08-24','AfterNoon',10236,10288,288),(24088,1,0,'2016-08-24','Evening',10236,10288,288),(24089,1,0,'2016-08-24','Morning',10237,10289,289),(24090,1,0,'2016-08-24','AfterNoon',10237,10289,289),(24091,1,0,'2016-08-24','Evening',10237,10289,289),(24092,1,0,'2016-08-24','Morning',10238,10290,290),(24093,1,0,'2016-08-24','AfterNoon',10238,10290,290),(24094,1,0,'2016-08-24','Evening',10238,10290,290),(24095,1,0,'2016-08-24','Morning',10239,10291,291),(24096,1,0,'2016-08-24','AfterNoon',10239,10291,291),(24097,1,0,'2016-08-24','Evening',10239,10291,291),(24098,1,0,'2016-08-24','Morning',10240,10292,292),(24099,1,0,'2016-08-24','AfterNoon',10240,10292,292),(24100,1,0,'2016-08-24','Evening',10240,10292,292),(24101,1,0,'2016-08-24','Morning',10241,10293,293),(24102,1,0,'2016-08-24','AfterNoon',10241,10293,293),(24103,1,0,'2016-08-24','Evening',10241,10293,293),(24104,1,0,'2016-08-24','Morning',10242,10294,294),(24105,1,0,'2016-08-24','AfterNoon',10242,10294,294),(24106,1,0,'2016-08-24','Evening',10242,10294,294),(24107,1,0,'2016-08-24','Morning',10243,10295,295),(24108,1,0,'2016-08-24','AfterNoon',10243,10295,295),(24109,1,0,'2016-08-24','Evening',10243,10295,295),(24110,1,0,'2016-08-24','Morning',10244,10296,296),(24111,1,0,'2016-08-24','AfterNoon',10244,10296,296),(24112,1,0,'2016-08-24','Evening',10244,10296,296),(24113,1,0,'2016-08-24','Morning',10245,10297,297),(24114,1,0,'2016-08-24','AfterNoon',10245,10297,297),(24115,1,0,'2016-08-24','Evening',10245,10297,297),(24116,1,0,'2016-08-24','Morning',10246,10299,299),(24117,1,0,'2016-08-24','AfterNoon',10246,10299,299),(24118,1,0,'2016-08-24','Evening',10246,10299,299),(24119,1,0,'2016-08-24','Morning',10247,10302,302),(24120,1,0,'2016-08-24','AfterNoon',10247,10302,302),(24121,1,0,'2016-08-24','Evening',10247,10302,302),(24122,1,0,'2016-08-24','Morning',10247,10303,303),(24123,1,0,'2016-08-24','AfterNoon',10247,10303,303),(24124,1,0,'2016-08-24','Evening',10247,10303,303),(24125,1,0,'2016-08-24','Morning',10248,10305,305),(24126,1,0,'2016-08-24','AfterNoon',10248,10305,305),(24127,1,0,'2016-08-24','Evening',10248,10305,305),(24128,1,0,'2016-08-24','Morning',10249,10307,307),(24129,1,0,'2016-08-24','AfterNoon',10249,10307,307),(24130,1,0,'2016-08-24','Evening',10249,10307,307),(24131,1,0,'2016-08-24','Morning',10250,10309,309),(24132,1,0,'2016-08-24','AfterNoon',10250,10309,309),(24133,1,0,'2016-08-24','Evening',10250,10309,309),(24134,1,0,'2016-08-24','Morning',10251,10312,312),(24135,1,0,'2016-08-24','AfterNoon',10251,10312,312),(24136,1,0,'2016-08-24','Evening',10251,10312,312),(24137,1,0,'2016-08-24','Morning',10252,10315,315),(24138,1,0,'2016-08-24','AfterNoon',10252,10315,315),(24139,1,0,'2016-08-24','Evening',10252,10315,315),(24140,1,0,'2016-08-24','Morning',10252,10317,317),(24141,1,0,'2016-08-24','AfterNoon',10252,10317,317),(24142,1,0,'2016-08-24','Evening',10252,10317,317),(24143,1,0,'2016-08-24','Morning',10253,10319,319),(24144,1,0,'2016-08-24','AfterNoon',10253,10319,319),(24145,1,0,'2016-08-24','Evening',10253,10319,319),(24146,1,0,'2016-08-24','Morning',10254,10321,321),(24147,1,0,'2016-08-24','AfterNoon',10254,10321,321),(24148,1,0,'2016-08-24','Evening',10254,10321,321),(24149,1,0,'2016-08-24','Morning',10255,10323,323),(24150,1,0,'2016-08-24','AfterNoon',10255,10323,323),(24151,1,0,'2016-08-24','Evening',10255,10323,323),(24152,1,0,'2016-08-24','Morning',10256,10324,324),(24153,1,0,'2016-08-24','AfterNoon',10256,10324,324),(24154,1,0,'2016-08-24','Evening',10256,10324,324),(24155,1,0,'2016-08-24','Morning',10256,10327,327),(24156,1,0,'2016-08-24','AfterNoon',10256,10327,327),(24157,1,0,'2016-08-24','Evening',10256,10327,327),(24158,1,0,'2016-08-24','Morning',10257,10329,329),(24159,1,0,'2016-08-24','AfterNoon',10257,10329,329),(24160,1,0,'2016-08-24','Evening',10257,10329,329),(24161,1,0,'2016-08-24','Morning',10215,10352,353),(24162,1,0,'2016-08-24','AfterNoon',10215,10352,353),(24163,1,0,'2016-08-24','Evening',10215,10352,353),(24164,1,0,'2016-08-24','Morning',10249,10400,401),(24165,1,0,'2016-08-24','AfterNoon',10249,10400,401),(24166,1,0,'2016-08-24','Evening',10249,10400,401),(24167,1,0,'2016-08-24','Morning',10253,10401,402),(24168,1,0,'2016-08-24','AfterNoon',10253,10401,402),(24169,1,0,'2016-08-24','Evening',10253,10401,402),(24170,1,0,'2016-08-24','Morning',10254,10402,403),(24171,1,0,'2016-08-24','AfterNoon',10254,10402,403),(24172,1,0,'2016-08-24','Evening',10254,10402,403),(24173,1,0,'2016-08-24','Morning',10255,10403,404),(24174,1,0,'2016-08-24','AfterNoon',10255,10403,404),(24175,1,0,'2016-08-24','Evening',10255,10403,404),(24176,1,0,'2016-08-24','Morning',10256,10404,405),(24177,1,0,'2016-08-24','AfterNoon',10256,10404,405),(24178,1,0,'2016-08-24','Evening',10256,10404,405),(24200,1,0,'2016-08-25','Morning',10201,10207,208),(24201,1,0,'2016-08-25','AfterNoon',10201,10207,208),(24202,1,0,'2016-08-25','Evening',10201,10207,208),(24206,1,0,'2016-08-25','Morning',10203,10213,214),(24207,1,0,'2016-08-25','AfterNoon',10203,10213,214),(24208,1,0,'2016-08-25','Evening',10203,10213,214),(24209,1,0,'2016-08-25','Morning',10203,10215,216),(24210,1,0,'2016-08-25','AfterNoon',10203,10215,216),(24211,1,0,'2016-08-25','Evening',10203,10215,216),(24221,1,0,'2016-08-25','Morning',10207,10231,232),(24222,1,0,'2016-08-25','AfterNoon',10207,10231,232),(24223,1,0,'2016-08-25','Evening',10207,10231,232),(24224,1,0,'2016-08-25','Morning',10208,10235,236),(24225,1,0,'2016-08-25','AfterNoon',10208,10235,236),(24226,1,0,'2016-08-25','Evening',10208,10235,236),(24227,1,0,'2016-08-25','Morning',10209,10239,240),(24228,1,0,'2016-08-25','AfterNoon',10209,10239,240),(24229,1,0,'2016-08-25','Evening',10209,10239,240),(24230,1,0,'2016-08-25','Morning',10210,10243,244),(24231,1,0,'2016-08-25','AfterNoon',10210,10243,244),(24232,1,0,'2016-08-25','Evening',10210,10243,244),(24233,1,0,'2016-08-25','Morning',10211,10247,248),(24234,1,0,'2016-08-25','AfterNoon',10211,10247,248),(24235,1,0,'2016-08-25','Evening',10211,10247,248),(24236,1,0,'2016-08-25','Morning',10212,10249,250),(24237,1,0,'2016-08-25','AfterNoon',10212,10249,250),(24238,1,0,'2016-08-25','Evening',10212,10249,250),(24239,1,0,'2016-08-25','Morning',10212,10251,252),(24240,1,0,'2016-08-25','AfterNoon',10212,10251,252),(24241,1,0,'2016-08-25','Evening',10212,10251,252),(24242,1,0,'2016-08-25','Morning',10213,10253,254),(24243,1,0,'2016-08-25','AfterNoon',10213,10253,254),(24244,1,0,'2016-08-25','Evening',10213,10253,254),(24245,1,0,'2016-08-25','Morning',10214,10257,258),(24246,1,0,'2016-08-25','AfterNoon',10214,10257,258),(24247,1,0,'2016-08-25','Evening',10214,10257,258),(24248,1,0,'2016-08-25','Morning',10216,10264,265),(24249,1,0,'2016-08-25','AfterNoon',10216,10264,265),(24250,1,0,'2016-08-25','Evening',10216,10264,265),(24251,1,0,'2016-08-25','Morning',10217,10266,267),(24252,1,0,'2016-08-25','AfterNoon',10217,10266,267),(24253,1,0,'2016-08-25','Evening',10217,10266,267),(24254,1,0,'2016-08-25','Morning',10217,10267,268),(24255,1,0,'2016-08-25','AfterNoon',10217,10267,268),(24256,1,0,'2016-08-25','Evening',10217,10267,268),(24257,1,0,'2016-08-25','Morning',10217,10268,269),(24258,1,0,'2016-08-25','AfterNoon',10217,10268,269),(24259,1,0,'2016-08-25','Evening',10217,10268,269),(24260,1,0,'2016-08-25','Morning',10218,10269,270),(24261,1,0,'2016-08-25','AfterNoon',10218,10269,270),(24262,1,0,'2016-08-25','Evening',10218,10269,270),(24263,1,0,'2016-08-25','Morning',10219,10270,271),(24264,1,0,'2016-08-25','AfterNoon',10219,10270,271),(24265,1,0,'2016-08-25','Evening',10219,10270,271),(24266,1,0,'2016-08-25','Morning',10220,10271,272),(24267,1,0,'2016-08-25','AfterNoon',10220,10271,272),(24268,1,0,'2016-08-25','Evening',10220,10271,272),(24269,1,0,'2016-08-25','Morning',10221,10272,273),(24270,1,0,'2016-08-25','AfterNoon',10221,10272,273),(24271,1,0,'2016-08-25','Evening',10221,10272,273),(24272,1,0,'2016-08-25','Morning',10222,10273,274),(24273,1,0,'2016-08-25','AfterNoon',10222,10273,274),(24274,1,0,'2016-08-25','Evening',10222,10273,274),(24275,1,0,'2016-08-25','Morning',10223,10274,275),(24276,1,0,'2016-08-25','AfterNoon',10223,10274,275),(24277,1,0,'2016-08-25','Evening',10223,10274,275),(24278,1,0,'2016-08-25','Morning',10224,10275,276),(24279,1,0,'2016-08-25','AfterNoon',10224,10275,276),(24280,1,0,'2016-08-25','Evening',10224,10275,276),(24281,1,0,'2016-08-25','Morning',10225,10276,277),(24282,1,0,'2016-08-25','AfterNoon',10225,10276,277),(24283,1,0,'2016-08-25','Evening',10225,10276,277),(24284,1,0,'2016-08-25','Morning',10226,10277,278),(24285,1,0,'2016-08-25','AfterNoon',10226,10277,278),(24286,1,0,'2016-08-25','Evening',10226,10277,278),(24287,1,0,'2016-08-25','Morning',10227,10279,279),(24288,1,0,'2016-08-25','AfterNoon',10227,10279,279),(24289,1,0,'2016-08-25','Evening',10227,10279,279),(24290,1,0,'2016-08-25','Morning',10228,10280,280),(24291,1,0,'2016-08-25','AfterNoon',10228,10280,280),(24292,1,0,'2016-08-25','Evening',10228,10280,280),(24293,1,0,'2016-08-25','Morning',10229,10281,281),(24294,1,0,'2016-08-25','AfterNoon',10229,10281,281),(24295,1,0,'2016-08-25','Evening',10229,10281,281),(24296,1,0,'2016-08-25','Morning',10230,10282,282),(24297,1,0,'2016-08-25','AfterNoon',10230,10282,282),(24298,1,0,'2016-08-25','Evening',10230,10282,282),(24299,1,0,'2016-08-25','Morning',10231,10283,283),(24300,1,0,'2016-08-25','AfterNoon',10231,10283,283),(24301,1,0,'2016-08-25','Evening',10231,10283,283),(24302,1,0,'2016-08-25','Morning',10232,10284,284),(24303,1,0,'2016-08-25','AfterNoon',10232,10284,284),(24304,1,0,'2016-08-25','Evening',10232,10284,284),(24305,1,0,'2016-08-25','Morning',10233,10285,285),(24306,1,0,'2016-08-25','AfterNoon',10233,10285,285),(24307,1,0,'2016-08-25','Evening',10233,10285,285),(24308,1,0,'2016-08-25','Morning',10234,10286,286),(24309,1,0,'2016-08-25','AfterNoon',10234,10286,286),(24310,1,0,'2016-08-25','Evening',10234,10286,286),(24311,1,0,'2016-08-25','Morning',10235,10287,287),(24312,1,0,'2016-08-25','AfterNoon',10235,10287,287),(24313,1,0,'2016-08-25','Evening',10235,10287,287),(24314,1,0,'2016-08-25','Morning',10236,10288,288),(24315,1,0,'2016-08-25','AfterNoon',10236,10288,288),(24316,1,0,'2016-08-25','Evening',10236,10288,288),(24317,1,0,'2016-08-25','Morning',10237,10289,289),(24318,1,0,'2016-08-25','AfterNoon',10237,10289,289),(24319,1,0,'2016-08-25','Evening',10237,10289,289),(24320,1,0,'2016-08-25','Morning',10238,10290,290),(24321,1,0,'2016-08-25','AfterNoon',10238,10290,290),(24322,1,0,'2016-08-25','Evening',10238,10290,290),(24323,1,0,'2016-08-25','Morning',10239,10291,291),(24324,1,0,'2016-08-25','AfterNoon',10239,10291,291),(24325,1,0,'2016-08-25','Evening',10239,10291,291),(24326,1,0,'2016-08-25','Morning',10240,10292,292),(24327,1,0,'2016-08-25','AfterNoon',10240,10292,292),(24328,1,0,'2016-08-25','Evening',10240,10292,292),(24329,1,0,'2016-08-25','Morning',10241,10293,293),(24330,1,0,'2016-08-25','AfterNoon',10241,10293,293),(24331,1,0,'2016-08-25','Evening',10241,10293,293),(24332,1,0,'2016-08-25','Morning',10242,10294,294),(24333,1,0,'2016-08-25','AfterNoon',10242,10294,294),(24334,1,0,'2016-08-25','Evening',10242,10294,294),(24335,1,0,'2016-08-25','Morning',10243,10295,295),(24336,1,0,'2016-08-25','AfterNoon',10243,10295,295),(24337,1,0,'2016-08-25','Evening',10243,10295,295),(24338,1,0,'2016-08-25','Morning',10244,10296,296),(24339,1,0,'2016-08-25','AfterNoon',10244,10296,296),(24340,1,0,'2016-08-25','Evening',10244,10296,296),(24341,1,0,'2016-08-25','Morning',10245,10297,297),(24342,1,0,'2016-08-25','AfterNoon',10245,10297,297),(24343,1,0,'2016-08-25','Evening',10245,10297,297),(24344,1,0,'2016-08-25','Morning',10246,10299,299),(24345,1,0,'2016-08-25','AfterNoon',10246,10299,299),(24346,1,0,'2016-08-25','Evening',10246,10299,299),(24347,1,0,'2016-08-25','Morning',10247,10302,302),(24348,1,0,'2016-08-25','AfterNoon',10247,10302,302),(24349,1,0,'2016-08-25','Evening',10247,10302,302),(24350,1,0,'2016-08-25','Morning',10247,10303,303),(24351,1,0,'2016-08-25','AfterNoon',10247,10303,303),(24352,1,0,'2016-08-25','Evening',10247,10303,303),(24353,1,0,'2016-08-25','Morning',10248,10305,305),(24354,1,0,'2016-08-25','AfterNoon',10248,10305,305),(24355,1,0,'2016-08-25','Evening',10248,10305,305),(24356,1,0,'2016-08-25','Morning',10249,10307,307),(24357,1,0,'2016-08-25','AfterNoon',10249,10307,307),(24358,1,0,'2016-08-25','Evening',10249,10307,307),(24359,1,0,'2016-08-25','Morning',10250,10309,309),(24360,1,0,'2016-08-25','AfterNoon',10250,10309,309),(24361,1,0,'2016-08-25','Evening',10250,10309,309),(24362,1,0,'2016-08-25','Morning',10251,10312,312),(24363,1,0,'2016-08-25','AfterNoon',10251,10312,312),(24364,1,0,'2016-08-25','Evening',10251,10312,312),(24365,1,0,'2016-08-25','Morning',10252,10315,315),(24366,1,0,'2016-08-25','AfterNoon',10252,10315,315),(24367,1,0,'2016-08-25','Evening',10252,10315,315),(24368,1,0,'2016-08-25','Morning',10252,10317,317),(24369,1,0,'2016-08-25','AfterNoon',10252,10317,317),(24370,1,0,'2016-08-25','Evening',10252,10317,317),(24371,1,0,'2016-08-25','Morning',10253,10319,319),(24372,1,0,'2016-08-25','AfterNoon',10253,10319,319),(24373,1,0,'2016-08-25','Evening',10253,10319,319),(24374,1,0,'2016-08-25','Morning',10254,10321,321),(24375,1,0,'2016-08-25','AfterNoon',10254,10321,321),(24376,1,0,'2016-08-25','Evening',10254,10321,321),(24377,1,0,'2016-08-25','Morning',10255,10323,323),(24378,1,0,'2016-08-25','AfterNoon',10255,10323,323),(24379,1,0,'2016-08-25','Evening',10255,10323,323),(24380,1,0,'2016-08-25','Morning',10256,10324,324),(24381,1,0,'2016-08-25','AfterNoon',10256,10324,324),(24382,1,0,'2016-08-25','Evening',10256,10324,324),(24383,1,0,'2016-08-25','Morning',10256,10327,327),(24384,1,0,'2016-08-25','AfterNoon',10256,10327,327),(24385,1,0,'2016-08-25','Evening',10256,10327,327),(24386,1,0,'2016-08-25','Morning',10257,10329,329),(24387,1,0,'2016-08-25','AfterNoon',10257,10329,329),(24388,1,0,'2016-08-25','Evening',10257,10329,329),(24389,1,0,'2016-08-25','Morning',10215,10352,353),(24390,1,0,'2016-08-25','AfterNoon',10215,10352,353),(24391,1,0,'2016-08-25','Evening',10215,10352,353),(24392,1,0,'2016-08-25','Morning',10249,10400,401),(24393,1,0,'2016-08-25','AfterNoon',10249,10400,401),(24394,1,0,'2016-08-25','Evening',10249,10400,401),(24395,1,0,'2016-08-25','Morning',10253,10401,402),(24396,1,0,'2016-08-25','AfterNoon',10253,10401,402),(24397,1,0,'2016-08-25','Evening',10253,10401,402),(24398,1,0,'2016-08-25','Morning',10254,10402,403),(24399,1,0,'2016-08-25','AfterNoon',10254,10402,403),(24400,1,0,'2016-08-25','Evening',10254,10402,403),(24401,1,0,'2016-08-25','Morning',10255,10403,404),(24402,1,0,'2016-08-25','AfterNoon',10255,10403,404),(24403,1,0,'2016-08-25','Evening',10255,10403,404),(24404,1,0,'2016-08-25','Morning',10256,10404,405),(24405,1,0,'2016-08-25','AfterNoon',10256,10404,405),(24406,1,0,'2016-08-25','Evening',10256,10404,405),(24428,1,0,'2016-08-26','Morning',10201,10207,208),(24429,1,0,'2016-08-26','AfterNoon',10201,10207,208),(24430,1,0,'2016-08-26','Evening',10201,10207,208),(24434,1,0,'2016-08-26','Morning',10203,10213,214),(24435,1,0,'2016-08-26','AfterNoon',10203,10213,214),(24436,1,0,'2016-08-26','Evening',10203,10213,214),(24437,1,0,'2016-08-26','Morning',10203,10215,216),(24438,1,0,'2016-08-26','AfterNoon',10203,10215,216),(24439,1,0,'2016-08-26','Evening',10203,10215,216),(24449,1,0,'2016-08-26','Morning',10207,10231,232),(24450,1,0,'2016-08-26','AfterNoon',10207,10231,232),(24451,1,0,'2016-08-26','Evening',10207,10231,232),(24452,1,0,'2016-08-26','Morning',10208,10235,236),(24453,1,0,'2016-08-26','AfterNoon',10208,10235,236),(24454,1,0,'2016-08-26','Evening',10208,10235,236),(24455,1,0,'2016-08-26','Morning',10209,10239,240),(24456,1,0,'2016-08-26','AfterNoon',10209,10239,240),(24457,1,0,'2016-08-26','Evening',10209,10239,240),(24458,1,0,'2016-08-26','Morning',10210,10243,244),(24459,1,0,'2016-08-26','AfterNoon',10210,10243,244),(24460,1,0,'2016-08-26','Evening',10210,10243,244),(24461,1,0,'2016-08-26','Morning',10211,10247,248),(24462,1,0,'2016-08-26','AfterNoon',10211,10247,248),(24463,1,0,'2016-08-26','Evening',10211,10247,248),(24464,1,0,'2016-08-26','Morning',10212,10249,250),(24465,1,0,'2016-08-26','AfterNoon',10212,10249,250),(24466,1,0,'2016-08-26','Evening',10212,10249,250),(24467,1,0,'2016-08-26','Morning',10212,10251,252),(24468,1,0,'2016-08-26','AfterNoon',10212,10251,252),(24469,1,0,'2016-08-26','Evening',10212,10251,252),(24470,1,0,'2016-08-26','Morning',10213,10253,254),(24471,1,0,'2016-08-26','AfterNoon',10213,10253,254),(24472,1,0,'2016-08-26','Evening',10213,10253,254),(24473,1,0,'2016-08-26','Morning',10214,10257,258),(24474,1,0,'2016-08-26','AfterNoon',10214,10257,258),(24475,1,0,'2016-08-26','Evening',10214,10257,258),(24476,1,0,'2016-08-26','Morning',10216,10264,265),(24477,1,0,'2016-08-26','AfterNoon',10216,10264,265),(24478,1,0,'2016-08-26','Evening',10216,10264,265),(24479,1,0,'2016-08-26','Morning',10217,10266,267),(24480,1,0,'2016-08-26','AfterNoon',10217,10266,267),(24481,1,0,'2016-08-26','Evening',10217,10266,267),(24482,1,0,'2016-08-26','Morning',10217,10267,268),(24483,1,0,'2016-08-26','AfterNoon',10217,10267,268),(24484,1,0,'2016-08-26','Evening',10217,10267,268),(24485,1,0,'2016-08-26','Morning',10217,10268,269),(24486,1,0,'2016-08-26','AfterNoon',10217,10268,269),(24487,1,0,'2016-08-26','Evening',10217,10268,269),(24488,1,0,'2016-08-26','Morning',10218,10269,270),(24489,1,0,'2016-08-26','AfterNoon',10218,10269,270),(24490,1,0,'2016-08-26','Evening',10218,10269,270),(24491,1,0,'2016-08-26','Morning',10219,10270,271),(24492,1,0,'2016-08-26','AfterNoon',10219,10270,271),(24493,1,0,'2016-08-26','Evening',10219,10270,271),(24494,1,0,'2016-08-26','Morning',10220,10271,272),(24495,1,0,'2016-08-26','AfterNoon',10220,10271,272),(24496,1,0,'2016-08-26','Evening',10220,10271,272),(24497,1,0,'2016-08-26','Morning',10221,10272,273),(24498,1,0,'2016-08-26','AfterNoon',10221,10272,273),(24499,1,0,'2016-08-26','Evening',10221,10272,273),(24500,1,0,'2016-08-26','Morning',10222,10273,274),(24501,1,0,'2016-08-26','AfterNoon',10222,10273,274),(24502,1,0,'2016-08-26','Evening',10222,10273,274),(24503,1,0,'2016-08-26','Morning',10223,10274,275),(24504,1,0,'2016-08-26','AfterNoon',10223,10274,275),(24505,1,0,'2016-08-26','Evening',10223,10274,275),(24506,1,0,'2016-08-26','Morning',10224,10275,276),(24507,1,0,'2016-08-26','AfterNoon',10224,10275,276),(24508,1,0,'2016-08-26','Evening',10224,10275,276),(24509,1,0,'2016-08-26','Morning',10225,10276,277),(24510,1,0,'2016-08-26','AfterNoon',10225,10276,277),(24511,1,0,'2016-08-26','Evening',10225,10276,277),(24512,1,0,'2016-08-26','Morning',10226,10277,278),(24513,1,0,'2016-08-26','AfterNoon',10226,10277,278),(24514,1,0,'2016-08-26','Evening',10226,10277,278),(24515,1,0,'2016-08-26','Morning',10227,10279,279),(24516,1,0,'2016-08-26','AfterNoon',10227,10279,279),(24517,1,0,'2016-08-26','Evening',10227,10279,279),(24518,1,0,'2016-08-26','Morning',10228,10280,280),(24519,1,0,'2016-08-26','AfterNoon',10228,10280,280),(24520,1,0,'2016-08-26','Evening',10228,10280,280),(24521,1,0,'2016-08-26','Morning',10229,10281,281),(24522,1,0,'2016-08-26','AfterNoon',10229,10281,281),(24523,1,0,'2016-08-26','Evening',10229,10281,281),(24524,1,0,'2016-08-26','Morning',10230,10282,282),(24525,1,0,'2016-08-26','AfterNoon',10230,10282,282),(24526,1,0,'2016-08-26','Evening',10230,10282,282),(24527,1,0,'2016-08-26','Morning',10231,10283,283),(24528,1,0,'2016-08-26','AfterNoon',10231,10283,283),(24529,1,0,'2016-08-26','Evening',10231,10283,283),(24530,1,0,'2016-08-26','Morning',10232,10284,284),(24531,1,0,'2016-08-26','AfterNoon',10232,10284,284),(24532,1,0,'2016-08-26','Evening',10232,10284,284),(24533,1,0,'2016-08-26','Morning',10233,10285,285),(24534,1,0,'2016-08-26','AfterNoon',10233,10285,285),(24535,1,0,'2016-08-26','Evening',10233,10285,285),(24536,1,0,'2016-08-26','Morning',10234,10286,286),(24537,1,0,'2016-08-26','AfterNoon',10234,10286,286),(24538,1,0,'2016-08-26','Evening',10234,10286,286),(24539,1,0,'2016-08-26','Morning',10235,10287,287),(24540,1,0,'2016-08-26','AfterNoon',10235,10287,287),(24541,1,0,'2016-08-26','Evening',10235,10287,287),(24542,1,0,'2016-08-26','Morning',10236,10288,288),(24543,1,0,'2016-08-26','AfterNoon',10236,10288,288),(24544,1,0,'2016-08-26','Evening',10236,10288,288),(24545,1,0,'2016-08-26','Morning',10237,10289,289),(24546,1,0,'2016-08-26','AfterNoon',10237,10289,289),(24547,1,0,'2016-08-26','Evening',10237,10289,289),(24548,1,0,'2016-08-26','Morning',10238,10290,290),(24549,1,0,'2016-08-26','AfterNoon',10238,10290,290),(24550,1,0,'2016-08-26','Evening',10238,10290,290),(24551,1,0,'2016-08-26','Morning',10239,10291,291),(24552,1,0,'2016-08-26','AfterNoon',10239,10291,291),(24553,1,0,'2016-08-26','Evening',10239,10291,291),(24554,1,0,'2016-08-26','Morning',10240,10292,292),(24555,1,0,'2016-08-26','AfterNoon',10240,10292,292),(24556,1,0,'2016-08-26','Evening',10240,10292,292),(24557,1,0,'2016-08-26','Morning',10241,10293,293),(24558,1,0,'2016-08-26','AfterNoon',10241,10293,293),(24559,1,0,'2016-08-26','Evening',10241,10293,293),(24560,1,0,'2016-08-26','Morning',10242,10294,294),(24561,1,0,'2016-08-26','AfterNoon',10242,10294,294),(24562,1,0,'2016-08-26','Evening',10242,10294,294),(24563,1,0,'2016-08-26','Morning',10243,10295,295),(24564,1,0,'2016-08-26','AfterNoon',10243,10295,295),(24565,1,0,'2016-08-26','Evening',10243,10295,295),(24566,1,0,'2016-08-26','Morning',10244,10296,296),(24567,1,0,'2016-08-26','AfterNoon',10244,10296,296),(24568,1,0,'2016-08-26','Evening',10244,10296,296),(24569,1,0,'2016-08-26','Morning',10245,10297,297),(24570,1,0,'2016-08-26','AfterNoon',10245,10297,297),(24571,1,0,'2016-08-26','Evening',10245,10297,297),(24572,1,0,'2016-08-26','Morning',10246,10299,299),(24573,1,0,'2016-08-26','AfterNoon',10246,10299,299),(24574,1,0,'2016-08-26','Evening',10246,10299,299),(24575,1,0,'2016-08-26','Morning',10247,10302,302),(24576,1,0,'2016-08-26','AfterNoon',10247,10302,302),(24577,1,0,'2016-08-26','Evening',10247,10302,302),(24578,1,0,'2016-08-26','Morning',10247,10303,303),(24579,1,0,'2016-08-26','AfterNoon',10247,10303,303),(24580,1,0,'2016-08-26','Evening',10247,10303,303),(24581,1,0,'2016-08-26','Morning',10248,10305,305),(24582,1,0,'2016-08-26','AfterNoon',10248,10305,305),(24583,1,0,'2016-08-26','Evening',10248,10305,305),(24584,1,0,'2016-08-26','Morning',10249,10307,307),(24585,1,0,'2016-08-26','AfterNoon',10249,10307,307),(24586,1,0,'2016-08-26','Evening',10249,10307,307),(24587,1,0,'2016-08-26','Morning',10250,10309,309),(24588,1,0,'2016-08-26','AfterNoon',10250,10309,309),(24589,1,0,'2016-08-26','Evening',10250,10309,309),(24590,1,0,'2016-08-26','Morning',10251,10312,312),(24591,1,0,'2016-08-26','AfterNoon',10251,10312,312),(24592,1,0,'2016-08-26','Evening',10251,10312,312),(24593,1,0,'2016-08-26','Morning',10252,10315,315),(24594,1,0,'2016-08-26','AfterNoon',10252,10315,315),(24595,1,0,'2016-08-26','Evening',10252,10315,315),(24596,1,0,'2016-08-26','Morning',10252,10317,317),(24597,1,0,'2016-08-26','AfterNoon',10252,10317,317),(24598,1,0,'2016-08-26','Evening',10252,10317,317),(24599,1,0,'2016-08-26','Morning',10253,10319,319),(24600,1,0,'2016-08-26','AfterNoon',10253,10319,319),(24601,1,0,'2016-08-26','Evening',10253,10319,319),(24602,1,0,'2016-08-26','Morning',10254,10321,321),(24603,1,0,'2016-08-26','AfterNoon',10254,10321,321),(24604,1,0,'2016-08-26','Evening',10254,10321,321),(24605,1,0,'2016-08-26','Morning',10255,10323,323),(24606,1,0,'2016-08-26','AfterNoon',10255,10323,323),(24607,1,0,'2016-08-26','Evening',10255,10323,323),(24608,1,0,'2016-08-26','Morning',10256,10324,324),(24609,1,0,'2016-08-26','AfterNoon',10256,10324,324),(24610,1,0,'2016-08-26','Evening',10256,10324,324),(24611,1,0,'2016-08-26','Morning',10256,10327,327),(24612,1,0,'2016-08-26','AfterNoon',10256,10327,327),(24613,1,0,'2016-08-26','Evening',10256,10327,327),(24614,1,0,'2016-08-26','Morning',10257,10329,329),(24615,1,0,'2016-08-26','AfterNoon',10257,10329,329),(24616,1,0,'2016-08-26','Evening',10257,10329,329),(24617,1,0,'2016-08-26','Morning',10215,10352,353),(24618,1,0,'2016-08-26','AfterNoon',10215,10352,353),(24619,1,0,'2016-08-26','Evening',10215,10352,353),(24620,1,0,'2016-08-26','Morning',10249,10400,401),(24621,1,0,'2016-08-26','AfterNoon',10249,10400,401),(24622,1,0,'2016-08-26','Evening',10249,10400,401),(24623,1,0,'2016-08-26','Morning',10253,10401,402),(24624,1,0,'2016-08-26','AfterNoon',10253,10401,402),(24625,1,0,'2016-08-26','Evening',10253,10401,402),(24626,1,0,'2016-08-26','Morning',10254,10402,403),(24627,1,0,'2016-08-26','AfterNoon',10254,10402,403),(24628,1,0,'2016-08-26','Evening',10254,10402,403),(24629,1,0,'2016-08-26','Morning',10255,10403,404),(24630,1,0,'2016-08-26','AfterNoon',10255,10403,404),(24631,1,0,'2016-08-26','Evening',10255,10403,404),(24632,1,0,'2016-08-26','Morning',10256,10404,405),(24633,1,0,'2016-08-26','AfterNoon',10256,10404,405),(24634,1,0,'2016-08-26','Evening',10256,10404,405),(24656,1,0,'2016-08-27','Morning',10201,10207,208),(24657,1,0,'2016-08-27','AfterNoon',10201,10207,208),(24658,1,0,'2016-08-27','Evening',10201,10207,208),(24662,1,0,'2016-08-27','Morning',10203,10213,214),(24663,1,0,'2016-08-27','AfterNoon',10203,10213,214),(24664,1,0,'2016-08-27','Evening',10203,10213,214),(24665,1,0,'2016-08-27','Morning',10203,10215,216),(24666,1,0,'2016-08-27','AfterNoon',10203,10215,216),(24667,1,0,'2016-08-27','Evening',10203,10215,216),(24677,1,0,'2016-08-27','Morning',10207,10231,232),(24678,1,0,'2016-08-27','AfterNoon',10207,10231,232),(24679,1,0,'2016-08-27','Evening',10207,10231,232),(24680,1,0,'2016-08-27','Morning',10208,10235,236),(24681,1,0,'2016-08-27','AfterNoon',10208,10235,236),(24682,1,0,'2016-08-27','Evening',10208,10235,236),(24683,1,0,'2016-08-27','Morning',10209,10239,240),(24684,1,0,'2016-08-27','AfterNoon',10209,10239,240),(24685,1,0,'2016-08-27','Evening',10209,10239,240),(24686,1,0,'2016-08-27','Morning',10210,10243,244),(24687,1,0,'2016-08-27','AfterNoon',10210,10243,244),(24688,1,0,'2016-08-27','Evening',10210,10243,244),(24689,1,0,'2016-08-27','Morning',10211,10247,248),(24690,1,0,'2016-08-27','AfterNoon',10211,10247,248),(24691,1,0,'2016-08-27','Evening',10211,10247,248),(24692,1,0,'2016-08-27','Morning',10212,10249,250),(24693,1,0,'2016-08-27','AfterNoon',10212,10249,250),(24694,1,0,'2016-08-27','Evening',10212,10249,250),(24695,1,0,'2016-08-27','Morning',10212,10251,252),(24696,1,0,'2016-08-27','AfterNoon',10212,10251,252),(24697,1,0,'2016-08-27','Evening',10212,10251,252),(24698,1,0,'2016-08-27','Morning',10213,10253,254),(24699,1,0,'2016-08-27','AfterNoon',10213,10253,254),(24700,1,0,'2016-08-27','Evening',10213,10253,254),(24701,1,0,'2016-08-27','Morning',10214,10257,258),(24702,1,0,'2016-08-27','AfterNoon',10214,10257,258),(24703,1,0,'2016-08-27','Evening',10214,10257,258),(24704,1,0,'2016-08-27','Morning',10216,10264,265),(24705,1,0,'2016-08-27','AfterNoon',10216,10264,265),(24706,1,0,'2016-08-27','Evening',10216,10264,265),(24707,1,0,'2016-08-27','Morning',10217,10266,267),(24708,1,0,'2016-08-27','AfterNoon',10217,10266,267),(24709,1,0,'2016-08-27','Evening',10217,10266,267),(24710,1,0,'2016-08-27','Morning',10217,10267,268),(24711,1,0,'2016-08-27','AfterNoon',10217,10267,268),(24712,1,0,'2016-08-27','Evening',10217,10267,268),(24713,1,0,'2016-08-27','Morning',10217,10268,269),(24714,1,0,'2016-08-27','AfterNoon',10217,10268,269),(24715,1,0,'2016-08-27','Evening',10217,10268,269),(24716,1,0,'2016-08-27','Morning',10218,10269,270),(24717,1,0,'2016-08-27','AfterNoon',10218,10269,270),(24718,1,0,'2016-08-27','Evening',10218,10269,270),(24719,1,0,'2016-08-27','Morning',10219,10270,271),(24720,1,0,'2016-08-27','AfterNoon',10219,10270,271),(24721,1,0,'2016-08-27','Evening',10219,10270,271),(24722,1,0,'2016-08-27','Morning',10220,10271,272),(24723,1,0,'2016-08-27','AfterNoon',10220,10271,272),(24724,1,0,'2016-08-27','Evening',10220,10271,272),(24725,1,0,'2016-08-27','Morning',10221,10272,273),(24726,1,0,'2016-08-27','AfterNoon',10221,10272,273),(24727,1,0,'2016-08-27','Evening',10221,10272,273),(24728,1,0,'2016-08-27','Morning',10222,10273,274),(24729,1,0,'2016-08-27','AfterNoon',10222,10273,274),(24730,1,0,'2016-08-27','Evening',10222,10273,274),(24731,1,0,'2016-08-27','Morning',10223,10274,275),(24732,1,0,'2016-08-27','AfterNoon',10223,10274,275),(24733,1,0,'2016-08-27','Evening',10223,10274,275),(24734,1,0,'2016-08-27','Morning',10224,10275,276),(24735,1,0,'2016-08-27','AfterNoon',10224,10275,276),(24736,1,0,'2016-08-27','Evening',10224,10275,276),(24737,1,0,'2016-08-27','Morning',10225,10276,277),(24738,1,0,'2016-08-27','AfterNoon',10225,10276,277),(24739,1,0,'2016-08-27','Evening',10225,10276,277),(24740,1,0,'2016-08-27','Morning',10226,10277,278),(24741,1,0,'2016-08-27','AfterNoon',10226,10277,278),(24742,1,0,'2016-08-27','Evening',10226,10277,278),(24743,1,0,'2016-08-27','Morning',10227,10279,279),(24744,1,0,'2016-08-27','AfterNoon',10227,10279,279),(24745,1,0,'2016-08-27','Evening',10227,10279,279),(24746,1,0,'2016-08-27','Morning',10228,10280,280),(24747,1,0,'2016-08-27','AfterNoon',10228,10280,280),(24748,1,0,'2016-08-27','Evening',10228,10280,280),(24749,1,0,'2016-08-27','Morning',10229,10281,281),(24750,1,0,'2016-08-27','AfterNoon',10229,10281,281),(24751,1,0,'2016-08-27','Evening',10229,10281,281),(24752,1,0,'2016-08-27','Morning',10230,10282,282),(24753,1,0,'2016-08-27','AfterNoon',10230,10282,282),(24754,1,0,'2016-08-27','Evening',10230,10282,282),(24755,1,0,'2016-08-27','Morning',10231,10283,283),(24756,1,0,'2016-08-27','AfterNoon',10231,10283,283),(24757,1,0,'2016-08-27','Evening',10231,10283,283),(24758,1,0,'2016-08-27','Morning',10232,10284,284),(24759,1,0,'2016-08-27','AfterNoon',10232,10284,284),(24760,1,0,'2016-08-27','Evening',10232,10284,284),(24761,1,0,'2016-08-27','Morning',10233,10285,285),(24762,1,0,'2016-08-27','AfterNoon',10233,10285,285),(24763,1,0,'2016-08-27','Evening',10233,10285,285),(24764,1,0,'2016-08-27','Morning',10234,10286,286),(24765,1,0,'2016-08-27','AfterNoon',10234,10286,286),(24766,1,0,'2016-08-27','Evening',10234,10286,286),(24767,1,0,'2016-08-27','Morning',10235,10287,287),(24768,1,0,'2016-08-27','AfterNoon',10235,10287,287),(24769,1,0,'2016-08-27','Evening',10235,10287,287),(24770,1,0,'2016-08-27','Morning',10236,10288,288),(24771,1,0,'2016-08-27','AfterNoon',10236,10288,288),(24772,1,0,'2016-08-27','Evening',10236,10288,288),(24773,1,0,'2016-08-27','Morning',10237,10289,289),(24774,1,0,'2016-08-27','AfterNoon',10237,10289,289),(24775,1,0,'2016-08-27','Evening',10237,10289,289),(24776,1,0,'2016-08-27','Morning',10238,10290,290),(24777,1,0,'2016-08-27','AfterNoon',10238,10290,290),(24778,1,0,'2016-08-27','Evening',10238,10290,290),(24779,1,0,'2016-08-27','Morning',10239,10291,291),(24780,1,0,'2016-08-27','AfterNoon',10239,10291,291),(24781,1,0,'2016-08-27','Evening',10239,10291,291),(24782,1,0,'2016-08-27','Morning',10240,10292,292),(24783,1,0,'2016-08-27','AfterNoon',10240,10292,292),(24784,1,0,'2016-08-27','Evening',10240,10292,292),(24785,1,0,'2016-08-27','Morning',10241,10293,293),(24786,1,0,'2016-08-27','AfterNoon',10241,10293,293),(24787,1,0,'2016-08-27','Evening',10241,10293,293),(24788,1,0,'2016-08-27','Morning',10242,10294,294),(24789,1,0,'2016-08-27','AfterNoon',10242,10294,294),(24790,1,0,'2016-08-27','Evening',10242,10294,294),(24791,1,0,'2016-08-27','Morning',10243,10295,295),(24792,1,0,'2016-08-27','AfterNoon',10243,10295,295),(24793,1,0,'2016-08-27','Evening',10243,10295,295),(24794,1,0,'2016-08-27','Morning',10244,10296,296),(24795,1,0,'2016-08-27','AfterNoon',10244,10296,296),(24796,1,0,'2016-08-27','Evening',10244,10296,296),(24797,1,0,'2016-08-27','Morning',10245,10297,297),(24798,1,0,'2016-08-27','AfterNoon',10245,10297,297),(24799,1,0,'2016-08-27','Evening',10245,10297,297),(24800,1,0,'2016-08-27','Morning',10246,10299,299),(24801,1,0,'2016-08-27','AfterNoon',10246,10299,299),(24802,1,0,'2016-08-27','Evening',10246,10299,299),(24803,1,0,'2016-08-27','Morning',10247,10302,302),(24804,1,0,'2016-08-27','AfterNoon',10247,10302,302),(24805,1,0,'2016-08-27','Evening',10247,10302,302),(24806,1,0,'2016-08-27','Morning',10247,10303,303),(24807,1,0,'2016-08-27','AfterNoon',10247,10303,303),(24808,1,0,'2016-08-27','Evening',10247,10303,303),(24809,1,0,'2016-08-27','Morning',10248,10305,305),(24810,1,0,'2016-08-27','AfterNoon',10248,10305,305),(24811,1,0,'2016-08-27','Evening',10248,10305,305),(24812,1,0,'2016-08-27','Morning',10249,10307,307),(24813,1,0,'2016-08-27','AfterNoon',10249,10307,307),(24814,1,0,'2016-08-27','Evening',10249,10307,307),(24815,1,0,'2016-08-27','Morning',10250,10309,309),(24816,1,0,'2016-08-27','AfterNoon',10250,10309,309),(24817,1,0,'2016-08-27','Evening',10250,10309,309),(24818,1,0,'2016-08-27','Morning',10251,10312,312),(24819,1,0,'2016-08-27','AfterNoon',10251,10312,312),(24820,1,0,'2016-08-27','Evening',10251,10312,312),(24821,1,0,'2016-08-27','Morning',10252,10315,315),(24822,1,0,'2016-08-27','AfterNoon',10252,10315,315),(24823,1,0,'2016-08-27','Evening',10252,10315,315),(24824,1,0,'2016-08-27','Morning',10252,10317,317),(24825,1,0,'2016-08-27','AfterNoon',10252,10317,317),(24826,1,0,'2016-08-27','Evening',10252,10317,317),(24827,1,0,'2016-08-27','Morning',10253,10319,319),(24828,1,0,'2016-08-27','AfterNoon',10253,10319,319),(24829,1,0,'2016-08-27','Evening',10253,10319,319),(24830,1,0,'2016-08-27','Morning',10254,10321,321),(24831,1,0,'2016-08-27','AfterNoon',10254,10321,321),(24832,1,0,'2016-08-27','Evening',10254,10321,321),(24833,1,0,'2016-08-27','Morning',10255,10323,323),(24834,1,0,'2016-08-27','AfterNoon',10255,10323,323),(24835,1,0,'2016-08-27','Evening',10255,10323,323),(24836,1,0,'2016-08-27','Morning',10256,10324,324),(24837,1,0,'2016-08-27','AfterNoon',10256,10324,324),(24838,1,0,'2016-08-27','Evening',10256,10324,324),(24839,1,0,'2016-08-27','Morning',10256,10327,327),(24840,1,0,'2016-08-27','AfterNoon',10256,10327,327),(24841,1,0,'2016-08-27','Evening',10256,10327,327),(24842,1,0,'2016-08-27','Morning',10257,10329,329),(24843,1,0,'2016-08-27','AfterNoon',10257,10329,329),(24844,1,0,'2016-08-27','Evening',10257,10329,329),(24845,1,0,'2016-08-27','Morning',10215,10352,353),(24846,1,0,'2016-08-27','AfterNoon',10215,10352,353),(24847,1,0,'2016-08-27','Evening',10215,10352,353),(24848,1,0,'2016-08-27','Morning',10249,10400,401),(24849,1,0,'2016-08-27','AfterNoon',10249,10400,401),(24850,1,0,'2016-08-27','Evening',10249,10400,401),(24851,1,0,'2016-08-27','Morning',10253,10401,402),(24852,1,0,'2016-08-27','AfterNoon',10253,10401,402),(24853,1,0,'2016-08-27','Evening',10253,10401,402),(24854,1,0,'2016-08-27','Morning',10254,10402,403),(24855,1,0,'2016-08-27','AfterNoon',10254,10402,403),(24856,1,0,'2016-08-27','Evening',10254,10402,403),(24857,1,0,'2016-08-27','Morning',10255,10403,404),(24858,1,0,'2016-08-27','AfterNoon',10255,10403,404),(24859,1,0,'2016-08-27','Evening',10255,10403,404),(24860,1,0,'2016-08-27','Morning',10256,10404,405),(24861,1,0,'2016-08-27','AfterNoon',10256,10404,405),(24862,1,0,'2016-08-27','Evening',10256,10404,405),(24884,1,0,'2016-08-28','Morning',10201,10207,208),(24885,1,0,'2016-08-28','AfterNoon',10201,10207,208),(24886,1,0,'2016-08-28','Evening',10201,10207,208),(24890,1,0,'2016-08-28','Morning',10203,10213,214),(24891,1,0,'2016-08-28','AfterNoon',10203,10213,214),(24892,1,0,'2016-08-28','Evening',10203,10213,214),(24893,1,0,'2016-08-28','Morning',10203,10215,216),(24894,1,0,'2016-08-28','AfterNoon',10203,10215,216),(24895,1,0,'2016-08-28','Evening',10203,10215,216),(24905,1,0,'2016-08-28','Morning',10207,10231,232),(24906,1,0,'2016-08-28','AfterNoon',10207,10231,232),(24907,1,0,'2016-08-28','Evening',10207,10231,232),(24908,1,0,'2016-08-28','Morning',10208,10235,236),(24909,1,0,'2016-08-28','AfterNoon',10208,10235,236),(24910,1,0,'2016-08-28','Evening',10208,10235,236),(24911,1,0,'2016-08-28','Morning',10209,10239,240),(24912,1,0,'2016-08-28','AfterNoon',10209,10239,240),(24913,1,0,'2016-08-28','Evening',10209,10239,240),(24914,1,0,'2016-08-28','Morning',10210,10243,244),(24915,1,0,'2016-08-28','AfterNoon',10210,10243,244),(24916,1,0,'2016-08-28','Evening',10210,10243,244),(24917,1,0,'2016-08-28','Morning',10211,10247,248),(24918,1,0,'2016-08-28','AfterNoon',10211,10247,248),(24919,1,0,'2016-08-28','Evening',10211,10247,248),(24920,1,0,'2016-08-28','Morning',10212,10249,250),(24921,1,0,'2016-08-28','AfterNoon',10212,10249,250),(24922,1,0,'2016-08-28','Evening',10212,10249,250),(24923,1,0,'2016-08-28','Morning',10212,10251,252),(24924,1,0,'2016-08-28','AfterNoon',10212,10251,252),(24925,1,0,'2016-08-28','Evening',10212,10251,252),(24926,1,0,'2016-08-28','Morning',10213,10253,254),(24927,1,0,'2016-08-28','AfterNoon',10213,10253,254),(24928,1,0,'2016-08-28','Evening',10213,10253,254),(24929,1,0,'2016-08-28','Morning',10214,10257,258),(24930,1,0,'2016-08-28','AfterNoon',10214,10257,258),(24931,1,0,'2016-08-28','Evening',10214,10257,258),(24932,1,0,'2016-08-28','Morning',10216,10264,265),(24933,1,0,'2016-08-28','AfterNoon',10216,10264,265),(24934,1,0,'2016-08-28','Evening',10216,10264,265),(24935,1,0,'2016-08-28','Morning',10217,10266,267),(24936,1,0,'2016-08-28','AfterNoon',10217,10266,267),(24937,1,0,'2016-08-28','Evening',10217,10266,267),(24938,1,0,'2016-08-28','Morning',10217,10267,268),(24939,1,0,'2016-08-28','AfterNoon',10217,10267,268),(24940,1,0,'2016-08-28','Evening',10217,10267,268),(24941,1,0,'2016-08-28','Morning',10217,10268,269),(24942,1,0,'2016-08-28','AfterNoon',10217,10268,269),(24943,1,0,'2016-08-28','Evening',10217,10268,269),(24944,1,0,'2016-08-28','Morning',10218,10269,270),(24945,1,0,'2016-08-28','AfterNoon',10218,10269,270),(24946,1,0,'2016-08-28','Evening',10218,10269,270),(24947,1,0,'2016-08-28','Morning',10219,10270,271),(24948,1,0,'2016-08-28','AfterNoon',10219,10270,271),(24949,1,0,'2016-08-28','Evening',10219,10270,271),(24950,1,0,'2016-08-28','Morning',10220,10271,272),(24951,1,0,'2016-08-28','AfterNoon',10220,10271,272),(24952,1,0,'2016-08-28','Evening',10220,10271,272),(24953,1,0,'2016-08-28','Morning',10221,10272,273),(24954,1,0,'2016-08-28','AfterNoon',10221,10272,273),(24955,1,0,'2016-08-28','Evening',10221,10272,273),(24956,1,0,'2016-08-28','Morning',10222,10273,274),(24957,1,0,'2016-08-28','AfterNoon',10222,10273,274),(24958,1,0,'2016-08-28','Evening',10222,10273,274),(24959,1,0,'2016-08-28','Morning',10223,10274,275),(24960,1,0,'2016-08-28','AfterNoon',10223,10274,275),(24961,1,0,'2016-08-28','Evening',10223,10274,275),(24962,1,0,'2016-08-28','Morning',10224,10275,276),(24963,1,0,'2016-08-28','AfterNoon',10224,10275,276),(24964,1,0,'2016-08-28','Evening',10224,10275,276),(24965,1,0,'2016-08-28','Morning',10225,10276,277),(24966,1,0,'2016-08-28','AfterNoon',10225,10276,277),(24967,1,0,'2016-08-28','Evening',10225,10276,277),(24968,1,0,'2016-08-28','Morning',10226,10277,278),(24969,1,0,'2016-08-28','AfterNoon',10226,10277,278),(24970,1,0,'2016-08-28','Evening',10226,10277,278),(24971,1,0,'2016-08-28','Morning',10227,10279,279),(24972,1,0,'2016-08-28','AfterNoon',10227,10279,279),(24973,1,0,'2016-08-28','Evening',10227,10279,279),(24974,1,0,'2016-08-28','Morning',10228,10280,280),(24975,1,0,'2016-08-28','AfterNoon',10228,10280,280),(24976,1,0,'2016-08-28','Evening',10228,10280,280),(24977,1,0,'2016-08-28','Morning',10229,10281,281),(24978,1,0,'2016-08-28','AfterNoon',10229,10281,281),(24979,1,0,'2016-08-28','Evening',10229,10281,281),(24980,1,0,'2016-08-28','Morning',10230,10282,282),(24981,1,0,'2016-08-28','AfterNoon',10230,10282,282),(24982,1,0,'2016-08-28','Evening',10230,10282,282),(24983,1,0,'2016-08-28','Morning',10231,10283,283),(24984,1,0,'2016-08-28','AfterNoon',10231,10283,283),(24985,1,0,'2016-08-28','Evening',10231,10283,283),(24986,1,0,'2016-08-28','Morning',10232,10284,284),(24987,1,0,'2016-08-28','AfterNoon',10232,10284,284),(24988,1,0,'2016-08-28','Evening',10232,10284,284),(24989,1,0,'2016-08-28','Morning',10233,10285,285),(24990,1,0,'2016-08-28','AfterNoon',10233,10285,285),(24991,1,0,'2016-08-28','Evening',10233,10285,285),(24992,1,0,'2016-08-28','Morning',10234,10286,286),(24993,1,0,'2016-08-28','AfterNoon',10234,10286,286),(24994,1,0,'2016-08-28','Evening',10234,10286,286),(24995,1,0,'2016-08-28','Morning',10235,10287,287),(24996,1,0,'2016-08-28','AfterNoon',10235,10287,287),(24997,1,0,'2016-08-28','Evening',10235,10287,287),(24998,1,0,'2016-08-28','Morning',10236,10288,288),(24999,1,0,'2016-08-28','AfterNoon',10236,10288,288),(25000,1,0,'2016-08-28','Evening',10236,10288,288),(25001,1,0,'2016-08-28','Morning',10237,10289,289),(25002,1,0,'2016-08-28','AfterNoon',10237,10289,289),(25003,1,0,'2016-08-28','Evening',10237,10289,289),(25004,1,0,'2016-08-28','Morning',10238,10290,290),(25005,1,0,'2016-08-28','AfterNoon',10238,10290,290),(25006,1,0,'2016-08-28','Evening',10238,10290,290),(25007,1,0,'2016-08-28','Morning',10239,10291,291),(25008,1,0,'2016-08-28','AfterNoon',10239,10291,291),(25009,1,0,'2016-08-28','Evening',10239,10291,291),(25010,1,0,'2016-08-28','Morning',10240,10292,292),(25011,1,0,'2016-08-28','AfterNoon',10240,10292,292),(25012,1,0,'2016-08-28','Evening',10240,10292,292),(25013,1,0,'2016-08-28','Morning',10241,10293,293),(25014,1,0,'2016-08-28','AfterNoon',10241,10293,293),(25015,1,0,'2016-08-28','Evening',10241,10293,293),(25016,1,0,'2016-08-28','Morning',10242,10294,294),(25017,1,0,'2016-08-28','AfterNoon',10242,10294,294),(25018,1,0,'2016-08-28','Evening',10242,10294,294),(25019,1,0,'2016-08-28','Morning',10243,10295,295),(25020,1,0,'2016-08-28','AfterNoon',10243,10295,295),(25021,1,0,'2016-08-28','Evening',10243,10295,295),(25022,1,0,'2016-08-28','Morning',10244,10296,296),(25023,1,0,'2016-08-28','AfterNoon',10244,10296,296),(25024,1,0,'2016-08-28','Evening',10244,10296,296),(25025,1,0,'2016-08-28','Morning',10245,10297,297),(25026,1,0,'2016-08-28','AfterNoon',10245,10297,297),(25027,1,0,'2016-08-28','Evening',10245,10297,297),(25028,1,0,'2016-08-28','Morning',10246,10299,299),(25029,1,0,'2016-08-28','AfterNoon',10246,10299,299),(25030,1,0,'2016-08-28','Evening',10246,10299,299),(25031,1,0,'2016-08-28','Morning',10247,10302,302),(25032,1,0,'2016-08-28','AfterNoon',10247,10302,302),(25033,1,0,'2016-08-28','Evening',10247,10302,302),(25034,1,0,'2016-08-28','Morning',10247,10303,303),(25035,1,0,'2016-08-28','AfterNoon',10247,10303,303),(25036,1,0,'2016-08-28','Evening',10247,10303,303),(25037,1,0,'2016-08-28','Morning',10248,10305,305),(25038,1,0,'2016-08-28','AfterNoon',10248,10305,305),(25039,1,0,'2016-08-28','Evening',10248,10305,305),(25040,1,0,'2016-08-28','Morning',10249,10307,307),(25041,1,0,'2016-08-28','AfterNoon',10249,10307,307),(25042,1,0,'2016-08-28','Evening',10249,10307,307),(25043,1,0,'2016-08-28','Morning',10250,10309,309),(25044,1,0,'2016-08-28','AfterNoon',10250,10309,309),(25045,1,0,'2016-08-28','Evening',10250,10309,309),(25046,1,0,'2016-08-28','Morning',10251,10312,312),(25047,1,0,'2016-08-28','AfterNoon',10251,10312,312),(25048,1,0,'2016-08-28','Evening',10251,10312,312),(25049,1,0,'2016-08-28','Morning',10252,10315,315),(25050,1,0,'2016-08-28','AfterNoon',10252,10315,315),(25051,1,0,'2016-08-28','Evening',10252,10315,315),(25052,1,0,'2016-08-28','Morning',10252,10317,317),(25053,1,0,'2016-08-28','AfterNoon',10252,10317,317),(25054,1,0,'2016-08-28','Evening',10252,10317,317),(25055,1,0,'2016-08-28','Morning',10253,10319,319),(25056,1,0,'2016-08-28','AfterNoon',10253,10319,319),(25057,1,0,'2016-08-28','Evening',10253,10319,319),(25058,1,0,'2016-08-28','Morning',10254,10321,321),(25059,1,0,'2016-08-28','AfterNoon',10254,10321,321),(25060,1,0,'2016-08-28','Evening',10254,10321,321),(25061,1,0,'2016-08-28','Morning',10255,10323,323),(25062,1,0,'2016-08-28','AfterNoon',10255,10323,323),(25063,1,0,'2016-08-28','Evening',10255,10323,323),(25064,1,0,'2016-08-28','Morning',10256,10324,324),(25065,1,0,'2016-08-28','AfterNoon',10256,10324,324),(25066,1,0,'2016-08-28','Evening',10256,10324,324),(25067,1,0,'2016-08-28','Morning',10256,10327,327),(25068,1,0,'2016-08-28','AfterNoon',10256,10327,327),(25069,1,0,'2016-08-28','Evening',10256,10327,327),(25070,1,0,'2016-08-28','Morning',10257,10329,329),(25071,1,0,'2016-08-28','AfterNoon',10257,10329,329),(25072,1,0,'2016-08-28','Evening',10257,10329,329),(25073,1,0,'2016-08-28','Morning',10215,10352,353),(25074,1,0,'2016-08-28','AfterNoon',10215,10352,353),(25075,1,0,'2016-08-28','Evening',10215,10352,353),(25076,1,0,'2016-08-28','Morning',10249,10400,401),(25077,1,0,'2016-08-28','AfterNoon',10249,10400,401),(25078,1,0,'2016-08-28','Evening',10249,10400,401),(25079,1,0,'2016-08-28','Morning',10253,10401,402),(25080,1,0,'2016-08-28','AfterNoon',10253,10401,402),(25081,1,0,'2016-08-28','Evening',10253,10401,402),(25082,1,0,'2016-08-28','Morning',10254,10402,403),(25083,1,0,'2016-08-28','AfterNoon',10254,10402,403),(25084,1,0,'2016-08-28','Evening',10254,10402,403),(25085,1,0,'2016-08-28','Morning',10255,10403,404),(25086,1,0,'2016-08-28','AfterNoon',10255,10403,404),(25087,1,0,'2016-08-28','Evening',10255,10403,404),(25088,1,0,'2016-08-28','Morning',10256,10404,405),(25089,1,0,'2016-08-28','AfterNoon',10256,10404,405),(25090,1,0,'2016-08-28','Evening',10256,10404,405),(25122,1,0,'2016-08-29','Morning',10201,10207,208),(25123,1,0,'2016-08-29','AfterNoon',10201,10207,208),(25124,1,0,'2016-08-29','Evening',10201,10207,208),(25128,1,0,'2016-08-29','Morning',10203,10213,214),(25129,1,0,'2016-08-29','AfterNoon',10203,10213,214),(25130,1,0,'2016-08-29','Evening',10203,10213,214),(25131,1,0,'2016-08-29','Morning',10203,10215,216),(25132,1,0,'2016-08-29','AfterNoon',10203,10215,216),(25133,1,0,'2016-08-29','Evening',10203,10215,216),(25143,1,0,'2016-08-29','Morning',10207,10231,232),(25144,1,0,'2016-08-29','AfterNoon',10207,10231,232),(25145,1,0,'2016-08-29','Evening',10207,10231,232),(25146,1,0,'2016-08-29','Morning',10208,10235,236),(25147,1,0,'2016-08-29','AfterNoon',10208,10235,236),(25148,1,0,'2016-08-29','Evening',10208,10235,236),(25149,1,0,'2016-08-29','Morning',10209,10239,240),(25150,1,0,'2016-08-29','AfterNoon',10209,10239,240),(25151,1,0,'2016-08-29','Evening',10209,10239,240),(25152,1,0,'2016-08-29','Morning',10210,10243,244),(25153,1,0,'2016-08-29','AfterNoon',10210,10243,244),(25154,1,0,'2016-08-29','Evening',10210,10243,244),(25155,1,0,'2016-08-29','Morning',10211,10247,248),(25156,1,0,'2016-08-29','AfterNoon',10211,10247,248),(25157,1,0,'2016-08-29','Evening',10211,10247,248),(25158,1,0,'2016-08-29','Morning',10212,10249,250),(25159,1,0,'2016-08-29','AfterNoon',10212,10249,250),(25160,1,0,'2016-08-29','Evening',10212,10249,250),(25161,1,0,'2016-08-29','Morning',10212,10251,252),(25162,1,0,'2016-08-29','AfterNoon',10212,10251,252),(25163,1,0,'2016-08-29','Evening',10212,10251,252),(25164,1,0,'2016-08-29','Morning',10213,10253,254),(25165,1,0,'2016-08-29','AfterNoon',10213,10253,254),(25166,1,0,'2016-08-29','Evening',10213,10253,254),(25167,1,0,'2016-08-29','Morning',10214,10257,258),(25168,1,0,'2016-08-29','AfterNoon',10214,10257,258),(25169,1,0,'2016-08-29','Evening',10214,10257,258),(25170,1,0,'2016-08-29','Morning',10216,10264,265),(25171,1,0,'2016-08-29','AfterNoon',10216,10264,265),(25172,1,0,'2016-08-29','Evening',10216,10264,265),(25173,1,0,'2016-08-29','Morning',10217,10266,267),(25174,1,0,'2016-08-29','AfterNoon',10217,10266,267),(25175,1,0,'2016-08-29','Evening',10217,10266,267),(25176,1,0,'2016-08-29','Morning',10217,10267,268),(25177,1,0,'2016-08-29','AfterNoon',10217,10267,268),(25178,1,0,'2016-08-29','Evening',10217,10267,268),(25179,1,0,'2016-08-29','Morning',10217,10268,269),(25180,1,0,'2016-08-29','AfterNoon',10217,10268,269),(25181,1,0,'2016-08-29','Evening',10217,10268,269),(25182,1,0,'2016-08-29','Morning',10218,10269,270),(25183,1,0,'2016-08-29','AfterNoon',10218,10269,270),(25184,1,0,'2016-08-29','Evening',10218,10269,270),(25185,1,0,'2016-08-29','Morning',10219,10270,271),(25186,1,0,'2016-08-29','AfterNoon',10219,10270,271),(25187,1,0,'2016-08-29','Evening',10219,10270,271),(25188,1,0,'2016-08-29','Morning',10220,10271,272),(25189,1,0,'2016-08-29','AfterNoon',10220,10271,272),(25190,1,0,'2016-08-29','Evening',10220,10271,272),(25191,1,0,'2016-08-29','Morning',10221,10272,273),(25192,1,0,'2016-08-29','AfterNoon',10221,10272,273),(25193,1,0,'2016-08-29','Evening',10221,10272,273),(25194,1,0,'2016-08-29','Morning',10222,10273,274),(25195,1,0,'2016-08-29','AfterNoon',10222,10273,274),(25196,1,0,'2016-08-29','Evening',10222,10273,274),(25197,1,0,'2016-08-29','Morning',10223,10274,275),(25198,1,0,'2016-08-29','AfterNoon',10223,10274,275),(25199,1,0,'2016-08-29','Evening',10223,10274,275),(25200,1,0,'2016-08-29','Morning',10224,10275,276),(25201,1,0,'2016-08-29','AfterNoon',10224,10275,276),(25202,1,0,'2016-08-29','Evening',10224,10275,276),(25203,1,0,'2016-08-29','Morning',10225,10276,277),(25204,1,0,'2016-08-29','AfterNoon',10225,10276,277),(25205,1,0,'2016-08-29','Evening',10225,10276,277),(25206,1,0,'2016-08-29','Morning',10226,10277,278),(25207,1,0,'2016-08-29','AfterNoon',10226,10277,278),(25208,1,0,'2016-08-29','Evening',10226,10277,278),(25209,1,0,'2016-08-29','Morning',10227,10279,279),(25210,1,0,'2016-08-29','AfterNoon',10227,10279,279),(25211,1,0,'2016-08-29','Evening',10227,10279,279),(25212,1,0,'2016-08-29','Morning',10228,10280,280),(25213,1,0,'2016-08-29','AfterNoon',10228,10280,280),(25214,1,0,'2016-08-29','Evening',10228,10280,280),(25215,1,0,'2016-08-29','Morning',10229,10281,281),(25216,1,0,'2016-08-29','AfterNoon',10229,10281,281),(25217,1,0,'2016-08-29','Evening',10229,10281,281),(25218,1,0,'2016-08-29','Morning',10230,10282,282),(25219,1,0,'2016-08-29','AfterNoon',10230,10282,282),(25220,1,0,'2016-08-29','Evening',10230,10282,282),(25221,1,0,'2016-08-29','Morning',10231,10283,283),(25222,1,0,'2016-08-29','AfterNoon',10231,10283,283),(25223,1,0,'2016-08-29','Evening',10231,10283,283),(25224,1,0,'2016-08-29','Morning',10232,10284,284),(25225,1,0,'2016-08-29','AfterNoon',10232,10284,284),(25226,1,0,'2016-08-29','Evening',10232,10284,284),(25227,1,0,'2016-08-29','Morning',10233,10285,285),(25228,1,0,'2016-08-29','AfterNoon',10233,10285,285),(25229,1,0,'2016-08-29','Evening',10233,10285,285),(25230,1,0,'2016-08-29','Morning',10234,10286,286),(25231,1,0,'2016-08-29','AfterNoon',10234,10286,286),(25232,1,0,'2016-08-29','Evening',10234,10286,286),(25233,1,0,'2016-08-29','Morning',10235,10287,287),(25234,1,0,'2016-08-29','AfterNoon',10235,10287,287),(25235,1,0,'2016-08-29','Evening',10235,10287,287),(25236,1,0,'2016-08-29','Morning',10236,10288,288),(25237,1,0,'2016-08-29','AfterNoon',10236,10288,288),(25238,1,0,'2016-08-29','Evening',10236,10288,288),(25239,1,0,'2016-08-29','Morning',10237,10289,289),(25240,1,0,'2016-08-29','AfterNoon',10237,10289,289),(25241,1,0,'2016-08-29','Evening',10237,10289,289),(25242,1,0,'2016-08-29','Morning',10238,10290,290),(25243,1,0,'2016-08-29','AfterNoon',10238,10290,290),(25244,1,0,'2016-08-29','Evening',10238,10290,290),(25245,1,0,'2016-08-29','Morning',10239,10291,291),(25246,1,0,'2016-08-29','AfterNoon',10239,10291,291),(25247,1,0,'2016-08-29','Evening',10239,10291,291),(25248,1,0,'2016-08-29','Morning',10240,10292,292),(25249,1,0,'2016-08-29','AfterNoon',10240,10292,292),(25250,1,0,'2016-08-29','Evening',10240,10292,292),(25251,1,0,'2016-08-29','Morning',10241,10293,293),(25252,1,0,'2016-08-29','AfterNoon',10241,10293,293),(25253,1,0,'2016-08-29','Evening',10241,10293,293),(25254,1,0,'2016-08-29','Morning',10242,10294,294),(25255,1,0,'2016-08-29','AfterNoon',10242,10294,294),(25256,1,0,'2016-08-29','Evening',10242,10294,294),(25257,1,0,'2016-08-29','Morning',10243,10295,295),(25258,1,0,'2016-08-29','AfterNoon',10243,10295,295),(25259,1,0,'2016-08-29','Evening',10243,10295,295),(25260,1,0,'2016-08-29','Morning',10244,10296,296),(25261,1,0,'2016-08-29','AfterNoon',10244,10296,296),(25262,1,0,'2016-08-29','Evening',10244,10296,296),(25263,1,0,'2016-08-29','Morning',10245,10297,297),(25264,1,0,'2016-08-29','AfterNoon',10245,10297,297),(25265,1,0,'2016-08-29','Evening',10245,10297,297),(25266,1,0,'2016-08-29','Morning',10246,10299,299),(25267,1,0,'2016-08-29','AfterNoon',10246,10299,299),(25268,1,0,'2016-08-29','Evening',10246,10299,299),(25269,1,0,'2016-08-29','Morning',10247,10302,302),(25270,1,0,'2016-08-29','AfterNoon',10247,10302,302),(25271,1,0,'2016-08-29','Evening',10247,10302,302),(25272,1,0,'2016-08-29','Morning',10247,10303,303),(25273,1,0,'2016-08-29','AfterNoon',10247,10303,303),(25274,1,0,'2016-08-29','Evening',10247,10303,303),(25275,1,0,'2016-08-29','Morning',10248,10305,305),(25276,1,0,'2016-08-29','AfterNoon',10248,10305,305),(25277,1,0,'2016-08-29','Evening',10248,10305,305),(25278,1,0,'2016-08-29','Morning',10249,10307,307),(25279,1,0,'2016-08-29','AfterNoon',10249,10307,307),(25280,1,0,'2016-08-29','Evening',10249,10307,307),(25281,1,0,'2016-08-29','Morning',10250,10309,309),(25282,1,0,'2016-08-29','AfterNoon',10250,10309,309),(25283,1,0,'2016-08-29','Evening',10250,10309,309),(25284,1,0,'2016-08-29','Morning',10251,10312,312),(25285,1,0,'2016-08-29','AfterNoon',10251,10312,312),(25286,1,0,'2016-08-29','Evening',10251,10312,312),(25287,1,0,'2016-08-29','Morning',10252,10315,315),(25288,1,0,'2016-08-29','AfterNoon',10252,10315,315),(25289,1,0,'2016-08-29','Evening',10252,10315,315),(25290,1,0,'2016-08-29','Morning',10252,10317,317),(25291,1,0,'2016-08-29','AfterNoon',10252,10317,317),(25292,1,0,'2016-08-29','Evening',10252,10317,317),(25293,1,0,'2016-08-29','Morning',10253,10319,319),(25294,1,0,'2016-08-29','AfterNoon',10253,10319,319),(25295,1,0,'2016-08-29','Evening',10253,10319,319),(25296,1,0,'2016-08-29','Morning',10254,10321,321),(25297,1,0,'2016-08-29','AfterNoon',10254,10321,321),(25298,1,0,'2016-08-29','Evening',10254,10321,321),(25299,1,0,'2016-08-29','Morning',10255,10323,323),(25300,1,0,'2016-08-29','AfterNoon',10255,10323,323),(25301,1,0,'2016-08-29','Evening',10255,10323,323),(25302,1,0,'2016-08-29','Morning',10256,10324,324),(25303,1,0,'2016-08-29','AfterNoon',10256,10324,324),(25304,1,0,'2016-08-29','Evening',10256,10324,324),(25305,1,0,'2016-08-29','Morning',10256,10327,327),(25306,1,0,'2016-08-29','AfterNoon',10256,10327,327),(25307,1,0,'2016-08-29','Evening',10256,10327,327),(25308,1,0,'2016-08-29','Morning',10257,10329,329),(25309,1,0,'2016-08-29','AfterNoon',10257,10329,329),(25310,1,0,'2016-08-29','Evening',10257,10329,329),(25311,1,0,'2016-08-29','Morning',10215,10352,353),(25312,1,0,'2016-08-29','AfterNoon',10215,10352,353),(25313,1,0,'2016-08-29','Evening',10215,10352,353),(25314,1,0,'2016-08-29','Morning',10249,10400,401),(25315,1,0,'2016-08-29','AfterNoon',10249,10400,401),(25316,1,0,'2016-08-29','Evening',10249,10400,401),(25317,1,0,'2016-08-29','Morning',10253,10401,402),(25318,1,0,'2016-08-29','AfterNoon',10253,10401,402),(25319,1,0,'2016-08-29','Evening',10253,10401,402),(25320,1,0,'2016-08-29','Morning',10254,10402,403),(25321,1,0,'2016-08-29','AfterNoon',10254,10402,403),(25322,1,0,'2016-08-29','Evening',10254,10402,403),(25323,1,0,'2016-08-29','Morning',10255,10403,404),(25324,1,0,'2016-08-29','AfterNoon',10255,10403,404),(25325,1,0,'2016-08-29','Evening',10255,10403,404),(25326,1,0,'2016-08-29','Morning',10256,10404,405),(25327,1,0,'2016-08-29','AfterNoon',10256,10404,405),(25328,1,0,'2016-08-29','Evening',10256,10404,405),(25350,1,0,'2016-08-30','Morning',10201,10207,208),(25351,1,0,'2016-08-30','AfterNoon',10201,10207,208),(25352,1,0,'2016-08-30','Evening',10201,10207,208),(25356,1,0,'2016-08-30','Morning',10203,10213,214),(25357,1,0,'2016-08-30','AfterNoon',10203,10213,214),(25358,1,0,'2016-08-30','Evening',10203,10213,214),(25359,1,0,'2016-08-30','Morning',10203,10215,216),(25360,1,0,'2016-08-30','AfterNoon',10203,10215,216),(25361,1,0,'2016-08-30','Evening',10203,10215,216),(25371,1,0,'2016-08-30','Morning',10207,10231,232),(25372,1,0,'2016-08-30','AfterNoon',10207,10231,232),(25373,1,0,'2016-08-30','Evening',10207,10231,232),(25374,1,0,'2016-08-30','Morning',10208,10235,236),(25375,1,0,'2016-08-30','AfterNoon',10208,10235,236),(25376,1,0,'2016-08-30','Evening',10208,10235,236),(25377,1,0,'2016-08-30','Morning',10209,10239,240),(25378,1,0,'2016-08-30','AfterNoon',10209,10239,240),(25379,1,0,'2016-08-30','Evening',10209,10239,240),(25380,1,0,'2016-08-30','Morning',10210,10243,244),(25381,1,0,'2016-08-30','AfterNoon',10210,10243,244),(25382,1,0,'2016-08-30','Evening',10210,10243,244),(25383,1,0,'2016-08-30','Morning',10211,10247,248),(25384,1,0,'2016-08-30','AfterNoon',10211,10247,248),(25385,1,0,'2016-08-30','Evening',10211,10247,248),(25386,1,0,'2016-08-30','Morning',10212,10249,250),(25387,1,0,'2016-08-30','AfterNoon',10212,10249,250),(25388,1,0,'2016-08-30','Evening',10212,10249,250),(25389,1,0,'2016-08-30','Morning',10212,10251,252),(25390,1,0,'2016-08-30','AfterNoon',10212,10251,252),(25391,1,0,'2016-08-30','Evening',10212,10251,252),(25392,1,0,'2016-08-30','Morning',10213,10253,254),(25393,1,0,'2016-08-30','AfterNoon',10213,10253,254),(25394,1,0,'2016-08-30','Evening',10213,10253,254),(25395,1,0,'2016-08-30','Morning',10214,10257,258),(25396,1,0,'2016-08-30','AfterNoon',10214,10257,258),(25397,1,0,'2016-08-30','Evening',10214,10257,258),(25398,1,0,'2016-08-30','Morning',10216,10264,265),(25399,1,0,'2016-08-30','AfterNoon',10216,10264,265),(25400,1,0,'2016-08-30','Evening',10216,10264,265),(25401,1,0,'2016-08-30','Morning',10217,10266,267),(25402,1,0,'2016-08-30','AfterNoon',10217,10266,267),(25403,1,0,'2016-08-30','Evening',10217,10266,267),(25404,1,0,'2016-08-30','Morning',10217,10267,268),(25405,1,0,'2016-08-30','AfterNoon',10217,10267,268),(25406,1,0,'2016-08-30','Evening',10217,10267,268),(25407,1,0,'2016-08-30','Morning',10217,10268,269),(25408,1,0,'2016-08-30','AfterNoon',10217,10268,269),(25409,1,0,'2016-08-30','Evening',10217,10268,269),(25410,1,0,'2016-08-30','Morning',10218,10269,270),(25411,1,0,'2016-08-30','AfterNoon',10218,10269,270),(25412,1,0,'2016-08-30','Evening',10218,10269,270),(25413,1,0,'2016-08-30','Morning',10219,10270,271),(25414,1,0,'2016-08-30','AfterNoon',10219,10270,271),(25415,1,0,'2016-08-30','Evening',10219,10270,271),(25416,1,0,'2016-08-30','Morning',10220,10271,272),(25417,1,0,'2016-08-30','AfterNoon',10220,10271,272),(25418,1,0,'2016-08-30','Evening',10220,10271,272),(25419,1,0,'2016-08-30','Morning',10221,10272,273),(25420,1,0,'2016-08-30','AfterNoon',10221,10272,273),(25421,1,0,'2016-08-30','Evening',10221,10272,273),(25422,1,0,'2016-08-30','Morning',10222,10273,274),(25423,1,0,'2016-08-30','AfterNoon',10222,10273,274),(25424,1,0,'2016-08-30','Evening',10222,10273,274),(25425,1,0,'2016-08-30','Morning',10223,10274,275),(25426,1,0,'2016-08-30','AfterNoon',10223,10274,275),(25427,1,0,'2016-08-30','Evening',10223,10274,275),(25428,1,0,'2016-08-30','Morning',10224,10275,276),(25429,1,0,'2016-08-30','AfterNoon',10224,10275,276),(25430,1,0,'2016-08-30','Evening',10224,10275,276),(25431,1,0,'2016-08-30','Morning',10225,10276,277),(25432,1,0,'2016-08-30','AfterNoon',10225,10276,277),(25433,1,0,'2016-08-30','Evening',10225,10276,277),(25434,1,0,'2016-08-30','Morning',10226,10277,278),(25435,1,0,'2016-08-30','AfterNoon',10226,10277,278),(25436,1,0,'2016-08-30','Evening',10226,10277,278),(25437,1,0,'2016-08-30','Morning',10227,10279,279),(25438,1,0,'2016-08-30','AfterNoon',10227,10279,279),(25439,1,0,'2016-08-30','Evening',10227,10279,279),(25440,1,0,'2016-08-30','Morning',10228,10280,280),(25441,1,0,'2016-08-30','AfterNoon',10228,10280,280),(25442,1,0,'2016-08-30','Evening',10228,10280,280),(25443,1,0,'2016-08-30','Morning',10229,10281,281),(25444,1,0,'2016-08-30','AfterNoon',10229,10281,281),(25445,1,0,'2016-08-30','Evening',10229,10281,281),(25446,1,0,'2016-08-30','Morning',10230,10282,282),(25447,1,0,'2016-08-30','AfterNoon',10230,10282,282),(25448,1,0,'2016-08-30','Evening',10230,10282,282),(25449,1,0,'2016-08-30','Morning',10231,10283,283),(25450,1,0,'2016-08-30','AfterNoon',10231,10283,283),(25451,1,0,'2016-08-30','Evening',10231,10283,283),(25452,1,0,'2016-08-30','Morning',10232,10284,284),(25453,1,0,'2016-08-30','AfterNoon',10232,10284,284),(25454,1,0,'2016-08-30','Evening',10232,10284,284),(25455,1,0,'2016-08-30','Morning',10233,10285,285),(25456,1,0,'2016-08-30','AfterNoon',10233,10285,285),(25457,1,0,'2016-08-30','Evening',10233,10285,285),(25458,1,0,'2016-08-30','Morning',10234,10286,286),(25459,1,0,'2016-08-30','AfterNoon',10234,10286,286),(25460,1,0,'2016-08-30','Evening',10234,10286,286),(25461,1,0,'2016-08-30','Morning',10235,10287,287),(25462,1,0,'2016-08-30','AfterNoon',10235,10287,287),(25463,1,0,'2016-08-30','Evening',10235,10287,287),(25464,1,0,'2016-08-30','Morning',10236,10288,288),(25465,1,0,'2016-08-30','AfterNoon',10236,10288,288),(25466,1,0,'2016-08-30','Evening',10236,10288,288),(25467,1,0,'2016-08-30','Morning',10237,10289,289),(25468,1,0,'2016-08-30','AfterNoon',10237,10289,289),(25469,1,0,'2016-08-30','Evening',10237,10289,289),(25470,1,0,'2016-08-30','Morning',10238,10290,290),(25471,1,0,'2016-08-30','AfterNoon',10238,10290,290),(25472,1,0,'2016-08-30','Evening',10238,10290,290),(25473,1,0,'2016-08-30','Morning',10239,10291,291),(25474,1,0,'2016-08-30','AfterNoon',10239,10291,291),(25475,1,0,'2016-08-30','Evening',10239,10291,291),(25476,1,0,'2016-08-30','Morning',10240,10292,292),(25477,1,0,'2016-08-30','AfterNoon',10240,10292,292),(25478,1,0,'2016-08-30','Evening',10240,10292,292),(25479,1,0,'2016-08-30','Morning',10241,10293,293),(25480,1,0,'2016-08-30','AfterNoon',10241,10293,293),(25481,1,0,'2016-08-30','Evening',10241,10293,293),(25482,1,0,'2016-08-30','Morning',10242,10294,294),(25483,1,0,'2016-08-30','AfterNoon',10242,10294,294),(25484,1,0,'2016-08-30','Evening',10242,10294,294),(25485,1,0,'2016-08-30','Morning',10243,10295,295),(25486,1,0,'2016-08-30','AfterNoon',10243,10295,295),(25487,1,0,'2016-08-30','Evening',10243,10295,295),(25488,1,0,'2016-08-30','Morning',10244,10296,296),(25489,1,0,'2016-08-30','AfterNoon',10244,10296,296),(25490,1,0,'2016-08-30','Evening',10244,10296,296),(25491,1,0,'2016-08-30','Morning',10245,10297,297),(25492,1,0,'2016-08-30','AfterNoon',10245,10297,297),(25493,1,0,'2016-08-30','Evening',10245,10297,297),(25494,1,0,'2016-08-30','Morning',10246,10299,299),(25495,1,0,'2016-08-30','AfterNoon',10246,10299,299),(25496,1,0,'2016-08-30','Evening',10246,10299,299),(25497,1,0,'2016-08-30','Morning',10247,10302,302),(25498,1,0,'2016-08-30','AfterNoon',10247,10302,302),(25499,1,0,'2016-08-30','Evening',10247,10302,302),(25500,1,0,'2016-08-30','Morning',10247,10303,303),(25501,1,0,'2016-08-30','AfterNoon',10247,10303,303),(25502,1,0,'2016-08-30','Evening',10247,10303,303),(25503,1,0,'2016-08-30','Morning',10248,10305,305),(25504,1,0,'2016-08-30','AfterNoon',10248,10305,305),(25505,1,0,'2016-08-30','Evening',10248,10305,305),(25506,1,0,'2016-08-30','Morning',10249,10307,307),(25507,1,0,'2016-08-30','AfterNoon',10249,10307,307),(25508,1,0,'2016-08-30','Evening',10249,10307,307),(25509,1,0,'2016-08-30','Morning',10250,10309,309),(25510,1,0,'2016-08-30','AfterNoon',10250,10309,309),(25511,1,0,'2016-08-30','Evening',10250,10309,309),(25512,1,0,'2016-08-30','Morning',10251,10312,312),(25513,1,0,'2016-08-30','AfterNoon',10251,10312,312),(25514,1,0,'2016-08-30','Evening',10251,10312,312),(25515,1,0,'2016-08-30','Morning',10252,10315,315),(25516,1,0,'2016-08-30','AfterNoon',10252,10315,315),(25517,1,0,'2016-08-30','Evening',10252,10315,315),(25518,1,0,'2016-08-30','Morning',10252,10317,317),(25519,1,0,'2016-08-30','AfterNoon',10252,10317,317),(25520,1,0,'2016-08-30','Evening',10252,10317,317),(25521,1,0,'2016-08-30','Morning',10253,10319,319),(25522,1,0,'2016-08-30','AfterNoon',10253,10319,319),(25523,1,0,'2016-08-30','Evening',10253,10319,319),(25524,1,0,'2016-08-30','Morning',10254,10321,321),(25525,1,0,'2016-08-30','AfterNoon',10254,10321,321),(25526,1,0,'2016-08-30','Evening',10254,10321,321),(25527,1,0,'2016-08-30','Morning',10255,10323,323),(25528,1,0,'2016-08-30','AfterNoon',10255,10323,323),(25529,1,0,'2016-08-30','Evening',10255,10323,323),(25530,1,0,'2016-08-30','Morning',10256,10324,324),(25531,1,0,'2016-08-30','AfterNoon',10256,10324,324),(25532,1,0,'2016-08-30','Evening',10256,10324,324),(25533,1,0,'2016-08-30','Morning',10256,10327,327),(25534,1,0,'2016-08-30','AfterNoon',10256,10327,327),(25535,1,0,'2016-08-30','Evening',10256,10327,327),(25536,1,0,'2016-08-30','Morning',10257,10329,329),(25537,1,0,'2016-08-30','AfterNoon',10257,10329,329),(25538,1,0,'2016-08-30','Evening',10257,10329,329),(25539,1,0,'2016-08-30','Morning',10215,10352,353),(25540,1,0,'2016-08-30','AfterNoon',10215,10352,353),(25541,1,0,'2016-08-30','Evening',10215,10352,353),(25542,1,0,'2016-08-30','Morning',10249,10400,401),(25543,1,0,'2016-08-30','AfterNoon',10249,10400,401),(25544,1,0,'2016-08-30','Evening',10249,10400,401),(25545,1,0,'2016-08-30','Morning',10253,10401,402),(25546,1,0,'2016-08-30','AfterNoon',10253,10401,402),(25547,1,0,'2016-08-30','Evening',10253,10401,402),(25548,1,0,'2016-08-30','Morning',10254,10402,403),(25549,1,0,'2016-08-30','AfterNoon',10254,10402,403),(25550,1,0,'2016-08-30','Evening',10254,10402,403),(25551,1,0,'2016-08-30','Morning',10255,10403,404),(25552,1,0,'2016-08-30','AfterNoon',10255,10403,404),(25553,1,0,'2016-08-30','Evening',10255,10403,404),(25554,1,0,'2016-08-30','Morning',10256,10404,405),(25555,1,0,'2016-08-30','AfterNoon',10256,10404,405),(25556,1,0,'2016-08-30','Evening',10256,10404,405),(25622,1,0,'2016-08-31','Morning',10201,10207,208),(25623,1,0,'2016-08-31','AfterNoon',10201,10207,208),(25624,1,0,'2016-08-31','Evening',10201,10207,208),(25628,1,0,'2016-08-31','Morning',10203,10213,214),(25629,1,0,'2016-08-31','AfterNoon',10203,10213,214),(25630,1,0,'2016-08-31','Evening',10203,10213,214),(25631,1,0,'2016-08-31','Morning',10203,10215,216),(25632,1,0,'2016-08-31','AfterNoon',10203,10215,216),(25633,1,0,'2016-08-31','Evening',10203,10215,216),(25643,1,0,'2016-08-31','Morning',10207,10231,232),(25644,1,0,'2016-08-31','AfterNoon',10207,10231,232),(25645,1,0,'2016-08-31','Evening',10207,10231,232),(25646,1,0,'2016-08-31','Morning',10208,10235,236),(25647,1,0,'2016-08-31','AfterNoon',10208,10235,236),(25648,1,0,'2016-08-31','Evening',10208,10235,236),(25649,1,0,'2016-08-31','Morning',10209,10239,240),(25650,1,0,'2016-08-31','AfterNoon',10209,10239,240),(25651,1,0,'2016-08-31','Evening',10209,10239,240),(25652,1,0,'2016-08-31','Morning',10210,10243,244),(25653,1,0,'2016-08-31','AfterNoon',10210,10243,244),(25654,1,0,'2016-08-31','Evening',10210,10243,244),(25655,1,0,'2016-08-31','Morning',10211,10247,248),(25656,1,0,'2016-08-31','AfterNoon',10211,10247,248),(25657,1,0,'2016-08-31','Evening',10211,10247,248),(25658,1,0,'2016-08-31','Morning',10212,10249,250),(25659,1,0,'2016-08-31','AfterNoon',10212,10249,250),(25660,1,0,'2016-08-31','Evening',10212,10249,250),(25661,1,0,'2016-08-31','Morning',10212,10251,252),(25662,1,0,'2016-08-31','AfterNoon',10212,10251,252),(25663,1,0,'2016-08-31','Evening',10212,10251,252),(25664,1,0,'2016-08-31','Morning',10213,10253,254),(25665,1,0,'2016-08-31','AfterNoon',10213,10253,254),(25666,1,0,'2016-08-31','Evening',10213,10253,254),(25667,1,0,'2016-08-31','Morning',10214,10257,258),(25668,1,0,'2016-08-31','AfterNoon',10214,10257,258),(25669,1,0,'2016-08-31','Evening',10214,10257,258),(25670,1,0,'2016-08-31','Morning',10216,10264,265),(25671,1,0,'2016-08-31','AfterNoon',10216,10264,265),(25672,1,0,'2016-08-31','Evening',10216,10264,265),(25673,1,0,'2016-08-31','Morning',10217,10266,267),(25674,1,0,'2016-08-31','AfterNoon',10217,10266,267),(25675,1,0,'2016-08-31','Evening',10217,10266,267),(25676,1,0,'2016-08-31','Morning',10217,10267,268),(25677,1,0,'2016-08-31','AfterNoon',10217,10267,268),(25678,1,0,'2016-08-31','Evening',10217,10267,268),(25679,1,0,'2016-08-31','Morning',10217,10268,269),(25680,1,0,'2016-08-31','AfterNoon',10217,10268,269),(25681,1,0,'2016-08-31','Evening',10217,10268,269),(25682,1,0,'2016-08-31','Morning',10218,10269,270),(25683,1,0,'2016-08-31','AfterNoon',10218,10269,270),(25684,1,0,'2016-08-31','Evening',10218,10269,270),(25685,1,0,'2016-08-31','Morning',10219,10270,271),(25686,1,0,'2016-08-31','AfterNoon',10219,10270,271),(25687,1,0,'2016-08-31','Evening',10219,10270,271),(25688,1,0,'2016-08-31','Morning',10220,10271,272),(25689,1,0,'2016-08-31','AfterNoon',10220,10271,272),(25690,1,0,'2016-08-31','Evening',10220,10271,272),(25691,1,0,'2016-08-31','Morning',10221,10272,273),(25692,1,0,'2016-08-31','AfterNoon',10221,10272,273),(25693,1,0,'2016-08-31','Evening',10221,10272,273),(25694,1,0,'2016-08-31','Morning',10222,10273,274),(25695,1,0,'2016-08-31','AfterNoon',10222,10273,274),(25696,1,0,'2016-08-31','Evening',10222,10273,274),(25697,1,0,'2016-08-31','Morning',10223,10274,275),(25698,1,0,'2016-08-31','AfterNoon',10223,10274,275),(25699,1,0,'2016-08-31','Evening',10223,10274,275),(25700,1,0,'2016-08-31','Morning',10224,10275,276),(25701,1,0,'2016-08-31','AfterNoon',10224,10275,276),(25702,1,0,'2016-08-31','Evening',10224,10275,276),(25703,1,0,'2016-08-31','Morning',10225,10276,277),(25704,1,0,'2016-08-31','AfterNoon',10225,10276,277),(25705,1,0,'2016-08-31','Evening',10225,10276,277),(25706,1,0,'2016-08-31','Morning',10226,10277,278),(25707,1,0,'2016-08-31','AfterNoon',10226,10277,278),(25708,1,0,'2016-08-31','Evening',10226,10277,278),(25709,1,0,'2016-08-31','Morning',10227,10279,279),(25710,1,0,'2016-08-31','AfterNoon',10227,10279,279),(25711,1,0,'2016-08-31','Evening',10227,10279,279),(25712,1,0,'2016-08-31','Morning',10228,10280,280),(25713,1,0,'2016-08-31','AfterNoon',10228,10280,280),(25714,1,0,'2016-08-31','Evening',10228,10280,280),(25715,1,0,'2016-08-31','Morning',10229,10281,281),(25716,1,0,'2016-08-31','AfterNoon',10229,10281,281),(25717,1,0,'2016-08-31','Evening',10229,10281,281),(25718,1,0,'2016-08-31','Morning',10230,10282,282),(25719,1,0,'2016-08-31','AfterNoon',10230,10282,282),(25720,1,0,'2016-08-31','Evening',10230,10282,282),(25721,1,0,'2016-08-31','Morning',10231,10283,283),(25722,1,0,'2016-08-31','AfterNoon',10231,10283,283),(25723,1,0,'2016-08-31','Evening',10231,10283,283),(25724,1,0,'2016-08-31','Morning',10232,10284,284),(25725,1,0,'2016-08-31','AfterNoon',10232,10284,284),(25726,1,0,'2016-08-31','Evening',10232,10284,284),(25727,1,0,'2016-08-31','Morning',10233,10285,285),(25728,1,0,'2016-08-31','AfterNoon',10233,10285,285),(25729,1,0,'2016-08-31','Evening',10233,10285,285),(25730,1,0,'2016-08-31','Morning',10234,10286,286),(25731,1,0,'2016-08-31','AfterNoon',10234,10286,286),(25732,1,0,'2016-08-31','Evening',10234,10286,286),(25733,1,0,'2016-08-31','Morning',10235,10287,287),(25734,1,0,'2016-08-31','AfterNoon',10235,10287,287),(25735,1,0,'2016-08-31','Evening',10235,10287,287),(25736,1,0,'2016-08-31','Morning',10236,10288,288),(25737,1,0,'2016-08-31','AfterNoon',10236,10288,288),(25738,1,0,'2016-08-31','Evening',10236,10288,288),(25739,1,0,'2016-08-31','Morning',10237,10289,289),(25740,1,0,'2016-08-31','AfterNoon',10237,10289,289),(25741,1,0,'2016-08-31','Evening',10237,10289,289),(25742,1,0,'2016-08-31','Morning',10238,10290,290),(25743,1,0,'2016-08-31','AfterNoon',10238,10290,290),(25744,1,0,'2016-08-31','Evening',10238,10290,290),(25745,1,0,'2016-08-31','Morning',10239,10291,291),(25746,1,0,'2016-08-31','AfterNoon',10239,10291,291),(25747,1,0,'2016-08-31','Evening',10239,10291,291),(25748,1,0,'2016-08-31','Morning',10240,10292,292),(25749,1,0,'2016-08-31','AfterNoon',10240,10292,292),(25750,1,0,'2016-08-31','Evening',10240,10292,292),(25751,1,0,'2016-08-31','Morning',10241,10293,293),(25752,1,0,'2016-08-31','AfterNoon',10241,10293,293),(25753,1,0,'2016-08-31','Evening',10241,10293,293),(25754,1,0,'2016-08-31','Morning',10242,10294,294),(25755,1,0,'2016-08-31','AfterNoon',10242,10294,294),(25756,1,0,'2016-08-31','Evening',10242,10294,294),(25757,1,0,'2016-08-31','Morning',10243,10295,295),(25758,1,0,'2016-08-31','AfterNoon',10243,10295,295),(25759,1,0,'2016-08-31','Evening',10243,10295,295),(25760,1,0,'2016-08-31','Morning',10244,10296,296),(25761,1,0,'2016-08-31','AfterNoon',10244,10296,296),(25762,1,0,'2016-08-31','Evening',10244,10296,296),(25763,1,0,'2016-08-31','Morning',10245,10297,297),(25764,1,0,'2016-08-31','AfterNoon',10245,10297,297),(25765,1,0,'2016-08-31','Evening',10245,10297,297),(25766,1,0,'2016-08-31','Morning',10246,10299,299),(25767,1,0,'2016-08-31','AfterNoon',10246,10299,299),(25768,1,0,'2016-08-31','Evening',10246,10299,299),(25769,1,0,'2016-08-31','Morning',10247,10302,302),(25770,1,0,'2016-08-31','AfterNoon',10247,10302,302),(25771,1,0,'2016-08-31','Evening',10247,10302,302),(25772,1,0,'2016-08-31','Morning',10247,10303,303),(25773,1,0,'2016-08-31','AfterNoon',10247,10303,303),(25774,1,0,'2016-08-31','Evening',10247,10303,303),(25775,1,0,'2016-08-31','Morning',10248,10305,305),(25776,1,0,'2016-08-31','AfterNoon',10248,10305,305),(25777,1,0,'2016-08-31','Evening',10248,10305,305),(25778,1,0,'2016-08-31','Morning',10249,10307,307),(25779,1,0,'2016-08-31','AfterNoon',10249,10307,307),(25780,1,0,'2016-08-31','Evening',10249,10307,307),(25781,1,0,'2016-08-31','Morning',10250,10309,309),(25782,1,0,'2016-08-31','AfterNoon',10250,10309,309),(25783,1,0,'2016-08-31','Evening',10250,10309,309),(25784,1,0,'2016-08-31','Morning',10251,10312,312),(25785,1,0,'2016-08-31','AfterNoon',10251,10312,312),(25786,1,0,'2016-08-31','Evening',10251,10312,312),(25787,1,0,'2016-08-31','Morning',10252,10315,315),(25788,1,0,'2016-08-31','AfterNoon',10252,10315,315),(25789,1,0,'2016-08-31','Evening',10252,10315,315),(25790,1,0,'2016-08-31','Morning',10252,10317,317),(25791,1,0,'2016-08-31','AfterNoon',10252,10317,317),(25792,1,0,'2016-08-31','Evening',10252,10317,317),(25793,1,0,'2016-08-31','Morning',10253,10319,319),(25794,1,0,'2016-08-31','AfterNoon',10253,10319,319),(25795,1,0,'2016-08-31','Evening',10253,10319,319),(25796,1,0,'2016-08-31','Morning',10254,10321,321),(25797,1,0,'2016-08-31','AfterNoon',10254,10321,321),(25798,1,0,'2016-08-31','Evening',10254,10321,321),(25799,1,0,'2016-08-31','Morning',10255,10323,323),(25800,1,0,'2016-08-31','AfterNoon',10255,10323,323),(25801,1,0,'2016-08-31','Evening',10255,10323,323),(25802,1,0,'2016-08-31','Morning',10256,10324,324),(25803,1,0,'2016-08-31','AfterNoon',10256,10324,324),(25804,1,0,'2016-08-31','Evening',10256,10324,324),(25805,1,0,'2016-08-31','Morning',10256,10327,327),(25806,1,0,'2016-08-31','AfterNoon',10256,10327,327),(25807,1,0,'2016-08-31','Evening',10256,10327,327),(25808,1,0,'2016-08-31','Morning',10257,10329,329),(25809,1,0,'2016-08-31','AfterNoon',10257,10329,329),(25810,1,0,'2016-08-31','Evening',10257,10329,329),(25811,1,0,'2016-08-31','Morning',10215,10352,353),(25812,1,0,'2016-08-31','AfterNoon',10215,10352,353),(25813,1,0,'2016-08-31','Evening',10215,10352,353),(25814,1,0,'2016-08-31','Morning',10249,10400,401),(25815,1,0,'2016-08-31','AfterNoon',10249,10400,401),(25816,1,0,'2016-08-31','Evening',10249,10400,401),(25817,1,0,'2016-08-31','Morning',10253,10401,402),(25818,1,0,'2016-08-31','AfterNoon',10253,10401,402),(25819,1,0,'2016-08-31','Evening',10253,10401,402),(25820,1,0,'2016-08-31','Morning',10254,10402,403),(25821,1,0,'2016-08-31','AfterNoon',10254,10402,403),(25822,1,0,'2016-08-31','Evening',10254,10402,403),(25823,1,0,'2016-08-31','Morning',10255,10403,404),(25824,1,0,'2016-08-31','AfterNoon',10255,10403,404),(25825,1,0,'2016-08-31','Evening',10255,10403,404),(25826,1,0,'2016-08-31','Morning',10256,10404,405),(25827,1,0,'2016-08-31','AfterNoon',10256,10404,405),(25828,1,0,'2016-08-31','Evening',10256,10404,405),(25850,1,0,'2016-09-01','Morning',10201,10207,208),(25851,1,0,'2016-09-01','AfterNoon',10201,10207,208),(25852,1,0,'2016-09-01','Evening',10201,10207,208),(25856,1,0,'2016-09-01','Morning',10203,10213,214),(25857,1,0,'2016-09-01','AfterNoon',10203,10213,214),(25858,1,0,'2016-09-01','Evening',10203,10213,214),(25859,1,0,'2016-09-01','Morning',10203,10215,216),(25860,1,0,'2016-09-01','AfterNoon',10203,10215,216),(25861,1,0,'2016-09-01','Evening',10203,10215,216),(25871,1,0,'2016-09-01','Morning',10207,10231,232),(25872,1,0,'2016-09-01','AfterNoon',10207,10231,232),(25873,1,0,'2016-09-01','Evening',10207,10231,232),(25874,1,0,'2016-09-01','Morning',10208,10235,236),(25875,1,0,'2016-09-01','AfterNoon',10208,10235,236),(25876,1,0,'2016-09-01','Evening',10208,10235,236),(25877,1,0,'2016-09-01','Morning',10209,10239,240),(25878,1,0,'2016-09-01','AfterNoon',10209,10239,240),(25879,1,0,'2016-09-01','Evening',10209,10239,240),(25880,1,0,'2016-09-01','Morning',10210,10243,244),(25881,1,0,'2016-09-01','AfterNoon',10210,10243,244),(25882,1,0,'2016-09-01','Evening',10210,10243,244),(25883,1,0,'2016-09-01','Morning',10211,10247,248),(25884,1,0,'2016-09-01','AfterNoon',10211,10247,248),(25885,1,0,'2016-09-01','Evening',10211,10247,248),(25886,1,0,'2016-09-01','Morning',10212,10249,250),(25887,1,0,'2016-09-01','AfterNoon',10212,10249,250),(25888,1,0,'2016-09-01','Evening',10212,10249,250),(25889,1,0,'2016-09-01','Morning',10212,10251,252),(25890,1,0,'2016-09-01','AfterNoon',10212,10251,252),(25891,1,0,'2016-09-01','Evening',10212,10251,252),(25892,1,0,'2016-09-01','Morning',10213,10253,254),(25893,1,0,'2016-09-01','AfterNoon',10213,10253,254),(25894,1,0,'2016-09-01','Evening',10213,10253,254),(25895,1,0,'2016-09-01','Morning',10214,10257,258),(25896,1,0,'2016-09-01','AfterNoon',10214,10257,258),(25897,1,0,'2016-09-01','Evening',10214,10257,258),(25898,1,0,'2016-09-01','Morning',10216,10264,265),(25899,1,0,'2016-09-01','AfterNoon',10216,10264,265),(25900,1,0,'2016-09-01','Evening',10216,10264,265),(25901,1,0,'2016-09-01','Morning',10217,10266,267),(25902,1,0,'2016-09-01','AfterNoon',10217,10266,267),(25903,1,0,'2016-09-01','Evening',10217,10266,267),(25904,1,0,'2016-09-01','Morning',10217,10267,268),(25905,1,0,'2016-09-01','AfterNoon',10217,10267,268),(25906,1,0,'2016-09-01','Evening',10217,10267,268),(25907,1,0,'2016-09-01','Morning',10217,10268,269),(25908,1,0,'2016-09-01','AfterNoon',10217,10268,269),(25909,1,0,'2016-09-01','Evening',10217,10268,269),(25910,1,0,'2016-09-01','Morning',10218,10269,270),(25911,1,0,'2016-09-01','AfterNoon',10218,10269,270),(25912,1,0,'2016-09-01','Evening',10218,10269,270),(25913,1,0,'2016-09-01','Morning',10219,10270,271),(25914,1,0,'2016-09-01','AfterNoon',10219,10270,271),(25915,1,0,'2016-09-01','Evening',10219,10270,271),(25916,1,0,'2016-09-01','Morning',10220,10271,272),(25917,1,0,'2016-09-01','AfterNoon',10220,10271,272),(25918,1,0,'2016-09-01','Evening',10220,10271,272),(25919,1,0,'2016-09-01','Morning',10221,10272,273),(25920,1,0,'2016-09-01','AfterNoon',10221,10272,273),(25921,1,0,'2016-09-01','Evening',10221,10272,273),(25922,1,0,'2016-09-01','Morning',10222,10273,274),(25923,1,0,'2016-09-01','AfterNoon',10222,10273,274),(25924,1,0,'2016-09-01','Evening',10222,10273,274),(25925,1,0,'2016-09-01','Morning',10223,10274,275),(25926,1,0,'2016-09-01','AfterNoon',10223,10274,275),(25927,1,0,'2016-09-01','Evening',10223,10274,275),(25928,1,0,'2016-09-01','Morning',10224,10275,276),(25929,1,0,'2016-09-01','AfterNoon',10224,10275,276),(25930,1,0,'2016-09-01','Evening',10224,10275,276),(25931,1,0,'2016-09-01','Morning',10225,10276,277),(25932,1,0,'2016-09-01','AfterNoon',10225,10276,277),(25933,1,0,'2016-09-01','Evening',10225,10276,277),(25934,1,0,'2016-09-01','Morning',10226,10277,278),(25935,1,0,'2016-09-01','AfterNoon',10226,10277,278),(25936,1,0,'2016-09-01','Evening',10226,10277,278),(25937,1,0,'2016-09-01','Morning',10227,10279,279),(25938,1,0,'2016-09-01','AfterNoon',10227,10279,279),(25939,1,0,'2016-09-01','Evening',10227,10279,279),(25940,1,0,'2016-09-01','Morning',10228,10280,280),(25941,1,0,'2016-09-01','AfterNoon',10228,10280,280),(25942,1,0,'2016-09-01','Evening',10228,10280,280),(25943,1,0,'2016-09-01','Morning',10229,10281,281),(25944,1,0,'2016-09-01','AfterNoon',10229,10281,281),(25945,1,0,'2016-09-01','Evening',10229,10281,281),(25946,1,0,'2016-09-01','Morning',10230,10282,282),(25947,1,0,'2016-09-01','AfterNoon',10230,10282,282),(25948,1,0,'2016-09-01','Evening',10230,10282,282),(25949,1,0,'2016-09-01','Morning',10231,10283,283),(25950,1,0,'2016-09-01','AfterNoon',10231,10283,283),(25951,1,0,'2016-09-01','Evening',10231,10283,283),(25952,1,0,'2016-09-01','Morning',10232,10284,284),(25953,1,0,'2016-09-01','AfterNoon',10232,10284,284),(25954,1,0,'2016-09-01','Evening',10232,10284,284),(25955,1,0,'2016-09-01','Morning',10233,10285,285),(25956,1,0,'2016-09-01','AfterNoon',10233,10285,285),(25957,1,0,'2016-09-01','Evening',10233,10285,285),(25958,1,0,'2016-09-01','Morning',10234,10286,286),(25959,1,0,'2016-09-01','AfterNoon',10234,10286,286),(25960,1,0,'2016-09-01','Evening',10234,10286,286),(25961,1,0,'2016-09-01','Morning',10235,10287,287),(25962,1,0,'2016-09-01','AfterNoon',10235,10287,287),(25963,1,0,'2016-09-01','Evening',10235,10287,287),(25964,1,0,'2016-09-01','Morning',10236,10288,288),(25965,1,0,'2016-09-01','AfterNoon',10236,10288,288),(25966,1,0,'2016-09-01','Evening',10236,10288,288),(25967,1,0,'2016-09-01','Morning',10237,10289,289),(25968,1,0,'2016-09-01','AfterNoon',10237,10289,289),(25969,1,0,'2016-09-01','Evening',10237,10289,289),(25970,1,0,'2016-09-01','Morning',10238,10290,290),(25971,1,0,'2016-09-01','AfterNoon',10238,10290,290),(25972,1,0,'2016-09-01','Evening',10238,10290,290),(25973,1,0,'2016-09-01','Morning',10239,10291,291),(25974,1,0,'2016-09-01','AfterNoon',10239,10291,291),(25975,1,0,'2016-09-01','Evening',10239,10291,291),(25976,1,0,'2016-09-01','Morning',10240,10292,292),(25977,1,0,'2016-09-01','AfterNoon',10240,10292,292),(25978,1,0,'2016-09-01','Evening',10240,10292,292),(25979,1,0,'2016-09-01','Morning',10241,10293,293),(25980,1,0,'2016-09-01','AfterNoon',10241,10293,293),(25981,1,0,'2016-09-01','Evening',10241,10293,293),(25982,1,0,'2016-09-01','Morning',10242,10294,294),(25983,1,0,'2016-09-01','AfterNoon',10242,10294,294),(25984,1,0,'2016-09-01','Evening',10242,10294,294),(25985,1,0,'2016-09-01','Morning',10243,10295,295),(25986,1,0,'2016-09-01','AfterNoon',10243,10295,295),(25987,1,0,'2016-09-01','Evening',10243,10295,295),(25988,1,0,'2016-09-01','Morning',10244,10296,296),(25989,1,0,'2016-09-01','AfterNoon',10244,10296,296),(25990,1,0,'2016-09-01','Evening',10244,10296,296),(25991,1,0,'2016-09-01','Morning',10245,10297,297),(25992,1,0,'2016-09-01','AfterNoon',10245,10297,297),(25993,1,0,'2016-09-01','Evening',10245,10297,297),(25994,1,0,'2016-09-01','Morning',10246,10299,299),(25995,1,0,'2016-09-01','AfterNoon',10246,10299,299),(25996,1,0,'2016-09-01','Evening',10246,10299,299),(25997,1,0,'2016-09-01','Morning',10247,10302,302),(25998,1,0,'2016-09-01','AfterNoon',10247,10302,302),(25999,1,0,'2016-09-01','Evening',10247,10302,302),(26000,1,0,'2016-09-01','Morning',10247,10303,303),(26001,1,0,'2016-09-01','AfterNoon',10247,10303,303),(26002,1,0,'2016-09-01','Evening',10247,10303,303),(26003,1,0,'2016-09-01','Morning',10248,10305,305),(26004,1,0,'2016-09-01','AfterNoon',10248,10305,305),(26005,1,0,'2016-09-01','Evening',10248,10305,305),(26006,1,0,'2016-09-01','Morning',10249,10307,307),(26007,1,0,'2016-09-01','AfterNoon',10249,10307,307),(26008,1,0,'2016-09-01','Evening',10249,10307,307),(26009,1,0,'2016-09-01','Morning',10250,10309,309),(26010,1,0,'2016-09-01','AfterNoon',10250,10309,309),(26011,1,0,'2016-09-01','Evening',10250,10309,309),(26012,1,0,'2016-09-01','Morning',10251,10312,312),(26013,1,0,'2016-09-01','AfterNoon',10251,10312,312),(26014,1,0,'2016-09-01','Evening',10251,10312,312),(26015,1,0,'2016-09-01','Morning',10252,10315,315),(26016,1,0,'2016-09-01','AfterNoon',10252,10315,315),(26017,1,0,'2016-09-01','Evening',10252,10315,315),(26018,1,0,'2016-09-01','Morning',10252,10317,317),(26019,1,0,'2016-09-01','AfterNoon',10252,10317,317),(26020,1,0,'2016-09-01','Evening',10252,10317,317),(26021,1,0,'2016-09-01','Morning',10253,10319,319),(26022,1,0,'2016-09-01','AfterNoon',10253,10319,319),(26023,1,0,'2016-09-01','Evening',10253,10319,319),(26024,1,0,'2016-09-01','Morning',10254,10321,321),(26025,1,0,'2016-09-01','AfterNoon',10254,10321,321),(26026,1,0,'2016-09-01','Evening',10254,10321,321),(26027,1,0,'2016-09-01','Morning',10255,10323,323),(26028,1,0,'2016-09-01','AfterNoon',10255,10323,323),(26029,1,0,'2016-09-01','Evening',10255,10323,323),(26030,1,0,'2016-09-01','Morning',10256,10324,324),(26031,1,0,'2016-09-01','AfterNoon',10256,10324,324),(26032,1,0,'2016-09-01','Evening',10256,10324,324),(26033,1,0,'2016-09-01','Morning',10256,10327,327),(26034,1,0,'2016-09-01','AfterNoon',10256,10327,327),(26035,1,0,'2016-09-01','Evening',10256,10327,327),(26036,1,0,'2016-09-01','Morning',10257,10329,329),(26037,1,0,'2016-09-01','AfterNoon',10257,10329,329),(26038,1,0,'2016-09-01','Evening',10257,10329,329),(26039,1,0,'2016-09-01','Morning',10215,10352,353),(26040,1,0,'2016-09-01','AfterNoon',10215,10352,353),(26041,1,0,'2016-09-01','Evening',10215,10352,353),(26042,1,0,'2016-09-01','Morning',10249,10400,401),(26043,1,0,'2016-09-01','AfterNoon',10249,10400,401),(26044,1,0,'2016-09-01','Evening',10249,10400,401),(26045,1,0,'2016-09-01','Morning',10253,10401,402),(26046,1,0,'2016-09-01','AfterNoon',10253,10401,402),(26047,1,0,'2016-09-01','Evening',10253,10401,402),(26048,1,0,'2016-09-01','Morning',10254,10402,403),(26049,1,0,'2016-09-01','AfterNoon',10254,10402,403),(26050,1,0,'2016-09-01','Evening',10254,10402,403),(26051,1,0,'2016-09-01','Morning',10255,10403,404),(26052,1,0,'2016-09-01','AfterNoon',10255,10403,404),(26053,1,0,'2016-09-01','Evening',10255,10403,404),(26054,1,0,'2016-09-01','Morning',10256,10404,405),(26055,1,0,'2016-09-01','AfterNoon',10256,10404,405),(26056,1,0,'2016-09-01','Evening',10256,10404,405),(26078,1,0,'2016-09-02','Morning',10201,10207,208),(26079,1,0,'2016-09-02','AfterNoon',10201,10207,208),(26080,1,0,'2016-09-02','Evening',10201,10207,208),(26084,1,0,'2016-09-02','Morning',10203,10213,214),(26085,1,0,'2016-09-02','AfterNoon',10203,10213,214),(26086,1,0,'2016-09-02','Evening',10203,10213,214),(26087,1,0,'2016-09-02','Morning',10203,10215,216),(26088,1,0,'2016-09-02','AfterNoon',10203,10215,216),(26089,1,0,'2016-09-02','Evening',10203,10215,216),(26099,1,0,'2016-09-02','Morning',10207,10231,232),(26100,1,0,'2016-09-02','AfterNoon',10207,10231,232),(26101,1,0,'2016-09-02','Evening',10207,10231,232),(26102,1,0,'2016-09-02','Morning',10208,10235,236),(26103,1,0,'2016-09-02','AfterNoon',10208,10235,236),(26104,1,0,'2016-09-02','Evening',10208,10235,236),(26105,1,0,'2016-09-02','Morning',10209,10239,240),(26106,1,0,'2016-09-02','AfterNoon',10209,10239,240),(26107,1,0,'2016-09-02','Evening',10209,10239,240),(26108,1,0,'2016-09-02','Morning',10210,10243,244),(26109,1,0,'2016-09-02','AfterNoon',10210,10243,244),(26110,1,0,'2016-09-02','Evening',10210,10243,244),(26111,1,0,'2016-09-02','Morning',10211,10247,248),(26112,1,0,'2016-09-02','AfterNoon',10211,10247,248),(26113,1,0,'2016-09-02','Evening',10211,10247,248),(26114,1,0,'2016-09-02','Morning',10212,10249,250),(26115,1,0,'2016-09-02','AfterNoon',10212,10249,250),(26116,1,0,'2016-09-02','Evening',10212,10249,250),(26117,1,0,'2016-09-02','Morning',10212,10251,252),(26118,1,0,'2016-09-02','AfterNoon',10212,10251,252),(26119,1,0,'2016-09-02','Evening',10212,10251,252),(26120,1,0,'2016-09-02','Morning',10213,10253,254),(26121,1,0,'2016-09-02','AfterNoon',10213,10253,254),(26122,1,0,'2016-09-02','Evening',10213,10253,254),(26123,1,0,'2016-09-02','Morning',10214,10257,258),(26124,1,0,'2016-09-02','AfterNoon',10214,10257,258),(26125,1,0,'2016-09-02','Evening',10214,10257,258),(26126,1,0,'2016-09-02','Morning',10216,10264,265),(26127,1,0,'2016-09-02','AfterNoon',10216,10264,265),(26128,1,0,'2016-09-02','Evening',10216,10264,265),(26129,1,0,'2016-09-02','Morning',10217,10266,267),(26130,1,0,'2016-09-02','AfterNoon',10217,10266,267),(26131,1,0,'2016-09-02','Evening',10217,10266,267),(26132,1,0,'2016-09-02','Morning',10217,10267,268),(26133,1,0,'2016-09-02','AfterNoon',10217,10267,268),(26134,1,0,'2016-09-02','Evening',10217,10267,268),(26135,1,0,'2016-09-02','Morning',10217,10268,269),(26136,1,0,'2016-09-02','AfterNoon',10217,10268,269),(26137,1,0,'2016-09-02','Evening',10217,10268,269),(26138,1,0,'2016-09-02','Morning',10218,10269,270),(26139,1,0,'2016-09-02','AfterNoon',10218,10269,270),(26140,1,0,'2016-09-02','Evening',10218,10269,270),(26141,1,0,'2016-09-02','Morning',10219,10270,271),(26142,1,0,'2016-09-02','AfterNoon',10219,10270,271),(26143,1,0,'2016-09-02','Evening',10219,10270,271),(26144,1,0,'2016-09-02','Morning',10220,10271,272),(26145,1,0,'2016-09-02','AfterNoon',10220,10271,272),(26146,1,0,'2016-09-02','Evening',10220,10271,272),(26147,1,0,'2016-09-02','Morning',10221,10272,273),(26148,1,0,'2016-09-02','AfterNoon',10221,10272,273),(26149,1,0,'2016-09-02','Evening',10221,10272,273),(26150,1,0,'2016-09-02','Morning',10222,10273,274),(26151,1,0,'2016-09-02','AfterNoon',10222,10273,274),(26152,1,0,'2016-09-02','Evening',10222,10273,274),(26153,1,0,'2016-09-02','Morning',10223,10274,275),(26154,1,0,'2016-09-02','AfterNoon',10223,10274,275),(26155,1,0,'2016-09-02','Evening',10223,10274,275),(26156,1,0,'2016-09-02','Morning',10224,10275,276),(26157,1,0,'2016-09-02','AfterNoon',10224,10275,276),(26158,1,0,'2016-09-02','Evening',10224,10275,276),(26159,1,0,'2016-09-02','Morning',10225,10276,277),(26160,1,0,'2016-09-02','AfterNoon',10225,10276,277),(26161,1,0,'2016-09-02','Evening',10225,10276,277),(26162,1,0,'2016-09-02','Morning',10226,10277,278),(26163,1,0,'2016-09-02','AfterNoon',10226,10277,278),(26164,1,0,'2016-09-02','Evening',10226,10277,278),(26165,1,0,'2016-09-02','Morning',10227,10279,279),(26166,1,0,'2016-09-02','AfterNoon',10227,10279,279),(26167,1,0,'2016-09-02','Evening',10227,10279,279),(26168,1,0,'2016-09-02','Morning',10228,10280,280),(26169,1,0,'2016-09-02','AfterNoon',10228,10280,280),(26170,1,0,'2016-09-02','Evening',10228,10280,280),(26171,1,0,'2016-09-02','Morning',10229,10281,281),(26172,1,0,'2016-09-02','AfterNoon',10229,10281,281),(26173,1,0,'2016-09-02','Evening',10229,10281,281),(26174,1,0,'2016-09-02','Morning',10230,10282,282),(26175,1,0,'2016-09-02','AfterNoon',10230,10282,282),(26176,1,0,'2016-09-02','Evening',10230,10282,282),(26177,1,0,'2016-09-02','Morning',10231,10283,283),(26178,1,0,'2016-09-02','AfterNoon',10231,10283,283),(26179,1,0,'2016-09-02','Evening',10231,10283,283),(26180,1,0,'2016-09-02','Morning',10232,10284,284),(26181,1,0,'2016-09-02','AfterNoon',10232,10284,284),(26182,1,0,'2016-09-02','Evening',10232,10284,284),(26183,1,0,'2016-09-02','Morning',10233,10285,285),(26184,1,0,'2016-09-02','AfterNoon',10233,10285,285),(26185,1,0,'2016-09-02','Evening',10233,10285,285),(26186,1,0,'2016-09-02','Morning',10234,10286,286),(26187,1,0,'2016-09-02','AfterNoon',10234,10286,286),(26188,1,0,'2016-09-02','Evening',10234,10286,286),(26189,1,0,'2016-09-02','Morning',10235,10287,287),(26190,1,0,'2016-09-02','AfterNoon',10235,10287,287),(26191,1,0,'2016-09-02','Evening',10235,10287,287),(26192,1,0,'2016-09-02','Morning',10236,10288,288),(26193,1,0,'2016-09-02','AfterNoon',10236,10288,288),(26194,1,0,'2016-09-02','Evening',10236,10288,288),(26195,1,0,'2016-09-02','Morning',10237,10289,289),(26196,1,0,'2016-09-02','AfterNoon',10237,10289,289),(26197,1,0,'2016-09-02','Evening',10237,10289,289),(26198,1,0,'2016-09-02','Morning',10238,10290,290),(26199,1,0,'2016-09-02','AfterNoon',10238,10290,290),(26200,1,0,'2016-09-02','Evening',10238,10290,290),(26201,1,0,'2016-09-02','Morning',10239,10291,291),(26202,1,0,'2016-09-02','AfterNoon',10239,10291,291),(26203,1,0,'2016-09-02','Evening',10239,10291,291),(26204,1,0,'2016-09-02','Morning',10240,10292,292),(26205,1,0,'2016-09-02','AfterNoon',10240,10292,292),(26206,1,0,'2016-09-02','Evening',10240,10292,292),(26207,1,0,'2016-09-02','Morning',10241,10293,293),(26208,1,0,'2016-09-02','AfterNoon',10241,10293,293),(26209,1,0,'2016-09-02','Evening',10241,10293,293),(26210,1,0,'2016-09-02','Morning',10242,10294,294),(26211,1,0,'2016-09-02','AfterNoon',10242,10294,294),(26212,1,0,'2016-09-02','Evening',10242,10294,294),(26213,1,0,'2016-09-02','Morning',10243,10295,295),(26214,1,0,'2016-09-02','AfterNoon',10243,10295,295),(26215,1,0,'2016-09-02','Evening',10243,10295,295),(26216,1,0,'2016-09-02','Morning',10244,10296,296),(26217,1,0,'2016-09-02','AfterNoon',10244,10296,296),(26218,1,0,'2016-09-02','Evening',10244,10296,296),(26219,1,0,'2016-09-02','Morning',10245,10297,297),(26220,1,0,'2016-09-02','AfterNoon',10245,10297,297),(26221,1,0,'2016-09-02','Evening',10245,10297,297),(26222,1,0,'2016-09-02','Morning',10246,10299,299),(26223,1,0,'2016-09-02','AfterNoon',10246,10299,299),(26224,1,0,'2016-09-02','Evening',10246,10299,299),(26225,1,0,'2016-09-02','Morning',10247,10302,302),(26226,1,0,'2016-09-02','AfterNoon',10247,10302,302),(26227,1,0,'2016-09-02','Evening',10247,10302,302),(26228,1,0,'2016-09-02','Morning',10247,10303,303),(26229,1,0,'2016-09-02','AfterNoon',10247,10303,303),(26230,1,0,'2016-09-02','Evening',10247,10303,303),(26231,1,0,'2016-09-02','Morning',10248,10305,305),(26232,1,0,'2016-09-02','AfterNoon',10248,10305,305),(26233,1,0,'2016-09-02','Evening',10248,10305,305),(26234,1,0,'2016-09-02','Morning',10249,10307,307),(26235,1,0,'2016-09-02','AfterNoon',10249,10307,307),(26236,1,0,'2016-09-02','Evening',10249,10307,307),(26237,1,0,'2016-09-02','Morning',10250,10309,309),(26238,1,0,'2016-09-02','AfterNoon',10250,10309,309),(26239,1,0,'2016-09-02','Evening',10250,10309,309),(26240,1,0,'2016-09-02','Morning',10251,10312,312),(26241,1,0,'2016-09-02','AfterNoon',10251,10312,312),(26242,1,0,'2016-09-02','Evening',10251,10312,312),(26243,1,0,'2016-09-02','Morning',10252,10315,315),(26244,1,0,'2016-09-02','AfterNoon',10252,10315,315),(26245,1,0,'2016-09-02','Evening',10252,10315,315),(26246,1,0,'2016-09-02','Morning',10252,10317,317),(26247,1,0,'2016-09-02','AfterNoon',10252,10317,317),(26248,1,0,'2016-09-02','Evening',10252,10317,317),(26249,1,0,'2016-09-02','Morning',10253,10319,319),(26250,1,0,'2016-09-02','AfterNoon',10253,10319,319),(26251,1,0,'2016-09-02','Evening',10253,10319,319),(26252,1,0,'2016-09-02','Morning',10254,10321,321),(26253,1,0,'2016-09-02','AfterNoon',10254,10321,321),(26254,1,0,'2016-09-02','Evening',10254,10321,321),(26255,1,0,'2016-09-02','Morning',10255,10323,323),(26256,1,0,'2016-09-02','AfterNoon',10255,10323,323),(26257,1,0,'2016-09-02','Evening',10255,10323,323),(26258,1,0,'2016-09-02','Morning',10256,10324,324),(26259,1,0,'2016-09-02','AfterNoon',10256,10324,324),(26260,1,0,'2016-09-02','Evening',10256,10324,324),(26261,1,0,'2016-09-02','Morning',10256,10327,327),(26262,1,0,'2016-09-02','AfterNoon',10256,10327,327),(26263,1,0,'2016-09-02','Evening',10256,10327,327),(26264,1,0,'2016-09-02','Morning',10257,10329,329),(26265,1,0,'2016-09-02','AfterNoon',10257,10329,329),(26266,1,0,'2016-09-02','Evening',10257,10329,329),(26267,1,0,'2016-09-02','Morning',10215,10352,353),(26268,1,0,'2016-09-02','AfterNoon',10215,10352,353),(26269,1,0,'2016-09-02','Evening',10215,10352,353),(26270,1,0,'2016-09-02','Morning',10249,10400,401),(26271,1,0,'2016-09-02','AfterNoon',10249,10400,401),(26272,1,0,'2016-09-02','Evening',10249,10400,401),(26273,1,0,'2016-09-02','Morning',10253,10401,402),(26274,1,0,'2016-09-02','AfterNoon',10253,10401,402),(26275,1,0,'2016-09-02','Evening',10253,10401,402),(26276,1,0,'2016-09-02','Morning',10254,10402,403),(26277,1,0,'2016-09-02','AfterNoon',10254,10402,403),(26278,1,0,'2016-09-02','Evening',10254,10402,403),(26279,1,0,'2016-09-02','Morning',10255,10403,404),(26280,1,0,'2016-09-02','AfterNoon',10255,10403,404),(26281,1,0,'2016-09-02','Evening',10255,10403,404),(26282,1,0,'2016-09-02','Morning',10256,10404,405),(26283,1,0,'2016-09-02','AfterNoon',10256,10404,405),(26284,1,0,'2016-09-02','Evening',10256,10404,405),(26306,1,0,'2016-09-03','Morning',10201,10207,208),(26307,1,0,'2016-09-03','AfterNoon',10201,10207,208),(26308,1,0,'2016-09-03','Evening',10201,10207,208),(26312,1,0,'2016-09-03','Morning',10203,10213,214),(26313,1,0,'2016-09-03','AfterNoon',10203,10213,214),(26314,1,0,'2016-09-03','Evening',10203,10213,214),(26315,1,0,'2016-09-03','Morning',10203,10215,216),(26316,1,0,'2016-09-03','AfterNoon',10203,10215,216),(26317,1,0,'2016-09-03','Evening',10203,10215,216),(26327,1,0,'2016-09-03','Morning',10207,10231,232),(26328,1,0,'2016-09-03','AfterNoon',10207,10231,232),(26329,1,0,'2016-09-03','Evening',10207,10231,232),(26330,1,0,'2016-09-03','Morning',10208,10235,236),(26331,1,0,'2016-09-03','AfterNoon',10208,10235,236),(26332,1,0,'2016-09-03','Evening',10208,10235,236),(26333,1,0,'2016-09-03','Morning',10209,10239,240),(26334,1,0,'2016-09-03','AfterNoon',10209,10239,240),(26335,1,0,'2016-09-03','Evening',10209,10239,240),(26336,1,0,'2016-09-03','Morning',10210,10243,244),(26337,1,0,'2016-09-03','AfterNoon',10210,10243,244),(26338,1,0,'2016-09-03','Evening',10210,10243,244),(26339,1,0,'2016-09-03','Morning',10211,10247,248),(26340,1,0,'2016-09-03','AfterNoon',10211,10247,248),(26341,1,0,'2016-09-03','Evening',10211,10247,248),(26342,1,0,'2016-09-03','Morning',10212,10249,250),(26343,1,0,'2016-09-03','AfterNoon',10212,10249,250),(26344,1,0,'2016-09-03','Evening',10212,10249,250),(26345,1,0,'2016-09-03','Morning',10212,10251,252),(26346,1,0,'2016-09-03','AfterNoon',10212,10251,252),(26347,1,0,'2016-09-03','Evening',10212,10251,252),(26348,1,0,'2016-09-03','Morning',10213,10253,254),(26349,1,0,'2016-09-03','AfterNoon',10213,10253,254),(26350,1,0,'2016-09-03','Evening',10213,10253,254),(26351,1,0,'2016-09-03','Morning',10214,10257,258),(26352,1,0,'2016-09-03','AfterNoon',10214,10257,258),(26353,1,0,'2016-09-03','Evening',10214,10257,258),(26354,1,0,'2016-09-03','Morning',10216,10264,265),(26355,1,0,'2016-09-03','AfterNoon',10216,10264,265),(26356,1,0,'2016-09-03','Evening',10216,10264,265),(26357,1,0,'2016-09-03','Morning',10217,10266,267),(26358,1,0,'2016-09-03','AfterNoon',10217,10266,267),(26359,1,0,'2016-09-03','Evening',10217,10266,267),(26360,1,0,'2016-09-03','Morning',10217,10267,268),(26361,1,0,'2016-09-03','AfterNoon',10217,10267,268),(26362,1,0,'2016-09-03','Evening',10217,10267,268),(26363,1,0,'2016-09-03','Morning',10217,10268,269),(26364,1,0,'2016-09-03','AfterNoon',10217,10268,269),(26365,1,0,'2016-09-03','Evening',10217,10268,269),(26366,1,0,'2016-09-03','Morning',10218,10269,270),(26367,1,0,'2016-09-03','AfterNoon',10218,10269,270),(26368,1,0,'2016-09-03','Evening',10218,10269,270),(26369,1,0,'2016-09-03','Morning',10219,10270,271),(26370,1,0,'2016-09-03','AfterNoon',10219,10270,271),(26371,1,0,'2016-09-03','Evening',10219,10270,271),(26372,1,0,'2016-09-03','Morning',10220,10271,272),(26373,1,0,'2016-09-03','AfterNoon',10220,10271,272),(26374,1,0,'2016-09-03','Evening',10220,10271,272),(26375,1,0,'2016-09-03','Morning',10221,10272,273),(26376,1,0,'2016-09-03','AfterNoon',10221,10272,273),(26377,1,0,'2016-09-03','Evening',10221,10272,273),(26378,1,0,'2016-09-03','Morning',10222,10273,274),(26379,1,0,'2016-09-03','AfterNoon',10222,10273,274),(26380,1,0,'2016-09-03','Evening',10222,10273,274),(26381,1,0,'2016-09-03','Morning',10223,10274,275),(26382,1,0,'2016-09-03','AfterNoon',10223,10274,275),(26383,1,0,'2016-09-03','Evening',10223,10274,275),(26384,1,0,'2016-09-03','Morning',10224,10275,276),(26385,1,0,'2016-09-03','AfterNoon',10224,10275,276),(26386,1,0,'2016-09-03','Evening',10224,10275,276),(26387,1,0,'2016-09-03','Morning',10225,10276,277),(26388,1,0,'2016-09-03','AfterNoon',10225,10276,277),(26389,1,0,'2016-09-03','Evening',10225,10276,277),(26390,1,0,'2016-09-03','Morning',10226,10277,278),(26391,1,0,'2016-09-03','AfterNoon',10226,10277,278),(26392,1,0,'2016-09-03','Evening',10226,10277,278),(26393,1,0,'2016-09-03','Morning',10227,10279,279),(26394,1,0,'2016-09-03','AfterNoon',10227,10279,279),(26395,1,0,'2016-09-03','Evening',10227,10279,279),(26396,1,0,'2016-09-03','Morning',10228,10280,280),(26397,1,0,'2016-09-03','AfterNoon',10228,10280,280),(26398,1,0,'2016-09-03','Evening',10228,10280,280),(26399,1,0,'2016-09-03','Morning',10229,10281,281),(26400,1,0,'2016-09-03','AfterNoon',10229,10281,281),(26401,1,0,'2016-09-03','Evening',10229,10281,281),(26402,1,0,'2016-09-03','Morning',10230,10282,282),(26403,1,0,'2016-09-03','AfterNoon',10230,10282,282),(26404,1,0,'2016-09-03','Evening',10230,10282,282),(26405,1,0,'2016-09-03','Morning',10231,10283,283),(26406,1,0,'2016-09-03','AfterNoon',10231,10283,283),(26407,1,0,'2016-09-03','Evening',10231,10283,283),(26408,1,0,'2016-09-03','Morning',10232,10284,284),(26409,1,0,'2016-09-03','AfterNoon',10232,10284,284),(26410,1,0,'2016-09-03','Evening',10232,10284,284),(26411,1,0,'2016-09-03','Morning',10233,10285,285),(26412,1,0,'2016-09-03','AfterNoon',10233,10285,285),(26413,1,0,'2016-09-03','Evening',10233,10285,285),(26414,1,0,'2016-09-03','Morning',10234,10286,286),(26415,1,0,'2016-09-03','AfterNoon',10234,10286,286),(26416,1,0,'2016-09-03','Evening',10234,10286,286),(26417,1,0,'2016-09-03','Morning',10235,10287,287),(26418,1,0,'2016-09-03','AfterNoon',10235,10287,287),(26419,1,0,'2016-09-03','Evening',10235,10287,287),(26420,1,0,'2016-09-03','Morning',10236,10288,288),(26421,1,0,'2016-09-03','AfterNoon',10236,10288,288),(26422,1,0,'2016-09-03','Evening',10236,10288,288),(26423,1,0,'2016-09-03','Morning',10237,10289,289),(26424,1,0,'2016-09-03','AfterNoon',10237,10289,289),(26425,1,0,'2016-09-03','Evening',10237,10289,289),(26426,1,0,'2016-09-03','Morning',10238,10290,290),(26427,1,0,'2016-09-03','AfterNoon',10238,10290,290),(26428,1,0,'2016-09-03','Evening',10238,10290,290),(26429,1,0,'2016-09-03','Morning',10239,10291,291),(26430,1,0,'2016-09-03','AfterNoon',10239,10291,291),(26431,1,0,'2016-09-03','Evening',10239,10291,291),(26432,1,0,'2016-09-03','Morning',10240,10292,292),(26433,1,0,'2016-09-03','AfterNoon',10240,10292,292),(26434,1,0,'2016-09-03','Evening',10240,10292,292),(26435,1,0,'2016-09-03','Morning',10241,10293,293),(26436,1,0,'2016-09-03','AfterNoon',10241,10293,293),(26437,1,0,'2016-09-03','Evening',10241,10293,293),(26438,1,0,'2016-09-03','Morning',10242,10294,294),(26439,1,0,'2016-09-03','AfterNoon',10242,10294,294),(26440,1,0,'2016-09-03','Evening',10242,10294,294),(26441,1,0,'2016-09-03','Morning',10243,10295,295),(26442,1,0,'2016-09-03','AfterNoon',10243,10295,295),(26443,1,0,'2016-09-03','Evening',10243,10295,295),(26444,1,0,'2016-09-03','Morning',10244,10296,296),(26445,1,0,'2016-09-03','AfterNoon',10244,10296,296),(26446,1,0,'2016-09-03','Evening',10244,10296,296),(26447,1,0,'2016-09-03','Morning',10245,10297,297),(26448,1,0,'2016-09-03','AfterNoon',10245,10297,297),(26449,1,0,'2016-09-03','Evening',10245,10297,297),(26450,1,0,'2016-09-03','Morning',10246,10299,299),(26451,1,0,'2016-09-03','AfterNoon',10246,10299,299),(26452,1,0,'2016-09-03','Evening',10246,10299,299),(26453,1,0,'2016-09-03','Morning',10247,10302,302),(26454,1,0,'2016-09-03','AfterNoon',10247,10302,302),(26455,1,0,'2016-09-03','Evening',10247,10302,302),(26456,1,0,'2016-09-03','Morning',10247,10303,303),(26457,1,0,'2016-09-03','AfterNoon',10247,10303,303),(26458,1,0,'2016-09-03','Evening',10247,10303,303),(26459,1,0,'2016-09-03','Morning',10248,10305,305),(26460,1,0,'2016-09-03','AfterNoon',10248,10305,305),(26461,1,0,'2016-09-03','Evening',10248,10305,305),(26462,1,0,'2016-09-03','Morning',10249,10307,307),(26463,1,0,'2016-09-03','AfterNoon',10249,10307,307),(26464,1,0,'2016-09-03','Evening',10249,10307,307),(26465,1,0,'2016-09-03','Morning',10250,10309,309),(26466,1,0,'2016-09-03','AfterNoon',10250,10309,309),(26467,1,0,'2016-09-03','Evening',10250,10309,309),(26468,1,0,'2016-09-03','Morning',10251,10312,312),(26469,1,0,'2016-09-03','AfterNoon',10251,10312,312),(26470,1,0,'2016-09-03','Evening',10251,10312,312),(26471,1,0,'2016-09-03','Morning',10252,10315,315),(26472,1,0,'2016-09-03','AfterNoon',10252,10315,315),(26473,1,0,'2016-09-03','Evening',10252,10315,315),(26474,1,0,'2016-09-03','Morning',10252,10317,317),(26475,1,0,'2016-09-03','AfterNoon',10252,10317,317),(26476,1,0,'2016-09-03','Evening',10252,10317,317),(26477,1,0,'2016-09-03','Morning',10253,10319,319),(26478,1,0,'2016-09-03','AfterNoon',10253,10319,319),(26479,1,0,'2016-09-03','Evening',10253,10319,319),(26480,1,0,'2016-09-03','Morning',10254,10321,321),(26481,1,0,'2016-09-03','AfterNoon',10254,10321,321),(26482,1,0,'2016-09-03','Evening',10254,10321,321),(26483,1,0,'2016-09-03','Morning',10255,10323,323),(26484,1,0,'2016-09-03','AfterNoon',10255,10323,323),(26485,1,0,'2016-09-03','Evening',10255,10323,323),(26486,1,0,'2016-09-03','Morning',10256,10324,324),(26487,1,0,'2016-09-03','AfterNoon',10256,10324,324),(26488,1,0,'2016-09-03','Evening',10256,10324,324),(26489,1,0,'2016-09-03','Morning',10256,10327,327),(26490,1,0,'2016-09-03','AfterNoon',10256,10327,327),(26491,1,0,'2016-09-03','Evening',10256,10327,327),(26492,1,0,'2016-09-03','Morning',10257,10329,329),(26493,1,0,'2016-09-03','AfterNoon',10257,10329,329),(26494,1,0,'2016-09-03','Evening',10257,10329,329),(26495,1,0,'2016-09-03','Morning',10215,10352,353),(26496,1,0,'2016-09-03','AfterNoon',10215,10352,353),(26497,1,0,'2016-09-03','Evening',10215,10352,353),(26498,1,0,'2016-09-03','Morning',10249,10400,401),(26499,1,0,'2016-09-03','AfterNoon',10249,10400,401),(26500,1,0,'2016-09-03','Evening',10249,10400,401),(26501,1,0,'2016-09-03','Morning',10253,10401,402),(26502,1,0,'2016-09-03','AfterNoon',10253,10401,402),(26503,1,0,'2016-09-03','Evening',10253,10401,402),(26504,1,0,'2016-09-03','Morning',10254,10402,403),(26505,1,0,'2016-09-03','AfterNoon',10254,10402,403),(26506,1,0,'2016-09-03','Evening',10254,10402,403),(26507,1,0,'2016-09-03','Morning',10255,10403,404),(26508,1,0,'2016-09-03','AfterNoon',10255,10403,404),(26509,1,0,'2016-09-03','Evening',10255,10403,404),(26510,1,0,'2016-09-03','Morning',10256,10404,405),(26511,1,0,'2016-09-03','AfterNoon',10256,10404,405),(26512,1,0,'2016-09-03','Evening',10256,10404,405),(26534,1,0,'2016-09-04','Morning',10201,10207,208),(26535,1,0,'2016-09-04','AfterNoon',10201,10207,208),(26536,1,0,'2016-09-04','Evening',10201,10207,208),(26540,1,0,'2016-09-04','Morning',10203,10213,214),(26541,1,0,'2016-09-04','AfterNoon',10203,10213,214),(26542,1,0,'2016-09-04','Evening',10203,10213,214),(26543,1,0,'2016-09-04','Morning',10203,10215,216),(26544,1,0,'2016-09-04','AfterNoon',10203,10215,216),(26545,1,0,'2016-09-04','Evening',10203,10215,216),(26555,1,0,'2016-09-04','Morning',10207,10231,232),(26556,1,0,'2016-09-04','AfterNoon',10207,10231,232),(26557,1,0,'2016-09-04','Evening',10207,10231,232),(26558,1,0,'2016-09-04','Morning',10208,10235,236),(26559,1,0,'2016-09-04','AfterNoon',10208,10235,236),(26560,1,0,'2016-09-04','Evening',10208,10235,236),(26561,1,0,'2016-09-04','Morning',10209,10239,240),(26562,1,0,'2016-09-04','AfterNoon',10209,10239,240),(26563,1,0,'2016-09-04','Evening',10209,10239,240),(26564,1,0,'2016-09-04','Morning',10210,10243,244),(26565,1,0,'2016-09-04','AfterNoon',10210,10243,244),(26566,1,0,'2016-09-04','Evening',10210,10243,244),(26567,1,0,'2016-09-04','Morning',10211,10247,248),(26568,1,0,'2016-09-04','AfterNoon',10211,10247,248),(26569,1,0,'2016-09-04','Evening',10211,10247,248),(26570,1,0,'2016-09-04','Morning',10212,10249,250),(26571,1,0,'2016-09-04','AfterNoon',10212,10249,250),(26572,1,0,'2016-09-04','Evening',10212,10249,250),(26573,1,0,'2016-09-04','Morning',10212,10251,252),(26574,1,0,'2016-09-04','AfterNoon',10212,10251,252),(26575,1,0,'2016-09-04','Evening',10212,10251,252),(26576,1,0,'2016-09-04','Morning',10213,10253,254),(26577,1,0,'2016-09-04','AfterNoon',10213,10253,254),(26578,1,0,'2016-09-04','Evening',10213,10253,254),(26579,1,0,'2016-09-04','Morning',10214,10257,258),(26580,1,0,'2016-09-04','AfterNoon',10214,10257,258),(26581,1,0,'2016-09-04','Evening',10214,10257,258),(26582,1,0,'2016-09-04','Morning',10216,10264,265),(26583,1,0,'2016-09-04','AfterNoon',10216,10264,265),(26584,1,0,'2016-09-04','Evening',10216,10264,265),(26585,1,0,'2016-09-04','Morning',10217,10266,267),(26586,1,0,'2016-09-04','AfterNoon',10217,10266,267),(26587,1,0,'2016-09-04','Evening',10217,10266,267),(26588,1,0,'2016-09-04','Morning',10217,10267,268),(26589,1,0,'2016-09-04','AfterNoon',10217,10267,268),(26590,1,0,'2016-09-04','Evening',10217,10267,268),(26591,1,0,'2016-09-04','Morning',10217,10268,269),(26592,1,0,'2016-09-04','AfterNoon',10217,10268,269),(26593,1,0,'2016-09-04','Evening',10217,10268,269),(26594,1,0,'2016-09-04','Morning',10218,10269,270),(26595,1,0,'2016-09-04','AfterNoon',10218,10269,270),(26596,1,0,'2016-09-04','Evening',10218,10269,270),(26597,1,0,'2016-09-04','Morning',10219,10270,271),(26598,1,0,'2016-09-04','AfterNoon',10219,10270,271),(26599,1,0,'2016-09-04','Evening',10219,10270,271),(26600,1,0,'2016-09-04','Morning',10220,10271,272),(26601,1,0,'2016-09-04','AfterNoon',10220,10271,272),(26602,1,0,'2016-09-04','Evening',10220,10271,272),(26603,1,0,'2016-09-04','Morning',10221,10272,273),(26604,1,0,'2016-09-04','AfterNoon',10221,10272,273),(26605,1,0,'2016-09-04','Evening',10221,10272,273),(26606,1,0,'2016-09-04','Morning',10222,10273,274),(26607,1,0,'2016-09-04','AfterNoon',10222,10273,274),(26608,1,0,'2016-09-04','Evening',10222,10273,274),(26609,1,0,'2016-09-04','Morning',10223,10274,275),(26610,1,0,'2016-09-04','AfterNoon',10223,10274,275),(26611,1,0,'2016-09-04','Evening',10223,10274,275),(26612,1,0,'2016-09-04','Morning',10224,10275,276),(26613,1,0,'2016-09-04','AfterNoon',10224,10275,276),(26614,1,0,'2016-09-04','Evening',10224,10275,276),(26615,1,0,'2016-09-04','Morning',10225,10276,277),(26616,1,0,'2016-09-04','AfterNoon',10225,10276,277),(26617,1,0,'2016-09-04','Evening',10225,10276,277),(26618,1,0,'2016-09-04','Morning',10226,10277,278),(26619,1,0,'2016-09-04','AfterNoon',10226,10277,278),(26620,1,0,'2016-09-04','Evening',10226,10277,278),(26621,1,0,'2016-09-04','Morning',10227,10279,279),(26622,1,0,'2016-09-04','AfterNoon',10227,10279,279),(26623,1,0,'2016-09-04','Evening',10227,10279,279),(26624,1,0,'2016-09-04','Morning',10228,10280,280),(26625,1,0,'2016-09-04','AfterNoon',10228,10280,280),(26626,1,0,'2016-09-04','Evening',10228,10280,280),(26627,1,0,'2016-09-04','Morning',10229,10281,281),(26628,1,0,'2016-09-04','AfterNoon',10229,10281,281),(26629,1,0,'2016-09-04','Evening',10229,10281,281),(26630,1,0,'2016-09-04','Morning',10230,10282,282),(26631,1,0,'2016-09-04','AfterNoon',10230,10282,282),(26632,1,0,'2016-09-04','Evening',10230,10282,282),(26633,1,0,'2016-09-04','Morning',10231,10283,283),(26634,1,0,'2016-09-04','AfterNoon',10231,10283,283),(26635,1,0,'2016-09-04','Evening',10231,10283,283),(26636,1,0,'2016-09-04','Morning',10232,10284,284),(26637,1,0,'2016-09-04','AfterNoon',10232,10284,284),(26638,1,0,'2016-09-04','Evening',10232,10284,284),(26639,1,0,'2016-09-04','Morning',10233,10285,285),(26640,1,0,'2016-09-04','AfterNoon',10233,10285,285),(26641,1,0,'2016-09-04','Evening',10233,10285,285),(26642,1,0,'2016-09-04','Morning',10234,10286,286),(26643,1,0,'2016-09-04','AfterNoon',10234,10286,286),(26644,1,0,'2016-09-04','Evening',10234,10286,286),(26645,1,0,'2016-09-04','Morning',10235,10287,287),(26646,1,0,'2016-09-04','AfterNoon',10235,10287,287),(26647,1,0,'2016-09-04','Evening',10235,10287,287),(26648,1,0,'2016-09-04','Morning',10236,10288,288),(26649,1,0,'2016-09-04','AfterNoon',10236,10288,288),(26650,1,0,'2016-09-04','Evening',10236,10288,288),(26651,1,0,'2016-09-04','Morning',10237,10289,289),(26652,1,0,'2016-09-04','AfterNoon',10237,10289,289),(26653,1,0,'2016-09-04','Evening',10237,10289,289),(26654,1,0,'2016-09-04','Morning',10238,10290,290),(26655,1,0,'2016-09-04','AfterNoon',10238,10290,290),(26656,1,0,'2016-09-04','Evening',10238,10290,290),(26657,1,0,'2016-09-04','Morning',10239,10291,291),(26658,1,0,'2016-09-04','AfterNoon',10239,10291,291),(26659,1,0,'2016-09-04','Evening',10239,10291,291),(26660,1,0,'2016-09-04','Morning',10240,10292,292),(26661,1,0,'2016-09-04','AfterNoon',10240,10292,292),(26662,1,0,'2016-09-04','Evening',10240,10292,292),(26663,1,0,'2016-09-04','Morning',10241,10293,293),(26664,1,0,'2016-09-04','AfterNoon',10241,10293,293),(26665,1,0,'2016-09-04','Evening',10241,10293,293),(26666,1,0,'2016-09-04','Morning',10242,10294,294),(26667,1,0,'2016-09-04','AfterNoon',10242,10294,294),(26668,1,0,'2016-09-04','Evening',10242,10294,294),(26669,1,0,'2016-09-04','Morning',10243,10295,295),(26670,1,0,'2016-09-04','AfterNoon',10243,10295,295),(26671,1,0,'2016-09-04','Evening',10243,10295,295),(26672,1,0,'2016-09-04','Morning',10244,10296,296),(26673,1,0,'2016-09-04','AfterNoon',10244,10296,296),(26674,1,0,'2016-09-04','Evening',10244,10296,296),(26675,1,0,'2016-09-04','Morning',10245,10297,297),(26676,1,0,'2016-09-04','AfterNoon',10245,10297,297),(26677,1,0,'2016-09-04','Evening',10245,10297,297),(26678,1,0,'2016-09-04','Morning',10246,10299,299),(26679,1,0,'2016-09-04','AfterNoon',10246,10299,299),(26680,1,0,'2016-09-04','Evening',10246,10299,299),(26681,1,0,'2016-09-04','Morning',10247,10302,302),(26682,1,0,'2016-09-04','AfterNoon',10247,10302,302),(26683,1,0,'2016-09-04','Evening',10247,10302,302),(26684,1,0,'2016-09-04','Morning',10247,10303,303),(26685,1,0,'2016-09-04','AfterNoon',10247,10303,303),(26686,1,0,'2016-09-04','Evening',10247,10303,303),(26687,1,0,'2016-09-04','Morning',10248,10305,305),(26688,1,0,'2016-09-04','AfterNoon',10248,10305,305),(26689,1,0,'2016-09-04','Evening',10248,10305,305),(26690,1,0,'2016-09-04','Morning',10249,10307,307),(26691,1,0,'2016-09-04','AfterNoon',10249,10307,307),(26692,1,0,'2016-09-04','Evening',10249,10307,307),(26693,1,0,'2016-09-04','Morning',10250,10309,309),(26694,1,0,'2016-09-04','AfterNoon',10250,10309,309),(26695,1,0,'2016-09-04','Evening',10250,10309,309),(26696,1,0,'2016-09-04','Morning',10251,10312,312),(26697,1,0,'2016-09-04','AfterNoon',10251,10312,312),(26698,1,0,'2016-09-04','Evening',10251,10312,312),(26699,1,0,'2016-09-04','Morning',10252,10315,315),(26700,1,0,'2016-09-04','AfterNoon',10252,10315,315),(26701,1,0,'2016-09-04','Evening',10252,10315,315),(26702,1,0,'2016-09-04','Morning',10252,10317,317),(26703,1,0,'2016-09-04','AfterNoon',10252,10317,317),(26704,1,0,'2016-09-04','Evening',10252,10317,317),(26705,1,0,'2016-09-04','Morning',10253,10319,319),(26706,1,0,'2016-09-04','AfterNoon',10253,10319,319),(26707,1,0,'2016-09-04','Evening',10253,10319,319),(26708,1,0,'2016-09-04','Morning',10254,10321,321),(26709,1,0,'2016-09-04','AfterNoon',10254,10321,321),(26710,1,0,'2016-09-04','Evening',10254,10321,321),(26711,1,0,'2016-09-04','Morning',10255,10323,323),(26712,1,0,'2016-09-04','AfterNoon',10255,10323,323),(26713,1,0,'2016-09-04','Evening',10255,10323,323),(26714,1,0,'2016-09-04','Morning',10256,10324,324),(26715,1,0,'2016-09-04','AfterNoon',10256,10324,324),(26716,1,0,'2016-09-04','Evening',10256,10324,324),(26717,1,0,'2016-09-04','Morning',10256,10327,327),(26718,1,0,'2016-09-04','AfterNoon',10256,10327,327),(26719,1,0,'2016-09-04','Evening',10256,10327,327),(26720,1,0,'2016-09-04','Morning',10257,10329,329),(26721,1,0,'2016-09-04','AfterNoon',10257,10329,329),(26722,1,0,'2016-09-04','Evening',10257,10329,329),(26723,1,0,'2016-09-04','Morning',10215,10352,353),(26724,1,0,'2016-09-04','AfterNoon',10215,10352,353),(26725,1,0,'2016-09-04','Evening',10215,10352,353),(26726,1,0,'2016-09-04','Morning',10249,10400,401),(26727,1,0,'2016-09-04','AfterNoon',10249,10400,401),(26728,1,0,'2016-09-04','Evening',10249,10400,401),(26729,1,0,'2016-09-04','Morning',10253,10401,402),(26730,1,0,'2016-09-04','AfterNoon',10253,10401,402),(26731,1,0,'2016-09-04','Evening',10253,10401,402),(26732,1,0,'2016-09-04','Morning',10254,10402,403),(26733,1,0,'2016-09-04','AfterNoon',10254,10402,403),(26734,1,0,'2016-09-04','Evening',10254,10402,403),(26735,1,0,'2016-09-04','Morning',10255,10403,404),(26736,1,0,'2016-09-04','AfterNoon',10255,10403,404),(26737,1,0,'2016-09-04','Evening',10255,10403,404),(26738,1,0,'2016-09-04','Morning',10256,10404,405),(26739,1,0,'2016-09-04','AfterNoon',10256,10404,405),(26740,1,0,'2016-09-04','Evening',10256,10404,405),(26762,1,0,'2016-09-05','Morning',10201,10207,208),(26763,1,0,'2016-09-05','AfterNoon',10201,10207,208),(26764,1,0,'2016-09-05','Evening',10201,10207,208),(26768,1,0,'2016-09-05','Morning',10203,10213,214),(26769,1,0,'2016-09-05','AfterNoon',10203,10213,214),(26770,1,0,'2016-09-05','Evening',10203,10213,214),(26771,1,0,'2016-09-05','Morning',10203,10215,216),(26772,1,0,'2016-09-05','AfterNoon',10203,10215,216),(26773,1,0,'2016-09-05','Evening',10203,10215,216),(26783,1,0,'2016-09-05','Morning',10207,10231,232),(26784,1,0,'2016-09-05','AfterNoon',10207,10231,232),(26785,1,0,'2016-09-05','Evening',10207,10231,232),(26786,1,0,'2016-09-05','Morning',10208,10235,236),(26787,1,0,'2016-09-05','AfterNoon',10208,10235,236),(26788,1,0,'2016-09-05','Evening',10208,10235,236),(26789,1,0,'2016-09-05','Morning',10209,10239,240),(26790,1,0,'2016-09-05','AfterNoon',10209,10239,240),(26791,1,0,'2016-09-05','Evening',10209,10239,240),(26792,1,0,'2016-09-05','Morning',10210,10243,244),(26793,1,0,'2016-09-05','AfterNoon',10210,10243,244),(26794,1,0,'2016-09-05','Evening',10210,10243,244),(26795,1,0,'2016-09-05','Morning',10211,10247,248),(26796,1,0,'2016-09-05','AfterNoon',10211,10247,248),(26797,1,0,'2016-09-05','Evening',10211,10247,248),(26798,1,0,'2016-09-05','Morning',10212,10249,250),(26799,1,0,'2016-09-05','AfterNoon',10212,10249,250),(26800,1,0,'2016-09-05','Evening',10212,10249,250),(26801,1,0,'2016-09-05','Morning',10212,10251,252),(26802,1,0,'2016-09-05','AfterNoon',10212,10251,252),(26803,1,0,'2016-09-05','Evening',10212,10251,252),(26804,1,0,'2016-09-05','Morning',10213,10253,254),(26805,1,0,'2016-09-05','AfterNoon',10213,10253,254),(26806,1,0,'2016-09-05','Evening',10213,10253,254),(26807,1,0,'2016-09-05','Morning',10214,10257,258),(26808,1,0,'2016-09-05','AfterNoon',10214,10257,258),(26809,1,0,'2016-09-05','Evening',10214,10257,258),(26810,1,0,'2016-09-05','Morning',10216,10264,265),(26811,1,0,'2016-09-05','AfterNoon',10216,10264,265),(26812,1,0,'2016-09-05','Evening',10216,10264,265),(26813,1,0,'2016-09-05','Morning',10217,10266,267),(26814,1,0,'2016-09-05','AfterNoon',10217,10266,267),(26815,1,0,'2016-09-05','Evening',10217,10266,267),(26816,1,0,'2016-09-05','Morning',10217,10267,268),(26817,1,0,'2016-09-05','AfterNoon',10217,10267,268),(26818,1,0,'2016-09-05','Evening',10217,10267,268),(26819,1,0,'2016-09-05','Morning',10217,10268,269),(26820,1,0,'2016-09-05','AfterNoon',10217,10268,269),(26821,1,0,'2016-09-05','Evening',10217,10268,269),(26822,1,0,'2016-09-05','Morning',10218,10269,270),(26823,1,0,'2016-09-05','AfterNoon',10218,10269,270),(26824,1,0,'2016-09-05','Evening',10218,10269,270),(26825,1,0,'2016-09-05','Morning',10219,10270,271),(26826,1,0,'2016-09-05','AfterNoon',10219,10270,271),(26827,1,0,'2016-09-05','Evening',10219,10270,271),(26828,1,0,'2016-09-05','Morning',10220,10271,272),(26829,1,0,'2016-09-05','AfterNoon',10220,10271,272),(26830,1,0,'2016-09-05','Evening',10220,10271,272),(26831,1,0,'2016-09-05','Morning',10221,10272,273),(26832,1,0,'2016-09-05','AfterNoon',10221,10272,273),(26833,1,0,'2016-09-05','Evening',10221,10272,273),(26834,1,0,'2016-09-05','Morning',10222,10273,274),(26835,1,0,'2016-09-05','AfterNoon',10222,10273,274),(26836,1,0,'2016-09-05','Evening',10222,10273,274),(26837,1,0,'2016-09-05','Morning',10223,10274,275),(26838,1,0,'2016-09-05','AfterNoon',10223,10274,275),(26839,1,0,'2016-09-05','Evening',10223,10274,275),(26840,1,0,'2016-09-05','Morning',10224,10275,276),(26841,1,0,'2016-09-05','AfterNoon',10224,10275,276),(26842,1,0,'2016-09-05','Evening',10224,10275,276),(26843,1,0,'2016-09-05','Morning',10225,10276,277),(26844,1,0,'2016-09-05','AfterNoon',10225,10276,277),(26845,1,0,'2016-09-05','Evening',10225,10276,277),(26846,1,0,'2016-09-05','Morning',10226,10277,278),(26847,1,0,'2016-09-05','AfterNoon',10226,10277,278),(26848,1,0,'2016-09-05','Evening',10226,10277,278),(26849,1,0,'2016-09-05','Morning',10227,10279,279),(26850,1,0,'2016-09-05','AfterNoon',10227,10279,279),(26851,1,0,'2016-09-05','Evening',10227,10279,279),(26852,1,0,'2016-09-05','Morning',10228,10280,280),(26853,1,0,'2016-09-05','AfterNoon',10228,10280,280),(26854,1,0,'2016-09-05','Evening',10228,10280,280),(26855,1,0,'2016-09-05','Morning',10229,10281,281),(26856,1,0,'2016-09-05','AfterNoon',10229,10281,281),(26857,1,0,'2016-09-05','Evening',10229,10281,281),(26858,1,0,'2016-09-05','Morning',10230,10282,282),(26859,1,0,'2016-09-05','AfterNoon',10230,10282,282),(26860,1,0,'2016-09-05','Evening',10230,10282,282),(26861,1,0,'2016-09-05','Morning',10231,10283,283),(26862,1,0,'2016-09-05','AfterNoon',10231,10283,283),(26863,1,0,'2016-09-05','Evening',10231,10283,283),(26864,1,0,'2016-09-05','Morning',10232,10284,284),(26865,1,0,'2016-09-05','AfterNoon',10232,10284,284),(26866,1,0,'2016-09-05','Evening',10232,10284,284),(26867,1,0,'2016-09-05','Morning',10233,10285,285),(26868,1,0,'2016-09-05','AfterNoon',10233,10285,285),(26869,1,0,'2016-09-05','Evening',10233,10285,285),(26870,1,0,'2016-09-05','Morning',10234,10286,286),(26871,1,0,'2016-09-05','AfterNoon',10234,10286,286),(26872,1,0,'2016-09-05','Evening',10234,10286,286),(26873,1,0,'2016-09-05','Morning',10235,10287,287),(26874,1,0,'2016-09-05','AfterNoon',10235,10287,287),(26875,1,0,'2016-09-05','Evening',10235,10287,287),(26876,1,0,'2016-09-05','Morning',10236,10288,288),(26877,1,0,'2016-09-05','AfterNoon',10236,10288,288),(26878,1,0,'2016-09-05','Evening',10236,10288,288),(26879,1,0,'2016-09-05','Morning',10237,10289,289),(26880,1,0,'2016-09-05','AfterNoon',10237,10289,289),(26881,1,0,'2016-09-05','Evening',10237,10289,289),(26882,1,0,'2016-09-05','Morning',10238,10290,290),(26883,1,0,'2016-09-05','AfterNoon',10238,10290,290),(26884,1,0,'2016-09-05','Evening',10238,10290,290),(26885,1,0,'2016-09-05','Morning',10239,10291,291),(26886,1,0,'2016-09-05','AfterNoon',10239,10291,291),(26887,1,0,'2016-09-05','Evening',10239,10291,291),(26888,1,0,'2016-09-05','Morning',10240,10292,292),(26889,1,0,'2016-09-05','AfterNoon',10240,10292,292),(26890,1,0,'2016-09-05','Evening',10240,10292,292),(26891,1,0,'2016-09-05','Morning',10241,10293,293),(26892,1,0,'2016-09-05','AfterNoon',10241,10293,293),(26893,1,0,'2016-09-05','Evening',10241,10293,293),(26894,1,0,'2016-09-05','Morning',10242,10294,294),(26895,1,0,'2016-09-05','AfterNoon',10242,10294,294),(26896,1,0,'2016-09-05','Evening',10242,10294,294),(26897,1,0,'2016-09-05','Morning',10243,10295,295),(26898,1,0,'2016-09-05','AfterNoon',10243,10295,295),(26899,1,0,'2016-09-05','Evening',10243,10295,295),(26900,1,0,'2016-09-05','Morning',10244,10296,296),(26901,1,0,'2016-09-05','AfterNoon',10244,10296,296),(26902,1,0,'2016-09-05','Evening',10244,10296,296),(26903,1,0,'2016-09-05','Morning',10245,10297,297),(26904,1,0,'2016-09-05','AfterNoon',10245,10297,297),(26905,1,0,'2016-09-05','Evening',10245,10297,297),(26906,1,0,'2016-09-05','Morning',10246,10299,299),(26907,1,0,'2016-09-05','AfterNoon',10246,10299,299),(26908,1,0,'2016-09-05','Evening',10246,10299,299),(26909,1,0,'2016-09-05','Morning',10247,10302,302),(26910,1,0,'2016-09-05','AfterNoon',10247,10302,302),(26911,1,0,'2016-09-05','Evening',10247,10302,302),(26912,1,0,'2016-09-05','Morning',10247,10303,303),(26913,1,0,'2016-09-05','AfterNoon',10247,10303,303),(26914,1,0,'2016-09-05','Evening',10247,10303,303),(26915,1,0,'2016-09-05','Morning',10248,10305,305),(26916,1,0,'2016-09-05','AfterNoon',10248,10305,305),(26917,1,0,'2016-09-05','Evening',10248,10305,305),(26918,1,0,'2016-09-05','Morning',10249,10307,307),(26919,1,0,'2016-09-05','AfterNoon',10249,10307,307),(26920,1,0,'2016-09-05','Evening',10249,10307,307),(26921,1,0,'2016-09-05','Morning',10250,10309,309),(26922,1,0,'2016-09-05','AfterNoon',10250,10309,309),(26923,1,0,'2016-09-05','Evening',10250,10309,309),(26924,1,0,'2016-09-05','Morning',10251,10312,312),(26925,1,0,'2016-09-05','AfterNoon',10251,10312,312),(26926,1,0,'2016-09-05','Evening',10251,10312,312),(26927,1,0,'2016-09-05','Morning',10252,10315,315),(26928,1,0,'2016-09-05','AfterNoon',10252,10315,315),(26929,1,0,'2016-09-05','Evening',10252,10315,315),(26930,1,0,'2016-09-05','Morning',10252,10317,317),(26931,1,0,'2016-09-05','AfterNoon',10252,10317,317),(26932,1,0,'2016-09-05','Evening',10252,10317,317),(26933,1,0,'2016-09-05','Morning',10253,10319,319),(26934,1,0,'2016-09-05','AfterNoon',10253,10319,319),(26935,1,0,'2016-09-05','Evening',10253,10319,319),(26936,1,0,'2016-09-05','Morning',10254,10321,321),(26937,1,0,'2016-09-05','AfterNoon',10254,10321,321),(26938,1,0,'2016-09-05','Evening',10254,10321,321),(26939,1,0,'2016-09-05','Morning',10255,10323,323),(26940,1,0,'2016-09-05','AfterNoon',10255,10323,323),(26941,1,0,'2016-09-05','Evening',10255,10323,323),(26942,1,0,'2016-09-05','Morning',10256,10324,324),(26943,1,0,'2016-09-05','AfterNoon',10256,10324,324),(26944,1,0,'2016-09-05','Evening',10256,10324,324),(26945,1,0,'2016-09-05','Morning',10256,10327,327),(26946,1,0,'2016-09-05','AfterNoon',10256,10327,327),(26947,1,0,'2016-09-05','Evening',10256,10327,327),(26948,1,0,'2016-09-05','Morning',10257,10329,329),(26949,1,0,'2016-09-05','AfterNoon',10257,10329,329),(26950,1,0,'2016-09-05','Evening',10257,10329,329),(26951,1,0,'2016-09-05','Morning',10215,10352,353),(26952,1,0,'2016-09-05','AfterNoon',10215,10352,353),(26953,1,0,'2016-09-05','Evening',10215,10352,353),(26954,1,0,'2016-09-05','Morning',10249,10400,401),(26955,1,0,'2016-09-05','AfterNoon',10249,10400,401),(26956,1,0,'2016-09-05','Evening',10249,10400,401),(26957,1,0,'2016-09-05','Morning',10253,10401,402),(26958,1,0,'2016-09-05','AfterNoon',10253,10401,402),(26959,1,0,'2016-09-05','Evening',10253,10401,402),(26960,1,0,'2016-09-05','Morning',10254,10402,403),(26961,1,0,'2016-09-05','AfterNoon',10254,10402,403),(26962,1,0,'2016-09-05','Evening',10254,10402,403),(26963,1,0,'2016-09-05','Morning',10255,10403,404),(26964,1,0,'2016-09-05','AfterNoon',10255,10403,404),(26965,1,0,'2016-09-05','Evening',10255,10403,404),(26966,1,0,'2016-09-05','Morning',10256,10404,405),(26967,1,0,'2016-09-05','AfterNoon',10256,10404,405),(26968,1,0,'2016-09-05','Evening',10256,10404,405),(26990,1,0,'2016-09-06','Morning',10201,10207,208),(26991,1,0,'2016-09-06','AfterNoon',10201,10207,208),(26992,1,0,'2016-09-06','Evening',10201,10207,208),(26996,1,0,'2016-09-06','Morning',10203,10213,214),(26997,1,0,'2016-09-06','AfterNoon',10203,10213,214),(26998,1,0,'2016-09-06','Evening',10203,10213,214),(26999,1,0,'2016-09-06','Morning',10203,10215,216),(27000,1,0,'2016-09-06','AfterNoon',10203,10215,216),(27001,1,0,'2016-09-06','Evening',10203,10215,216),(27011,1,0,'2016-09-06','Morning',10207,10231,232),(27012,1,0,'2016-09-06','AfterNoon',10207,10231,232),(27013,1,0,'2016-09-06','Evening',10207,10231,232),(27014,1,0,'2016-09-06','Morning',10208,10235,236),(27015,1,0,'2016-09-06','AfterNoon',10208,10235,236),(27016,1,0,'2016-09-06','Evening',10208,10235,236),(27017,1,0,'2016-09-06','Morning',10209,10239,240),(27018,1,0,'2016-09-06','AfterNoon',10209,10239,240),(27019,1,0,'2016-09-06','Evening',10209,10239,240),(27020,1,0,'2016-09-06','Morning',10210,10243,244),(27021,1,0,'2016-09-06','AfterNoon',10210,10243,244),(27022,1,0,'2016-09-06','Evening',10210,10243,244),(27023,1,0,'2016-09-06','Morning',10211,10247,248),(27024,1,0,'2016-09-06','AfterNoon',10211,10247,248),(27025,1,0,'2016-09-06','Evening',10211,10247,248),(27026,1,0,'2016-09-06','Morning',10212,10249,250),(27027,1,0,'2016-09-06','AfterNoon',10212,10249,250),(27028,1,0,'2016-09-06','Evening',10212,10249,250),(27029,1,0,'2016-09-06','Morning',10212,10251,252),(27030,1,0,'2016-09-06','AfterNoon',10212,10251,252),(27031,1,0,'2016-09-06','Evening',10212,10251,252),(27032,1,0,'2016-09-06','Morning',10213,10253,254),(27033,1,0,'2016-09-06','AfterNoon',10213,10253,254),(27034,1,0,'2016-09-06','Evening',10213,10253,254),(27035,1,0,'2016-09-06','Morning',10214,10257,258),(27036,1,0,'2016-09-06','AfterNoon',10214,10257,258),(27037,1,0,'2016-09-06','Evening',10214,10257,258),(27038,1,0,'2016-09-06','Morning',10216,10264,265),(27039,1,0,'2016-09-06','AfterNoon',10216,10264,265),(27040,1,0,'2016-09-06','Evening',10216,10264,265),(27041,1,0,'2016-09-06','Morning',10217,10266,267),(27042,1,0,'2016-09-06','AfterNoon',10217,10266,267),(27043,1,0,'2016-09-06','Evening',10217,10266,267),(27044,1,0,'2016-09-06','Morning',10217,10267,268),(27045,1,0,'2016-09-06','AfterNoon',10217,10267,268),(27046,1,0,'2016-09-06','Evening',10217,10267,268),(27047,1,0,'2016-09-06','Morning',10217,10268,269),(27048,1,0,'2016-09-06','AfterNoon',10217,10268,269),(27049,1,0,'2016-09-06','Evening',10217,10268,269),(27050,1,0,'2016-09-06','Morning',10218,10269,270),(27051,1,0,'2016-09-06','AfterNoon',10218,10269,270),(27052,1,0,'2016-09-06','Evening',10218,10269,270),(27053,1,0,'2016-09-06','Morning',10219,10270,271),(27054,1,0,'2016-09-06','AfterNoon',10219,10270,271),(27055,1,0,'2016-09-06','Evening',10219,10270,271),(27056,1,0,'2016-09-06','Morning',10220,10271,272),(27057,1,0,'2016-09-06','AfterNoon',10220,10271,272),(27058,1,0,'2016-09-06','Evening',10220,10271,272),(27059,1,0,'2016-09-06','Morning',10221,10272,273),(27060,1,0,'2016-09-06','AfterNoon',10221,10272,273),(27061,1,0,'2016-09-06','Evening',10221,10272,273),(27062,1,0,'2016-09-06','Morning',10222,10273,274),(27063,1,0,'2016-09-06','AfterNoon',10222,10273,274),(27064,1,0,'2016-09-06','Evening',10222,10273,274),(27065,1,0,'2016-09-06','Morning',10223,10274,275),(27066,1,0,'2016-09-06','AfterNoon',10223,10274,275),(27067,1,0,'2016-09-06','Evening',10223,10274,275),(27068,1,0,'2016-09-06','Morning',10224,10275,276),(27069,1,0,'2016-09-06','AfterNoon',10224,10275,276),(27070,1,0,'2016-09-06','Evening',10224,10275,276),(27071,1,0,'2016-09-06','Morning',10225,10276,277),(27072,1,0,'2016-09-06','AfterNoon',10225,10276,277),(27073,1,0,'2016-09-06','Evening',10225,10276,277),(27074,1,0,'2016-09-06','Morning',10226,10277,278),(27075,1,0,'2016-09-06','AfterNoon',10226,10277,278),(27076,1,0,'2016-09-06','Evening',10226,10277,278),(27077,1,0,'2016-09-06','Morning',10227,10279,279),(27078,1,0,'2016-09-06','AfterNoon',10227,10279,279),(27079,1,0,'2016-09-06','Evening',10227,10279,279),(27080,1,0,'2016-09-06','Morning',10228,10280,280),(27081,1,0,'2016-09-06','AfterNoon',10228,10280,280),(27082,1,0,'2016-09-06','Evening',10228,10280,280),(27083,1,0,'2016-09-06','Morning',10229,10281,281),(27084,1,0,'2016-09-06','AfterNoon',10229,10281,281),(27085,1,0,'2016-09-06','Evening',10229,10281,281),(27086,1,0,'2016-09-06','Morning',10230,10282,282),(27087,1,0,'2016-09-06','AfterNoon',10230,10282,282),(27088,1,0,'2016-09-06','Evening',10230,10282,282),(27089,1,0,'2016-09-06','Morning',10231,10283,283),(27090,1,0,'2016-09-06','AfterNoon',10231,10283,283),(27091,1,0,'2016-09-06','Evening',10231,10283,283),(27092,1,0,'2016-09-06','Morning',10232,10284,284),(27093,1,0,'2016-09-06','AfterNoon',10232,10284,284),(27094,1,0,'2016-09-06','Evening',10232,10284,284),(27095,1,0,'2016-09-06','Morning',10233,10285,285),(27096,1,0,'2016-09-06','AfterNoon',10233,10285,285),(27097,1,0,'2016-09-06','Evening',10233,10285,285),(27098,1,0,'2016-09-06','Morning',10234,10286,286),(27099,1,0,'2016-09-06','AfterNoon',10234,10286,286),(27100,1,0,'2016-09-06','Evening',10234,10286,286),(27101,1,0,'2016-09-06','Morning',10235,10287,287),(27102,1,0,'2016-09-06','AfterNoon',10235,10287,287),(27103,1,0,'2016-09-06','Evening',10235,10287,287),(27104,1,0,'2016-09-06','Morning',10236,10288,288),(27105,1,0,'2016-09-06','AfterNoon',10236,10288,288),(27106,1,0,'2016-09-06','Evening',10236,10288,288),(27107,1,0,'2016-09-06','Morning',10237,10289,289),(27108,1,0,'2016-09-06','AfterNoon',10237,10289,289),(27109,1,0,'2016-09-06','Evening',10237,10289,289),(27110,1,0,'2016-09-06','Morning',10238,10290,290),(27111,1,0,'2016-09-06','AfterNoon',10238,10290,290),(27112,1,0,'2016-09-06','Evening',10238,10290,290),(27113,1,0,'2016-09-06','Morning',10239,10291,291),(27114,1,0,'2016-09-06','AfterNoon',10239,10291,291),(27115,1,0,'2016-09-06','Evening',10239,10291,291),(27116,1,0,'2016-09-06','Morning',10240,10292,292),(27117,1,0,'2016-09-06','AfterNoon',10240,10292,292),(27118,1,0,'2016-09-06','Evening',10240,10292,292),(27119,1,0,'2016-09-06','Morning',10241,10293,293),(27120,1,0,'2016-09-06','AfterNoon',10241,10293,293),(27121,1,0,'2016-09-06','Evening',10241,10293,293),(27122,1,0,'2016-09-06','Morning',10242,10294,294),(27123,1,0,'2016-09-06','AfterNoon',10242,10294,294),(27124,1,0,'2016-09-06','Evening',10242,10294,294),(27125,1,0,'2016-09-06','Morning',10243,10295,295),(27126,1,0,'2016-09-06','AfterNoon',10243,10295,295),(27127,1,0,'2016-09-06','Evening',10243,10295,295),(27128,1,0,'2016-09-06','Morning',10244,10296,296),(27129,1,0,'2016-09-06','AfterNoon',10244,10296,296),(27130,1,0,'2016-09-06','Evening',10244,10296,296),(27131,1,0,'2016-09-06','Morning',10245,10297,297),(27132,1,0,'2016-09-06','AfterNoon',10245,10297,297),(27133,1,0,'2016-09-06','Evening',10245,10297,297),(27134,1,0,'2016-09-06','Morning',10246,10299,299),(27135,1,0,'2016-09-06','AfterNoon',10246,10299,299),(27136,1,0,'2016-09-06','Evening',10246,10299,299),(27137,1,0,'2016-09-06','Morning',10247,10302,302),(27138,1,0,'2016-09-06','AfterNoon',10247,10302,302),(27139,1,0,'2016-09-06','Evening',10247,10302,302),(27140,1,0,'2016-09-06','Morning',10247,10303,303),(27141,1,0,'2016-09-06','AfterNoon',10247,10303,303),(27142,1,0,'2016-09-06','Evening',10247,10303,303),(27143,1,0,'2016-09-06','Morning',10248,10305,305),(27144,1,0,'2016-09-06','AfterNoon',10248,10305,305),(27145,1,0,'2016-09-06','Evening',10248,10305,305),(27146,1,0,'2016-09-06','Morning',10249,10307,307),(27147,1,0,'2016-09-06','AfterNoon',10249,10307,307),(27148,1,0,'2016-09-06','Evening',10249,10307,307),(27149,1,0,'2016-09-06','Morning',10250,10309,309),(27150,1,0,'2016-09-06','AfterNoon',10250,10309,309),(27151,1,0,'2016-09-06','Evening',10250,10309,309),(27152,1,0,'2016-09-06','Morning',10251,10312,312),(27153,1,0,'2016-09-06','AfterNoon',10251,10312,312),(27154,1,0,'2016-09-06','Evening',10251,10312,312),(27155,1,0,'2016-09-06','Morning',10252,10315,315),(27156,1,0,'2016-09-06','AfterNoon',10252,10315,315),(27157,1,0,'2016-09-06','Evening',10252,10315,315),(27158,1,0,'2016-09-06','Morning',10252,10317,317),(27159,1,0,'2016-09-06','AfterNoon',10252,10317,317),(27160,1,0,'2016-09-06','Evening',10252,10317,317),(27161,1,0,'2016-09-06','Morning',10253,10319,319),(27162,1,0,'2016-09-06','AfterNoon',10253,10319,319),(27163,1,0,'2016-09-06','Evening',10253,10319,319),(27164,1,0,'2016-09-06','Morning',10254,10321,321),(27165,1,0,'2016-09-06','AfterNoon',10254,10321,321),(27166,1,0,'2016-09-06','Evening',10254,10321,321),(27167,1,0,'2016-09-06','Morning',10255,10323,323),(27168,1,0,'2016-09-06','AfterNoon',10255,10323,323),(27169,1,0,'2016-09-06','Evening',10255,10323,323),(27170,1,0,'2016-09-06','Morning',10256,10324,324),(27171,1,0,'2016-09-06','AfterNoon',10256,10324,324),(27172,1,0,'2016-09-06','Evening',10256,10324,324),(27173,1,0,'2016-09-06','Morning',10256,10327,327),(27174,1,0,'2016-09-06','AfterNoon',10256,10327,327),(27175,1,0,'2016-09-06','Evening',10256,10327,327),(27176,1,0,'2016-09-06','Morning',10257,10329,329),(27177,1,0,'2016-09-06','AfterNoon',10257,10329,329),(27178,1,0,'2016-09-06','Evening',10257,10329,329),(27179,1,0,'2016-09-06','Morning',10215,10352,353),(27180,1,0,'2016-09-06','AfterNoon',10215,10352,353),(27181,1,0,'2016-09-06','Evening',10215,10352,353),(27182,1,0,'2016-09-06','Morning',10249,10400,401),(27183,1,0,'2016-09-06','AfterNoon',10249,10400,401),(27184,1,0,'2016-09-06','Evening',10249,10400,401),(27185,1,0,'2016-09-06','Morning',10253,10401,402),(27186,1,0,'2016-09-06','AfterNoon',10253,10401,402),(27187,1,0,'2016-09-06','Evening',10253,10401,402),(27188,1,0,'2016-09-06','Morning',10254,10402,403),(27189,1,0,'2016-09-06','AfterNoon',10254,10402,403),(27190,1,0,'2016-09-06','Evening',10254,10402,403),(27191,1,0,'2016-09-06','Morning',10255,10403,404),(27192,1,0,'2016-09-06','AfterNoon',10255,10403,404),(27193,1,0,'2016-09-06','Evening',10255,10403,404),(27194,1,0,'2016-09-06','Morning',10256,10404,405),(27195,1,0,'2016-09-06','AfterNoon',10256,10404,405),(27196,1,0,'2016-09-06','Evening',10256,10404,405),(27201,1,0,'2016-09-06','Evening',10300,10453,452),(27202,1,0,'2016-08-25','AfterNoon',10300,10453,452),(27204,1,0,'2016-08-21','Evening',10300,10453,452),(27205,1,0,'2016-08-22','AfterNoon',10300,10453,452),(27206,1,0,'2016-08-27','Evening',10300,10453,452),(27208,1,0,'2016-08-28','AfterNoon',10300,10453,452),(27209,1,0,'2016-09-03','AfterNoon',10300,10453,452),(27210,1,0,'2016-08-26','Evening',10300,10453,452),(27211,1,0,'2016-09-01','Morning',10300,10453,452),(27212,1,0,'2016-08-22','Morning',10300,10453,452),(27213,1,0,'2016-08-31','Evening',10300,10453,452),(27215,1,0,'2016-09-04','AfterNoon',10300,10453,452),(27217,1,0,'2016-08-23','AfterNoon',10300,10453,452),(27218,1,0,'2016-08-28','Evening',10300,10453,452),(27221,1,0,'2016-08-29','Morning',10300,10453,452),(27223,1,0,'2016-09-05','Evening',10300,10453,452),(27224,1,0,'2016-08-26','Morning',10300,10453,452),(27225,1,0,'2016-09-03','Evening',10300,10453,452),(27226,1,0,'2016-08-18','AfterNoon',10300,10453,452),(27228,1,0,'2016-08-21','AfterNoon',10300,10453,452),(27229,1,0,'2016-09-01','Evening',10300,10453,452),(27230,1,0,'2016-08-27','Morning',10300,10453,452),(27232,1,0,'2016-08-30','Evening',10300,10453,452),(27233,1,0,'2016-08-29','AfterNoon',10300,10453,452),(27234,1,0,'2016-09-06','AfterNoon',10300,10453,452),(27237,1,0,'2016-09-05','AfterNoon',10300,10453,452),(27238,1,0,'2016-08-20','AfterNoon',10300,10453,452),(27239,1,0,'2016-08-19','Evening',10300,10453,452),(27242,1,0,'2016-08-24','Evening',10300,10453,452),(27243,1,0,'2016-09-02','Evening',10300,10453,452),(27248,1,0,'2016-08-19','AfterNoon',10300,10453,452),(27249,1,0,'2016-09-03','Morning',10300,10453,452),(27250,1,0,'2016-09-05','Morning',10300,10453,452),(27252,1,0,'2016-08-18','Evening',10300,10453,452),(27253,1,0,'2016-09-02','Morning',10300,10453,452),(27255,1,0,'2016-09-06','Morning',10300,10453,452),(27258,1,0,'2016-08-19','Morning',10300,10453,452),(27259,1,0,'2016-08-24','AfterNoon',10300,10453,452),(27262,1,0,'2016-08-23','Evening',10300,10453,452),(27263,1,0,'2016-08-20','Morning',10300,10453,452),(27264,1,0,'2016-08-25','Morning',10300,10453,452),(27265,1,0,'2016-09-02','AfterNoon',10300,10453,452),(27268,1,0,'2016-08-23','Morning',10300,10453,452),(27269,1,0,'2016-08-27','AfterNoon',10300,10453,452),(27270,1,0,'2016-08-30','AfterNoon',10300,10453,452),(27271,1,0,'2016-08-31','AfterNoon',10300,10453,452),(27272,1,0,'2016-08-22','Evening',10300,10453,452),(27273,1,0,'2016-08-28','Morning',10300,10453,452),(27275,1,0,'2016-08-24','Morning',10300,10453,452),(27277,1,0,'2016-09-01','AfterNoon',10300,10453,452),(27278,1,0,'2016-08-21','Morning',10300,10453,452),(27280,1,0,'2016-08-29','Evening',10300,10453,452),(27281,1,0,'2016-08-26','AfterNoon',10300,10453,452),(27282,1,0,'2016-08-20','Evening',10300,10453,452),(27285,1,0,'2016-08-25','Evening',10300,10453,452),(27286,1,0,'2016-08-30','Morning',10300,10453,452),(27289,1,0,'2016-08-18','Morning',10300,10453,452),(27290,1,0,'2016-08-31','Morning',10300,10453,452),(27291,1,0,'2016-09-04','Evening',10300,10453,452),(27293,1,0,'2016-09-04','Morning',10300,10453,452),(27301,1,0,'2016-09-07','Morning',10201,10207,208),(27302,1,0,'2016-09-07','AfterNoon',10201,10207,208),(27303,1,0,'2016-09-07','Evening',10201,10207,208),(27304,1,0,'2016-09-07','Morning',10203,10213,214),(27305,1,0,'2016-09-07','AfterNoon',10203,10213,214),(27306,1,0,'2016-09-07','Evening',10203,10213,214),(27307,1,0,'2016-09-07','Morning',10203,10215,216),(27308,1,0,'2016-09-07','AfterNoon',10203,10215,216),(27309,1,0,'2016-09-07','Evening',10203,10215,216),(27310,1,0,'2016-09-07','Morning',10207,10231,232),(27311,1,0,'2016-09-07','AfterNoon',10207,10231,232),(27312,1,0,'2016-09-07','Evening',10207,10231,232),(27313,1,0,'2016-09-07','Morning',10208,10235,236),(27314,1,0,'2016-09-07','AfterNoon',10208,10235,236),(27315,1,0,'2016-09-07','Evening',10208,10235,236),(27316,1,0,'2016-09-07','Morning',10209,10239,240),(27317,1,0,'2016-09-07','AfterNoon',10209,10239,240),(27318,1,0,'2016-09-07','Evening',10209,10239,240),(27319,1,0,'2016-09-07','Morning',10210,10243,244),(27320,1,0,'2016-09-07','AfterNoon',10210,10243,244),(27321,1,0,'2016-09-07','Evening',10210,10243,244),(27322,1,0,'2016-09-07','Morning',10211,10247,248),(27323,1,0,'2016-09-07','AfterNoon',10211,10247,248),(27324,1,0,'2016-09-07','Evening',10211,10247,248),(27325,1,0,'2016-09-07','Morning',10212,10249,250),(27326,1,0,'2016-09-07','AfterNoon',10212,10249,250),(27327,1,0,'2016-09-07','Evening',10212,10249,250),(27328,1,0,'2016-09-07','Morning',10212,10251,252),(27329,1,0,'2016-09-07','AfterNoon',10212,10251,252),(27330,1,0,'2016-09-07','Evening',10212,10251,252),(27331,1,0,'2016-09-07','Morning',10213,10253,254),(27332,1,0,'2016-09-07','AfterNoon',10213,10253,254),(27333,1,0,'2016-09-07','Evening',10213,10253,254),(27334,1,0,'2016-09-07','Morning',10214,10257,258),(27335,1,0,'2016-09-07','AfterNoon',10214,10257,258),(27336,1,0,'2016-09-07','Evening',10214,10257,258),(27337,1,0,'2016-09-07','Morning',10216,10264,265),(27338,1,0,'2016-09-07','AfterNoon',10216,10264,265),(27339,1,0,'2016-09-07','Evening',10216,10264,265),(27340,1,0,'2016-09-07','Morning',10217,10266,267),(27341,1,0,'2016-09-07','AfterNoon',10217,10266,267),(27342,1,0,'2016-09-07','Evening',10217,10266,267),(27343,1,0,'2016-09-07','Morning',10217,10267,268),(27344,1,0,'2016-09-07','AfterNoon',10217,10267,268),(27345,1,0,'2016-09-07','Evening',10217,10267,268),(27346,1,0,'2016-09-07','Morning',10217,10268,269),(27347,1,0,'2016-09-07','AfterNoon',10217,10268,269),(27348,1,0,'2016-09-07','Evening',10217,10268,269),(27349,1,0,'2016-09-07','Morning',10218,10269,270),(27350,1,0,'2016-09-07','AfterNoon',10218,10269,270),(27351,1,0,'2016-09-07','Evening',10218,10269,270),(27352,1,0,'2016-09-07','Morning',10219,10270,271),(27353,1,0,'2016-09-07','AfterNoon',10219,10270,271),(27354,1,0,'2016-09-07','Evening',10219,10270,271),(27355,1,0,'2016-09-07','Morning',10220,10271,272),(27356,1,0,'2016-09-07','AfterNoon',10220,10271,272),(27357,1,0,'2016-09-07','Evening',10220,10271,272),(27358,1,0,'2016-09-07','Morning',10221,10272,273),(27359,1,0,'2016-09-07','AfterNoon',10221,10272,273),(27360,1,0,'2016-09-07','Evening',10221,10272,273),(27361,1,0,'2016-09-07','Morning',10222,10273,274),(27362,1,0,'2016-09-07','AfterNoon',10222,10273,274),(27363,1,0,'2016-09-07','Evening',10222,10273,274),(27364,1,0,'2016-09-07','Morning',10223,10274,275),(27365,1,0,'2016-09-07','AfterNoon',10223,10274,275),(27366,1,0,'2016-09-07','Evening',10223,10274,275),(27367,1,0,'2016-09-07','Morning',10224,10275,276),(27368,1,0,'2016-09-07','AfterNoon',10224,10275,276),(27369,1,0,'2016-09-07','Evening',10224,10275,276),(27370,1,0,'2016-09-07','Morning',10225,10276,277),(27371,1,0,'2016-09-07','AfterNoon',10225,10276,277),(27372,1,0,'2016-09-07','Evening',10225,10276,277),(27373,1,0,'2016-09-07','Morning',10226,10277,278),(27374,1,0,'2016-09-07','AfterNoon',10226,10277,278),(27375,1,0,'2016-09-07','Evening',10226,10277,278),(27376,1,0,'2016-09-07','Morning',10227,10279,279),(27377,1,0,'2016-09-07','AfterNoon',10227,10279,279),(27378,1,0,'2016-09-07','Evening',10227,10279,279),(27379,1,0,'2016-09-07','Morning',10228,10280,280),(27380,1,0,'2016-09-07','AfterNoon',10228,10280,280),(27381,1,0,'2016-09-07','Evening',10228,10280,280),(27382,1,0,'2016-09-07','Morning',10229,10281,281),(27383,1,0,'2016-09-07','AfterNoon',10229,10281,281),(27384,1,0,'2016-09-07','Evening',10229,10281,281),(27385,1,0,'2016-09-07','Morning',10230,10282,282),(27386,1,0,'2016-09-07','AfterNoon',10230,10282,282),(27387,1,0,'2016-09-07','Evening',10230,10282,282),(27388,1,0,'2016-09-07','Morning',10231,10283,283),(27389,1,0,'2016-09-07','AfterNoon',10231,10283,283),(27390,1,0,'2016-09-07','Evening',10231,10283,283),(27391,1,0,'2016-09-07','Morning',10232,10284,284),(27392,1,0,'2016-09-07','AfterNoon',10232,10284,284),(27393,1,0,'2016-09-07','Evening',10232,10284,284),(27394,1,0,'2016-09-07','Morning',10233,10285,285),(27395,1,0,'2016-09-07','AfterNoon',10233,10285,285),(27396,1,0,'2016-09-07','Evening',10233,10285,285),(27397,1,0,'2016-09-07','Morning',10234,10286,286),(27398,1,0,'2016-09-07','AfterNoon',10234,10286,286),(27399,1,0,'2016-09-07','Evening',10234,10286,286),(27400,1,0,'2016-09-07','Morning',10235,10287,287),(27401,1,0,'2016-09-07','AfterNoon',10235,10287,287),(27402,1,0,'2016-09-07','Evening',10235,10287,287),(27403,1,0,'2016-09-07','Morning',10236,10288,288),(27404,1,0,'2016-09-07','AfterNoon',10236,10288,288),(27405,1,0,'2016-09-07','Evening',10236,10288,288),(27406,1,0,'2016-09-07','Morning',10237,10289,289),(27407,1,0,'2016-09-07','AfterNoon',10237,10289,289),(27408,1,0,'2016-09-07','Evening',10237,10289,289),(27409,1,0,'2016-09-07','Morning',10238,10290,290),(27410,1,0,'2016-09-07','AfterNoon',10238,10290,290),(27411,1,0,'2016-09-07','Evening',10238,10290,290),(27412,1,0,'2016-09-07','Morning',10239,10291,291),(27413,1,0,'2016-09-07','AfterNoon',10239,10291,291),(27414,1,0,'2016-09-07','Evening',10239,10291,291),(27415,1,0,'2016-09-07','Morning',10240,10292,292),(27416,1,0,'2016-09-07','AfterNoon',10240,10292,292),(27417,1,0,'2016-09-07','Evening',10240,10292,292),(27418,1,0,'2016-09-07','Morning',10241,10293,293),(27419,1,0,'2016-09-07','AfterNoon',10241,10293,293),(27420,1,0,'2016-09-07','Evening',10241,10293,293),(27421,1,0,'2016-09-07','Morning',10242,10294,294),(27422,1,0,'2016-09-07','AfterNoon',10242,10294,294),(27423,1,0,'2016-09-07','Evening',10242,10294,294),(27424,1,0,'2016-09-07','Morning',10243,10295,295),(27425,1,0,'2016-09-07','AfterNoon',10243,10295,295),(27426,1,0,'2016-09-07','Evening',10243,10295,295),(27427,1,0,'2016-09-07','Morning',10244,10296,296),(27428,1,0,'2016-09-07','AfterNoon',10244,10296,296),(27429,1,0,'2016-09-07','Evening',10244,10296,296),(27430,1,0,'2016-09-07','Morning',10245,10297,297),(27431,1,0,'2016-09-07','AfterNoon',10245,10297,297),(27432,1,0,'2016-09-07','Evening',10245,10297,297),(27433,1,0,'2016-09-07','Morning',10246,10299,299),(27434,1,0,'2016-09-07','AfterNoon',10246,10299,299),(27435,1,0,'2016-09-07','Evening',10246,10299,299),(27436,1,0,'2016-09-07','Morning',10247,10302,302),(27437,1,0,'2016-09-07','AfterNoon',10247,10302,302),(27438,1,0,'2016-09-07','Evening',10247,10302,302),(27439,1,0,'2016-09-07','Morning',10247,10303,303),(27440,1,0,'2016-09-07','AfterNoon',10247,10303,303),(27441,1,0,'2016-09-07','Evening',10247,10303,303),(27442,1,0,'2016-09-07','Morning',10248,10305,305),(27443,1,0,'2016-09-07','AfterNoon',10248,10305,305),(27444,1,0,'2016-09-07','Evening',10248,10305,305),(27445,1,0,'2016-09-07','Morning',10249,10307,307),(27446,1,0,'2016-09-07','AfterNoon',10249,10307,307),(27447,1,0,'2016-09-07','Evening',10249,10307,307),(27448,1,0,'2016-09-07','Morning',10250,10309,309),(27449,1,0,'2016-09-07','AfterNoon',10250,10309,309),(27450,1,0,'2016-09-07','Evening',10250,10309,309),(27451,1,0,'2016-09-07','Morning',10251,10312,312),(27452,1,0,'2016-09-07','AfterNoon',10251,10312,312),(27453,1,0,'2016-09-07','Evening',10251,10312,312),(27454,1,0,'2016-09-07','Morning',10252,10315,315),(27455,1,0,'2016-09-07','AfterNoon',10252,10315,315),(27456,1,0,'2016-09-07','Evening',10252,10315,315),(27457,1,0,'2016-09-07','Morning',10252,10317,317),(27458,1,0,'2016-09-07','AfterNoon',10252,10317,317),(27459,1,0,'2016-09-07','Evening',10252,10317,317),(27460,1,0,'2016-09-07','Morning',10253,10319,319),(27461,1,0,'2016-09-07','AfterNoon',10253,10319,319),(27462,1,0,'2016-09-07','Evening',10253,10319,319),(27463,1,0,'2016-09-07','Morning',10254,10321,321),(27464,1,0,'2016-09-07','AfterNoon',10254,10321,321),(27465,1,0,'2016-09-07','Evening',10254,10321,321),(27466,1,0,'2016-09-07','Morning',10255,10323,323),(27467,1,0,'2016-09-07','AfterNoon',10255,10323,323),(27468,1,0,'2016-09-07','Evening',10255,10323,323),(27469,1,0,'2016-09-07','Morning',10256,10324,324),(27470,1,0,'2016-09-07','AfterNoon',10256,10324,324),(27471,1,0,'2016-09-07','Evening',10256,10324,324),(27472,1,0,'2016-09-07','Morning',10256,10327,327),(27473,1,0,'2016-09-07','AfterNoon',10256,10327,327),(27474,1,0,'2016-09-07','Evening',10256,10327,327),(27475,1,0,'2016-09-07','Morning',10257,10329,329),(27476,1,0,'2016-09-07','AfterNoon',10257,10329,329),(27477,1,0,'2016-09-07','Evening',10257,10329,329),(27478,1,0,'2016-09-07','Morning',10215,10352,353),(27479,1,0,'2016-09-07','AfterNoon',10215,10352,353),(27480,1,0,'2016-09-07','Evening',10215,10352,353),(27481,1,0,'2016-09-07','Morning',10249,10400,401),(27482,1,0,'2016-09-07','AfterNoon',10249,10400,401),(27483,1,0,'2016-09-07','Evening',10249,10400,401),(27484,1,0,'2016-09-07','Morning',10253,10401,402),(27485,1,0,'2016-09-07','AfterNoon',10253,10401,402),(27486,1,0,'2016-09-07','Evening',10253,10401,402),(27487,1,0,'2016-09-07','Morning',10254,10402,403),(27488,1,0,'2016-09-07','AfterNoon',10254,10402,403),(27489,1,0,'2016-09-07','Evening',10254,10402,403),(27490,1,0,'2016-09-07','Morning',10255,10403,404),(27491,1,0,'2016-09-07','AfterNoon',10255,10403,404),(27492,1,0,'2016-09-07','Evening',10255,10403,404),(27493,1,0,'2016-09-07','Morning',10256,10404,405),(27494,1,0,'2016-09-07','AfterNoon',10256,10404,405),(27495,1,0,'2016-09-07','Evening',10256,10404,405),(27496,1,0,'2016-09-07','Morning',10300,10453,452),(27497,1,0,'2016-09-07','AfterNoon',10300,10453,452),(27498,1,0,'2016-09-07','Evening',10300,10453,452),(27501,1,0,'2016-09-08','Morning',10201,10207,208),(27502,1,0,'2016-09-08','AfterNoon',10201,10207,208),(27503,1,0,'2016-09-08','Evening',10201,10207,208),(27504,1,0,'2016-09-08','Morning',10203,10213,214),(27505,1,0,'2016-09-08','AfterNoon',10203,10213,214),(27506,1,0,'2016-09-08','Evening',10203,10213,214),(27507,1,0,'2016-09-08','Morning',10203,10215,216),(27508,1,0,'2016-09-08','AfterNoon',10203,10215,216),(27509,1,0,'2016-09-08','Evening',10203,10215,216),(27510,1,0,'2016-09-08','Morning',10207,10231,232),(27511,1,0,'2016-09-08','AfterNoon',10207,10231,232),(27512,1,0,'2016-09-08','Evening',10207,10231,232),(27513,1,0,'2016-09-08','Morning',10208,10235,236),(27514,1,0,'2016-09-08','AfterNoon',10208,10235,236),(27515,1,0,'2016-09-08','Evening',10208,10235,236),(27516,1,0,'2016-09-08','Morning',10209,10239,240),(27517,1,0,'2016-09-08','AfterNoon',10209,10239,240),(27518,1,0,'2016-09-08','Evening',10209,10239,240),(27519,1,0,'2016-09-08','Morning',10210,10243,244),(27520,1,0,'2016-09-08','AfterNoon',10210,10243,244),(27521,1,0,'2016-09-08','Evening',10210,10243,244),(27522,1,0,'2016-09-08','Morning',10211,10247,248),(27523,1,0,'2016-09-08','AfterNoon',10211,10247,248),(27524,1,0,'2016-09-08','Evening',10211,10247,248),(27525,1,0,'2016-09-08','Morning',10212,10249,250),(27526,1,0,'2016-09-08','AfterNoon',10212,10249,250),(27527,1,0,'2016-09-08','Evening',10212,10249,250),(27528,1,0,'2016-09-08','Morning',10212,10251,252),(27529,1,0,'2016-09-08','AfterNoon',10212,10251,252),(27530,1,0,'2016-09-08','Evening',10212,10251,252),(27531,1,0,'2016-09-08','Morning',10213,10253,254),(27532,1,0,'2016-09-08','AfterNoon',10213,10253,254),(27533,1,0,'2016-09-08','Evening',10213,10253,254),(27534,1,0,'2016-09-08','Morning',10214,10257,258),(27535,1,0,'2016-09-08','AfterNoon',10214,10257,258),(27536,1,0,'2016-09-08','Evening',10214,10257,258),(27537,1,0,'2016-09-08','Morning',10216,10264,265),(27538,1,0,'2016-09-08','AfterNoon',10216,10264,265),(27539,1,0,'2016-09-08','Evening',10216,10264,265),(27540,1,0,'2016-09-08','Morning',10217,10266,267),(27541,1,0,'2016-09-08','AfterNoon',10217,10266,267),(27542,1,0,'2016-09-08','Evening',10217,10266,267),(27543,1,0,'2016-09-08','Morning',10217,10267,268),(27544,1,0,'2016-09-08','AfterNoon',10217,10267,268),(27545,1,0,'2016-09-08','Evening',10217,10267,268),(27546,1,0,'2016-09-08','Morning',10217,10268,269),(27547,1,0,'2016-09-08','AfterNoon',10217,10268,269),(27548,1,0,'2016-09-08','Evening',10217,10268,269),(27549,1,0,'2016-09-08','Morning',10218,10269,270),(27550,1,0,'2016-09-08','AfterNoon',10218,10269,270),(27551,1,0,'2016-09-08','Evening',10218,10269,270),(27552,1,0,'2016-09-08','Morning',10219,10270,271),(27553,1,0,'2016-09-08','AfterNoon',10219,10270,271),(27554,1,0,'2016-09-08','Evening',10219,10270,271),(27555,1,0,'2016-09-08','Morning',10220,10271,272),(27556,1,0,'2016-09-08','AfterNoon',10220,10271,272),(27557,1,0,'2016-09-08','Evening',10220,10271,272),(27558,1,0,'2016-09-08','Morning',10221,10272,273),(27559,1,0,'2016-09-08','AfterNoon',10221,10272,273),(27560,1,0,'2016-09-08','Evening',10221,10272,273),(27561,1,0,'2016-09-08','Morning',10222,10273,274),(27562,1,0,'2016-09-08','AfterNoon',10222,10273,274),(27563,1,0,'2016-09-08','Evening',10222,10273,274),(27564,1,0,'2016-09-08','Morning',10223,10274,275),(27565,1,0,'2016-09-08','AfterNoon',10223,10274,275),(27566,1,0,'2016-09-08','Evening',10223,10274,275),(27567,1,0,'2016-09-08','Morning',10224,10275,276),(27568,1,0,'2016-09-08','AfterNoon',10224,10275,276),(27569,1,0,'2016-09-08','Evening',10224,10275,276),(27570,1,0,'2016-09-08','Morning',10225,10276,277),(27571,1,0,'2016-09-08','AfterNoon',10225,10276,277),(27572,1,0,'2016-09-08','Evening',10225,10276,277),(27573,1,0,'2016-09-08','Morning',10226,10277,278),(27574,1,0,'2016-09-08','AfterNoon',10226,10277,278),(27575,1,0,'2016-09-08','Evening',10226,10277,278),(27576,1,0,'2016-09-08','Morning',10227,10279,279),(27577,1,0,'2016-09-08','AfterNoon',10227,10279,279),(27578,1,0,'2016-09-08','Evening',10227,10279,279),(27579,1,0,'2016-09-08','Morning',10228,10280,280),(27580,1,0,'2016-09-08','AfterNoon',10228,10280,280),(27581,1,0,'2016-09-08','Evening',10228,10280,280),(27582,1,0,'2016-09-08','Morning',10229,10281,281),(27583,1,0,'2016-09-08','AfterNoon',10229,10281,281),(27584,1,0,'2016-09-08','Evening',10229,10281,281),(27585,1,0,'2016-09-08','Morning',10230,10282,282),(27586,1,0,'2016-09-08','AfterNoon',10230,10282,282),(27587,1,0,'2016-09-08','Evening',10230,10282,282),(27588,1,0,'2016-09-08','Morning',10231,10283,283),(27589,1,0,'2016-09-08','AfterNoon',10231,10283,283),(27590,1,0,'2016-09-08','Evening',10231,10283,283),(27591,1,0,'2016-09-08','Morning',10232,10284,284),(27592,1,0,'2016-09-08','AfterNoon',10232,10284,284),(27593,1,0,'2016-09-08','Evening',10232,10284,284),(27594,1,0,'2016-09-08','Morning',10233,10285,285),(27595,1,0,'2016-09-08','AfterNoon',10233,10285,285),(27596,1,0,'2016-09-08','Evening',10233,10285,285),(27597,1,0,'2016-09-08','Morning',10234,10286,286),(27598,1,0,'2016-09-08','AfterNoon',10234,10286,286),(27599,1,0,'2016-09-08','Evening',10234,10286,286),(27600,1,0,'2016-09-08','Morning',10235,10287,287),(27601,1,0,'2016-09-08','AfterNoon',10235,10287,287),(27602,1,0,'2016-09-08','Evening',10235,10287,287),(27603,1,0,'2016-09-08','Morning',10236,10288,288),(27604,1,0,'2016-09-08','AfterNoon',10236,10288,288),(27605,1,0,'2016-09-08','Evening',10236,10288,288),(27606,1,0,'2016-09-08','Morning',10237,10289,289),(27607,1,0,'2016-09-08','AfterNoon',10237,10289,289),(27608,1,0,'2016-09-08','Evening',10237,10289,289),(27609,1,0,'2016-09-08','Morning',10238,10290,290),(27610,1,0,'2016-09-08','AfterNoon',10238,10290,290),(27611,1,0,'2016-09-08','Evening',10238,10290,290),(27612,1,0,'2016-09-08','Morning',10239,10291,291),(27613,1,0,'2016-09-08','AfterNoon',10239,10291,291),(27614,1,0,'2016-09-08','Evening',10239,10291,291),(27615,1,0,'2016-09-08','Morning',10240,10292,292),(27616,1,0,'2016-09-08','AfterNoon',10240,10292,292),(27617,1,0,'2016-09-08','Evening',10240,10292,292),(27618,1,0,'2016-09-08','Morning',10241,10293,293),(27619,1,0,'2016-09-08','AfterNoon',10241,10293,293),(27620,1,0,'2016-09-08','Evening',10241,10293,293),(27621,1,0,'2016-09-08','Morning',10242,10294,294),(27622,1,0,'2016-09-08','AfterNoon',10242,10294,294),(27623,1,0,'2016-09-08','Evening',10242,10294,294),(27624,1,0,'2016-09-08','Morning',10243,10295,295),(27625,1,0,'2016-09-08','AfterNoon',10243,10295,295),(27626,1,0,'2016-09-08','Evening',10243,10295,295),(27627,1,0,'2016-09-08','Morning',10244,10296,296),(27628,1,0,'2016-09-08','AfterNoon',10244,10296,296),(27629,1,0,'2016-09-08','Evening',10244,10296,296),(27630,1,0,'2016-09-08','Morning',10245,10297,297),(27631,1,0,'2016-09-08','AfterNoon',10245,10297,297),(27632,1,0,'2016-09-08','Evening',10245,10297,297),(27633,1,0,'2016-09-08','Morning',10246,10299,299),(27634,1,0,'2016-09-08','AfterNoon',10246,10299,299),(27635,1,0,'2016-09-08','Evening',10246,10299,299),(27636,1,0,'2016-09-08','Morning',10247,10302,302),(27637,1,0,'2016-09-08','AfterNoon',10247,10302,302),(27638,1,0,'2016-09-08','Evening',10247,10302,302),(27639,1,0,'2016-09-08','Morning',10247,10303,303),(27640,1,0,'2016-09-08','AfterNoon',10247,10303,303),(27641,1,0,'2016-09-08','Evening',10247,10303,303),(27642,1,0,'2016-09-08','Morning',10248,10305,305),(27643,1,0,'2016-09-08','AfterNoon',10248,10305,305),(27644,1,0,'2016-09-08','Evening',10248,10305,305),(27645,1,0,'2016-09-08','Morning',10249,10307,307),(27646,1,0,'2016-09-08','AfterNoon',10249,10307,307),(27647,1,0,'2016-09-08','Evening',10249,10307,307),(27648,1,0,'2016-09-08','Morning',10250,10309,309),(27649,1,0,'2016-09-08','AfterNoon',10250,10309,309),(27650,1,0,'2016-09-08','Evening',10250,10309,309),(27651,1,0,'2016-09-08','Morning',10251,10312,312),(27652,1,0,'2016-09-08','AfterNoon',10251,10312,312),(27653,1,0,'2016-09-08','Evening',10251,10312,312),(27654,1,0,'2016-09-08','Morning',10252,10315,315),(27655,1,0,'2016-09-08','AfterNoon',10252,10315,315),(27656,1,0,'2016-09-08','Evening',10252,10315,315),(27657,1,0,'2016-09-08','Morning',10252,10317,317),(27658,1,0,'2016-09-08','AfterNoon',10252,10317,317),(27659,1,0,'2016-09-08','Evening',10252,10317,317),(27660,1,0,'2016-09-08','Morning',10253,10319,319),(27661,1,0,'2016-09-08','AfterNoon',10253,10319,319),(27662,1,0,'2016-09-08','Evening',10253,10319,319),(27663,1,0,'2016-09-08','Morning',10254,10321,321),(27664,1,0,'2016-09-08','AfterNoon',10254,10321,321),(27665,1,0,'2016-09-08','Evening',10254,10321,321),(27666,1,0,'2016-09-08','Morning',10255,10323,323),(27667,1,0,'2016-09-08','AfterNoon',10255,10323,323),(27668,1,0,'2016-09-08','Evening',10255,10323,323),(27669,1,0,'2016-09-08','Morning',10256,10324,324),(27670,1,0,'2016-09-08','AfterNoon',10256,10324,324),(27671,1,0,'2016-09-08','Evening',10256,10324,324),(27672,1,0,'2016-09-08','Morning',10256,10327,327),(27673,1,0,'2016-09-08','AfterNoon',10256,10327,327),(27674,1,0,'2016-09-08','Evening',10256,10327,327),(27675,1,0,'2016-09-08','Morning',10257,10329,329),(27676,1,0,'2016-09-08','AfterNoon',10257,10329,329),(27677,1,0,'2016-09-08','Evening',10257,10329,329),(27678,1,0,'2016-09-08','Morning',10215,10352,353),(27679,1,0,'2016-09-08','AfterNoon',10215,10352,353),(27680,1,0,'2016-09-08','Evening',10215,10352,353),(27681,1,0,'2016-09-08','Morning',10249,10400,401),(27682,1,0,'2016-09-08','AfterNoon',10249,10400,401),(27683,1,0,'2016-09-08','Evening',10249,10400,401),(27684,1,0,'2016-09-08','Morning',10253,10401,402),(27685,1,0,'2016-09-08','AfterNoon',10253,10401,402),(27686,1,0,'2016-09-08','Evening',10253,10401,402),(27687,1,0,'2016-09-08','Morning',10254,10402,403),(27688,1,0,'2016-09-08','AfterNoon',10254,10402,403),(27689,1,0,'2016-09-08','Evening',10254,10402,403),(27690,1,0,'2016-09-08','Morning',10255,10403,404),(27691,1,0,'2016-09-08','AfterNoon',10255,10403,404),(27692,1,0,'2016-09-08','Evening',10255,10403,404),(27693,1,0,'2016-09-08','Morning',10256,10404,405),(27694,1,0,'2016-09-08','AfterNoon',10256,10404,405),(27695,1,0,'2016-09-08','Evening',10256,10404,405),(27696,1,0,'2016-09-08','Morning',10300,10453,452),(27697,1,0,'2016-09-08','AfterNoon',10300,10453,452),(27698,1,0,'2016-09-08','Evening',10300,10453,452),(27701,1,0,'2016-09-09','Morning',10201,10207,208),(27702,1,0,'2016-09-09','AfterNoon',10201,10207,208),(27703,1,0,'2016-09-09','Evening',10201,10207,208),(27704,1,0,'2016-09-09','Morning',10203,10213,214),(27705,1,0,'2016-09-09','AfterNoon',10203,10213,214),(27706,1,0,'2016-09-09','Evening',10203,10213,214),(27707,1,0,'2016-09-09','Morning',10203,10215,216),(27708,1,0,'2016-09-09','AfterNoon',10203,10215,216),(27709,1,0,'2016-09-09','Evening',10203,10215,216),(27710,1,0,'2016-09-09','Morning',10207,10231,232),(27711,1,0,'2016-09-09','AfterNoon',10207,10231,232),(27712,1,0,'2016-09-09','Evening',10207,10231,232),(27713,1,0,'2016-09-09','Morning',10208,10235,236),(27714,1,0,'2016-09-09','AfterNoon',10208,10235,236),(27715,1,0,'2016-09-09','Evening',10208,10235,236),(27716,1,0,'2016-09-09','Morning',10209,10239,240),(27717,1,0,'2016-09-09','AfterNoon',10209,10239,240),(27718,1,0,'2016-09-09','Evening',10209,10239,240),(27719,1,0,'2016-09-09','Morning',10210,10243,244),(27720,1,0,'2016-09-09','AfterNoon',10210,10243,244),(27721,1,0,'2016-09-09','Evening',10210,10243,244),(27722,1,0,'2016-09-09','Morning',10211,10247,248),(27723,1,0,'2016-09-09','AfterNoon',10211,10247,248),(27724,1,0,'2016-09-09','Evening',10211,10247,248),(27725,1,0,'2016-09-09','Morning',10212,10249,250),(27726,1,0,'2016-09-09','AfterNoon',10212,10249,250),(27727,1,0,'2016-09-09','Evening',10212,10249,250),(27728,1,0,'2016-09-09','Morning',10212,10251,252),(27729,1,0,'2016-09-09','AfterNoon',10212,10251,252),(27730,1,0,'2016-09-09','Evening',10212,10251,252),(27731,1,0,'2016-09-09','Morning',10213,10253,254),(27732,1,0,'2016-09-09','AfterNoon',10213,10253,254),(27733,1,0,'2016-09-09','Evening',10213,10253,254),(27734,1,0,'2016-09-09','Morning',10214,10257,258),(27735,1,0,'2016-09-09','AfterNoon',10214,10257,258),(27736,1,0,'2016-09-09','Evening',10214,10257,258),(27737,1,0,'2016-09-09','Morning',10216,10264,265),(27738,1,0,'2016-09-09','AfterNoon',10216,10264,265),(27739,1,0,'2016-09-09','Evening',10216,10264,265),(27740,1,0,'2016-09-09','Morning',10217,10266,267),(27741,1,0,'2016-09-09','AfterNoon',10217,10266,267),(27742,1,0,'2016-09-09','Evening',10217,10266,267),(27743,1,0,'2016-09-09','Morning',10217,10267,268),(27744,1,0,'2016-09-09','AfterNoon',10217,10267,268),(27745,1,0,'2016-09-09','Evening',10217,10267,268),(27746,1,0,'2016-09-09','Morning',10217,10268,269),(27747,1,0,'2016-09-09','AfterNoon',10217,10268,269),(27748,1,0,'2016-09-09','Evening',10217,10268,269),(27749,1,0,'2016-09-09','Morning',10218,10269,270),(27750,1,0,'2016-09-09','AfterNoon',10218,10269,270),(27751,1,0,'2016-09-09','Evening',10218,10269,270),(27752,1,0,'2016-09-09','Morning',10219,10270,271),(27753,1,0,'2016-09-09','AfterNoon',10219,10270,271),(27754,1,0,'2016-09-09','Evening',10219,10270,271),(27755,1,0,'2016-09-09','Morning',10220,10271,272),(27756,1,0,'2016-09-09','AfterNoon',10220,10271,272),(27757,1,0,'2016-09-09','Evening',10220,10271,272),(27758,1,0,'2016-09-09','Morning',10221,10272,273),(27759,1,0,'2016-09-09','AfterNoon',10221,10272,273),(27760,1,0,'2016-09-09','Evening',10221,10272,273),(27761,1,0,'2016-09-09','Morning',10222,10273,274),(27762,1,0,'2016-09-09','AfterNoon',10222,10273,274),(27763,1,0,'2016-09-09','Evening',10222,10273,274),(27764,1,0,'2016-09-09','Morning',10223,10274,275),(27765,1,0,'2016-09-09','AfterNoon',10223,10274,275),(27766,1,0,'2016-09-09','Evening',10223,10274,275),(27767,1,0,'2016-09-09','Morning',10224,10275,276),(27768,1,0,'2016-09-09','AfterNoon',10224,10275,276),(27769,1,0,'2016-09-09','Evening',10224,10275,276),(27770,1,0,'2016-09-09','Morning',10225,10276,277),(27771,1,0,'2016-09-09','AfterNoon',10225,10276,277),(27772,1,0,'2016-09-09','Evening',10225,10276,277),(27773,1,0,'2016-09-09','Morning',10226,10277,278),(27774,1,0,'2016-09-09','AfterNoon',10226,10277,278),(27775,1,0,'2016-09-09','Evening',10226,10277,278),(27776,1,0,'2016-09-09','Morning',10227,10279,279),(27777,1,0,'2016-09-09','AfterNoon',10227,10279,279),(27778,1,0,'2016-09-09','Evening',10227,10279,279),(27779,1,0,'2016-09-09','Morning',10228,10280,280),(27780,1,0,'2016-09-09','AfterNoon',10228,10280,280),(27781,1,0,'2016-09-09','Evening',10228,10280,280),(27782,1,0,'2016-09-09','Morning',10229,10281,281),(27783,1,0,'2016-09-09','AfterNoon',10229,10281,281),(27784,1,0,'2016-09-09','Evening',10229,10281,281),(27785,1,0,'2016-09-09','Morning',10230,10282,282),(27786,1,0,'2016-09-09','AfterNoon',10230,10282,282),(27787,1,0,'2016-09-09','Evening',10230,10282,282),(27788,1,0,'2016-09-09','Morning',10231,10283,283),(27789,1,0,'2016-09-09','AfterNoon',10231,10283,283),(27790,1,0,'2016-09-09','Evening',10231,10283,283),(27791,1,0,'2016-09-09','Morning',10232,10284,284),(27792,1,0,'2016-09-09','AfterNoon',10232,10284,284),(27793,1,0,'2016-09-09','Evening',10232,10284,284),(27794,1,0,'2016-09-09','Morning',10233,10285,285),(27795,1,0,'2016-09-09','AfterNoon',10233,10285,285),(27796,1,0,'2016-09-09','Evening',10233,10285,285),(27797,1,0,'2016-09-09','Morning',10234,10286,286),(27798,1,0,'2016-09-09','AfterNoon',10234,10286,286),(27799,1,0,'2016-09-09','Evening',10234,10286,286),(27800,1,0,'2016-09-09','Morning',10235,10287,287),(27801,1,0,'2016-09-09','AfterNoon',10235,10287,287),(27802,1,0,'2016-09-09','Evening',10235,10287,287),(27803,1,0,'2016-09-09','Morning',10236,10288,288),(27804,1,0,'2016-09-09','AfterNoon',10236,10288,288),(27805,1,0,'2016-09-09','Evening',10236,10288,288),(27806,1,0,'2016-09-09','Morning',10237,10289,289),(27807,1,0,'2016-09-09','AfterNoon',10237,10289,289),(27808,1,0,'2016-09-09','Evening',10237,10289,289),(27809,1,0,'2016-09-09','Morning',10238,10290,290),(27810,1,0,'2016-09-09','AfterNoon',10238,10290,290),(27811,1,0,'2016-09-09','Evening',10238,10290,290),(27812,1,0,'2016-09-09','Morning',10239,10291,291),(27813,1,0,'2016-09-09','AfterNoon',10239,10291,291),(27814,1,0,'2016-09-09','Evening',10239,10291,291),(27815,1,0,'2016-09-09','Morning',10240,10292,292),(27816,1,0,'2016-09-09','AfterNoon',10240,10292,292),(27817,1,0,'2016-09-09','Evening',10240,10292,292),(27818,1,0,'2016-09-09','Morning',10241,10293,293),(27819,1,0,'2016-09-09','AfterNoon',10241,10293,293),(27820,1,0,'2016-09-09','Evening',10241,10293,293),(27821,1,0,'2016-09-09','Morning',10242,10294,294),(27822,1,0,'2016-09-09','AfterNoon',10242,10294,294),(27823,1,0,'2016-09-09','Evening',10242,10294,294),(27824,1,0,'2016-09-09','Morning',10243,10295,295),(27825,1,0,'2016-09-09','AfterNoon',10243,10295,295),(27826,1,0,'2016-09-09','Evening',10243,10295,295),(27827,1,0,'2016-09-09','Morning',10244,10296,296),(27828,1,0,'2016-09-09','AfterNoon',10244,10296,296),(27829,1,0,'2016-09-09','Evening',10244,10296,296),(27830,1,0,'2016-09-09','Morning',10245,10297,297),(27831,1,0,'2016-09-09','AfterNoon',10245,10297,297),(27832,1,0,'2016-09-09','Evening',10245,10297,297),(27833,1,0,'2016-09-09','Morning',10246,10299,299),(27834,1,0,'2016-09-09','AfterNoon',10246,10299,299),(27835,1,0,'2016-09-09','Evening',10246,10299,299),(27836,1,0,'2016-09-09','Morning',10247,10302,302),(27837,1,0,'2016-09-09','AfterNoon',10247,10302,302),(27838,1,0,'2016-09-09','Evening',10247,10302,302),(27839,1,0,'2016-09-09','Morning',10247,10303,303),(27840,1,0,'2016-09-09','AfterNoon',10247,10303,303),(27841,1,0,'2016-09-09','Evening',10247,10303,303),(27842,1,0,'2016-09-09','Morning',10248,10305,305),(27843,1,0,'2016-09-09','AfterNoon',10248,10305,305),(27844,1,0,'2016-09-09','Evening',10248,10305,305),(27845,1,0,'2016-09-09','Morning',10249,10307,307),(27846,1,0,'2016-09-09','AfterNoon',10249,10307,307),(27847,1,0,'2016-09-09','Evening',10249,10307,307),(27848,1,0,'2016-09-09','Morning',10250,10309,309),(27849,1,0,'2016-09-09','AfterNoon',10250,10309,309),(27850,1,0,'2016-09-09','Evening',10250,10309,309),(27851,1,0,'2016-09-09','Morning',10251,10312,312),(27852,1,0,'2016-09-09','AfterNoon',10251,10312,312),(27853,1,0,'2016-09-09','Evening',10251,10312,312),(27854,1,0,'2016-09-09','Morning',10252,10315,315),(27855,1,0,'2016-09-09','AfterNoon',10252,10315,315),(27856,1,0,'2016-09-09','Evening',10252,10315,315),(27857,1,0,'2016-09-09','Morning',10252,10317,317),(27858,1,0,'2016-09-09','AfterNoon',10252,10317,317),(27859,1,0,'2016-09-09','Evening',10252,10317,317),(27860,1,0,'2016-09-09','Morning',10253,10319,319),(27861,1,0,'2016-09-09','AfterNoon',10253,10319,319),(27862,1,0,'2016-09-09','Evening',10253,10319,319),(27863,1,0,'2016-09-09','Morning',10254,10321,321),(27864,1,0,'2016-09-09','AfterNoon',10254,10321,321),(27865,1,0,'2016-09-09','Evening',10254,10321,321),(27866,1,0,'2016-09-09','Morning',10255,10323,323),(27867,1,0,'2016-09-09','AfterNoon',10255,10323,323),(27868,1,0,'2016-09-09','Evening',10255,10323,323),(27869,1,0,'2016-09-09','Morning',10256,10324,324),(27870,1,0,'2016-09-09','AfterNoon',10256,10324,324),(27871,1,0,'2016-09-09','Evening',10256,10324,324),(27872,1,0,'2016-09-09','Morning',10256,10327,327),(27873,1,0,'2016-09-09','AfterNoon',10256,10327,327),(27874,1,0,'2016-09-09','Evening',10256,10327,327),(27875,1,0,'2016-09-09','Morning',10257,10329,329),(27876,1,0,'2016-09-09','AfterNoon',10257,10329,329),(27877,1,0,'2016-09-09','Evening',10257,10329,329),(27878,1,0,'2016-09-09','Morning',10215,10352,353),(27879,1,0,'2016-09-09','AfterNoon',10215,10352,353),(27880,1,0,'2016-09-09','Evening',10215,10352,353),(27881,1,0,'2016-09-09','Morning',10249,10400,401),(27882,1,0,'2016-09-09','AfterNoon',10249,10400,401),(27883,1,0,'2016-09-09','Evening',10249,10400,401),(27884,1,0,'2016-09-09','Morning',10253,10401,402),(27885,1,0,'2016-09-09','AfterNoon',10253,10401,402),(27886,1,0,'2016-09-09','Evening',10253,10401,402),(27887,1,0,'2016-09-09','Morning',10254,10402,403),(27888,1,0,'2016-09-09','AfterNoon',10254,10402,403),(27889,1,0,'2016-09-09','Evening',10254,10402,403),(27890,1,0,'2016-09-09','Morning',10255,10403,404),(27891,1,0,'2016-09-09','AfterNoon',10255,10403,404),(27892,1,0,'2016-09-09','Evening',10255,10403,404),(27893,1,0,'2016-09-09','Morning',10256,10404,405),(27894,1,0,'2016-09-09','AfterNoon',10256,10404,405),(27895,1,0,'2016-09-09','Evening',10256,10404,405),(27896,1,0,'2016-09-09','Morning',10300,10453,452),(27897,1,0,'2016-09-09','AfterNoon',10300,10453,452),(27898,1,0,'2016-09-09','Evening',10300,10453,452),(27899,1,0,'2016-09-10','Morning',10201,10207,208),(27900,1,0,'2016-09-10','AfterNoon',10201,10207,208),(27901,1,0,'2016-09-10','Evening',10201,10207,208),(27902,1,0,'2016-09-10','Morning',10203,10213,214),(27903,1,0,'2016-09-10','AfterNoon',10203,10213,214),(27904,1,0,'2016-09-10','Evening',10203,10213,214),(27905,1,0,'2016-09-10','Morning',10203,10215,216),(27906,1,0,'2016-09-10','AfterNoon',10203,10215,216),(27907,1,0,'2016-09-10','Evening',10203,10215,216),(27908,1,0,'2016-09-10','Morning',10207,10231,232),(27909,1,0,'2016-09-10','AfterNoon',10207,10231,232),(27910,1,0,'2016-09-10','Evening',10207,10231,232),(27911,1,0,'2016-09-10','Morning',10208,10235,236),(27912,1,0,'2016-09-10','AfterNoon',10208,10235,236),(27913,1,0,'2016-09-10','Evening',10208,10235,236),(27914,1,0,'2016-09-10','Morning',10209,10239,240),(27915,1,0,'2016-09-10','AfterNoon',10209,10239,240),(27916,1,0,'2016-09-10','Evening',10209,10239,240),(27917,1,0,'2016-09-10','Morning',10210,10243,244),(27918,1,0,'2016-09-10','AfterNoon',10210,10243,244),(27919,1,0,'2016-09-10','Evening',10210,10243,244),(27920,1,0,'2016-09-10','Morning',10211,10247,248),(27921,1,0,'2016-09-10','AfterNoon',10211,10247,248),(27922,1,0,'2016-09-10','Evening',10211,10247,248),(27923,1,0,'2016-09-10','Morning',10212,10249,250),(27924,1,0,'2016-09-10','AfterNoon',10212,10249,250),(27925,1,0,'2016-09-10','Evening',10212,10249,250),(27926,1,0,'2016-09-10','Morning',10212,10251,252),(27927,1,0,'2016-09-10','AfterNoon',10212,10251,252),(27928,1,0,'2016-09-10','Evening',10212,10251,252),(27929,1,0,'2016-09-10','Morning',10213,10253,254),(27930,1,0,'2016-09-10','AfterNoon',10213,10253,254),(27931,1,0,'2016-09-10','Evening',10213,10253,254),(27932,1,0,'2016-09-10','Morning',10214,10257,258),(27933,1,0,'2016-09-10','AfterNoon',10214,10257,258),(27934,1,0,'2016-09-10','Evening',10214,10257,258),(27935,1,0,'2016-09-10','Morning',10216,10264,265),(27936,1,0,'2016-09-10','AfterNoon',10216,10264,265),(27937,1,0,'2016-09-10','Evening',10216,10264,265),(27938,1,0,'2016-09-10','Morning',10217,10266,267),(27939,1,0,'2016-09-10','AfterNoon',10217,10266,267),(27940,1,0,'2016-09-10','Evening',10217,10266,267),(27941,1,0,'2016-09-10','Morning',10217,10267,268),(27942,1,0,'2016-09-10','AfterNoon',10217,10267,268),(27943,1,0,'2016-09-10','Evening',10217,10267,268),(27944,1,0,'2016-09-10','Morning',10217,10268,269),(27945,1,0,'2016-09-10','AfterNoon',10217,10268,269),(27946,1,0,'2016-09-10','Evening',10217,10268,269),(27947,1,0,'2016-09-10','Morning',10218,10269,270),(27948,1,0,'2016-09-10','AfterNoon',10218,10269,270),(27949,1,0,'2016-09-10','Evening',10218,10269,270),(27950,1,0,'2016-09-10','Morning',10219,10270,271),(27951,1,0,'2016-09-10','AfterNoon',10219,10270,271),(27952,1,0,'2016-09-10','Evening',10219,10270,271),(27953,1,0,'2016-09-10','Morning',10220,10271,272),(27954,1,0,'2016-09-10','AfterNoon',10220,10271,272),(27955,1,0,'2016-09-10','Evening',10220,10271,272),(27956,1,0,'2016-09-10','Morning',10221,10272,273),(27957,1,0,'2016-09-10','AfterNoon',10221,10272,273),(27958,1,0,'2016-09-10','Evening',10221,10272,273),(27959,1,0,'2016-09-10','Morning',10222,10273,274),(27960,1,0,'2016-09-10','AfterNoon',10222,10273,274),(27961,1,0,'2016-09-10','Evening',10222,10273,274),(27962,1,0,'2016-09-10','Morning',10223,10274,275),(27963,1,0,'2016-09-10','AfterNoon',10223,10274,275),(27964,1,0,'2016-09-10','Evening',10223,10274,275),(27965,1,0,'2016-09-10','Morning',10224,10275,276),(27966,1,0,'2016-09-10','AfterNoon',10224,10275,276),(27967,1,0,'2016-09-10','Evening',10224,10275,276),(27968,1,0,'2016-09-10','Morning',10225,10276,277),(27969,1,0,'2016-09-10','AfterNoon',10225,10276,277),(27970,1,0,'2016-09-10','Evening',10225,10276,277),(27971,1,0,'2016-09-10','Morning',10226,10277,278),(27972,1,0,'2016-09-10','AfterNoon',10226,10277,278),(27973,1,0,'2016-09-10','Evening',10226,10277,278),(27974,1,0,'2016-09-10','Morning',10227,10279,279),(27975,1,0,'2016-09-10','AfterNoon',10227,10279,279),(27976,1,0,'2016-09-10','Evening',10227,10279,279),(27977,1,0,'2016-09-10','Morning',10228,10280,280),(27978,1,0,'2016-09-10','AfterNoon',10228,10280,280),(27979,1,0,'2016-09-10','Evening',10228,10280,280),(27980,1,0,'2016-09-10','Morning',10229,10281,281),(27981,1,0,'2016-09-10','AfterNoon',10229,10281,281),(27982,1,0,'2016-09-10','Evening',10229,10281,281),(27983,1,0,'2016-09-10','Morning',10230,10282,282),(27984,1,0,'2016-09-10','AfterNoon',10230,10282,282),(27985,1,0,'2016-09-10','Evening',10230,10282,282),(27986,1,0,'2016-09-10','Morning',10231,10283,283),(27987,1,0,'2016-09-10','AfterNoon',10231,10283,283),(27988,1,0,'2016-09-10','Evening',10231,10283,283),(27989,1,0,'2016-09-10','Morning',10232,10284,284),(27990,1,0,'2016-09-10','AfterNoon',10232,10284,284),(27991,1,0,'2016-09-10','Evening',10232,10284,284),(27992,1,0,'2016-09-10','Morning',10233,10285,285),(27993,1,0,'2016-09-10','AfterNoon',10233,10285,285),(27994,1,0,'2016-09-10','Evening',10233,10285,285),(27995,1,0,'2016-09-10','Morning',10234,10286,286),(27996,1,0,'2016-09-10','AfterNoon',10234,10286,286),(27997,1,0,'2016-09-10','Evening',10234,10286,286),(27998,1,0,'2016-09-10','Morning',10235,10287,287),(27999,1,0,'2016-09-10','AfterNoon',10235,10287,287),(28000,1,0,'2016-09-10','Evening',10235,10287,287),(28001,1,0,'2016-09-10','Morning',10236,10288,288),(28002,1,0,'2016-09-10','AfterNoon',10236,10288,288),(28003,1,0,'2016-09-10','Evening',10236,10288,288),(28004,1,0,'2016-09-10','Morning',10237,10289,289),(28005,1,0,'2016-09-10','AfterNoon',10237,10289,289),(28006,1,0,'2016-09-10','Evening',10237,10289,289),(28007,1,0,'2016-09-10','Morning',10238,10290,290),(28008,1,0,'2016-09-10','AfterNoon',10238,10290,290),(28009,1,0,'2016-09-10','Evening',10238,10290,290),(28010,1,0,'2016-09-10','Morning',10239,10291,291),(28011,1,0,'2016-09-10','AfterNoon',10239,10291,291),(28012,1,0,'2016-09-10','Evening',10239,10291,291),(28013,1,0,'2016-09-10','Morning',10240,10292,292),(28014,1,0,'2016-09-10','AfterNoon',10240,10292,292),(28015,1,0,'2016-09-10','Evening',10240,10292,292),(28016,1,0,'2016-09-10','Morning',10241,10293,293),(28017,1,0,'2016-09-10','AfterNoon',10241,10293,293),(28018,1,0,'2016-09-10','Evening',10241,10293,293),(28019,1,0,'2016-09-10','Morning',10242,10294,294),(28020,1,0,'2016-09-10','AfterNoon',10242,10294,294),(28021,1,0,'2016-09-10','Evening',10242,10294,294),(28022,1,0,'2016-09-10','Morning',10243,10295,295),(28023,1,0,'2016-09-10','AfterNoon',10243,10295,295),(28024,1,0,'2016-09-10','Evening',10243,10295,295),(28025,1,0,'2016-09-10','Morning',10244,10296,296),(28026,1,0,'2016-09-10','AfterNoon',10244,10296,296),(28027,1,0,'2016-09-10','Evening',10244,10296,296),(28028,1,0,'2016-09-10','Morning',10245,10297,297),(28029,1,0,'2016-09-10','AfterNoon',10245,10297,297),(28030,1,0,'2016-09-10','Evening',10245,10297,297),(28031,1,0,'2016-09-10','Morning',10246,10299,299),(28032,1,0,'2016-09-10','AfterNoon',10246,10299,299),(28033,1,0,'2016-09-10','Evening',10246,10299,299),(28034,1,0,'2016-09-10','Morning',10247,10302,302),(28035,1,0,'2016-09-10','AfterNoon',10247,10302,302),(28036,1,0,'2016-09-10','Evening',10247,10302,302),(28037,1,0,'2016-09-10','Morning',10247,10303,303),(28038,1,0,'2016-09-10','AfterNoon',10247,10303,303),(28039,1,0,'2016-09-10','Evening',10247,10303,303),(28040,1,0,'2016-09-10','Morning',10248,10305,305),(28041,1,0,'2016-09-10','AfterNoon',10248,10305,305),(28042,1,0,'2016-09-10','Evening',10248,10305,305),(28043,1,0,'2016-09-10','Morning',10249,10307,307),(28044,1,0,'2016-09-10','AfterNoon',10249,10307,307),(28045,1,0,'2016-09-10','Evening',10249,10307,307),(28046,1,0,'2016-09-10','Morning',10250,10309,309),(28047,1,0,'2016-09-10','AfterNoon',10250,10309,309),(28048,1,0,'2016-09-10','Evening',10250,10309,309),(28049,1,0,'2016-09-10','Morning',10251,10312,312),(28050,1,0,'2016-09-10','AfterNoon',10251,10312,312),(28051,1,0,'2016-09-10','Evening',10251,10312,312),(28052,1,0,'2016-09-10','Morning',10252,10315,315),(28053,1,0,'2016-09-10','AfterNoon',10252,10315,315),(28054,1,0,'2016-09-10','Evening',10252,10315,315),(28055,1,0,'2016-09-10','Morning',10252,10317,317),(28056,1,0,'2016-09-10','AfterNoon',10252,10317,317),(28057,1,0,'2016-09-10','Evening',10252,10317,317),(28058,1,0,'2016-09-10','Morning',10253,10319,319),(28059,1,0,'2016-09-10','AfterNoon',10253,10319,319),(28060,1,0,'2016-09-10','Evening',10253,10319,319),(28061,1,0,'2016-09-10','Morning',10254,10321,321),(28062,1,0,'2016-09-10','AfterNoon',10254,10321,321),(28063,1,0,'2016-09-10','Evening',10254,10321,321),(28064,1,0,'2016-09-10','Morning',10255,10323,323),(28065,1,0,'2016-09-10','AfterNoon',10255,10323,323),(28066,1,0,'2016-09-10','Evening',10255,10323,323),(28067,1,0,'2016-09-10','Morning',10256,10324,324),(28068,1,0,'2016-09-10','AfterNoon',10256,10324,324),(28069,1,0,'2016-09-10','Evening',10256,10324,324),(28070,1,0,'2016-09-10','Morning',10256,10327,327),(28071,1,0,'2016-09-10','AfterNoon',10256,10327,327),(28072,1,0,'2016-09-10','Evening',10256,10327,327),(28073,1,0,'2016-09-10','Morning',10257,10329,329),(28074,1,0,'2016-09-10','AfterNoon',10257,10329,329),(28075,1,0,'2016-09-10','Evening',10257,10329,329),(28076,1,0,'2016-09-10','Morning',10215,10352,353),(28077,1,0,'2016-09-10','AfterNoon',10215,10352,353),(28078,1,0,'2016-09-10','Evening',10215,10352,353),(28079,1,0,'2016-09-10','Morning',10249,10400,401),(28080,1,0,'2016-09-10','AfterNoon',10249,10400,401),(28081,1,0,'2016-09-10','Evening',10249,10400,401),(28082,1,0,'2016-09-10','Morning',10253,10401,402),(28083,1,0,'2016-09-10','AfterNoon',10253,10401,402),(28084,1,0,'2016-09-10','Evening',10253,10401,402),(28085,1,0,'2016-09-10','Morning',10254,10402,403),(28086,1,0,'2016-09-10','AfterNoon',10254,10402,403),(28087,1,0,'2016-09-10','Evening',10254,10402,403),(28088,1,0,'2016-09-10','Morning',10255,10403,404),(28089,1,0,'2016-09-10','AfterNoon',10255,10403,404),(28090,1,0,'2016-09-10','Evening',10255,10403,404),(28091,1,0,'2016-09-10','Morning',10256,10404,405),(28092,1,0,'2016-09-10','AfterNoon',10256,10404,405),(28093,1,0,'2016-09-10','Evening',10256,10404,405),(28094,1,0,'2016-09-10','Morning',10300,10453,452),(28095,1,0,'2016-09-10','AfterNoon',10300,10453,452),(28096,1,0,'2016-09-10','Evening',10300,10453,452),(28097,1,0,'2016-09-11','Morning',10201,10207,208),(28098,1,0,'2016-09-11','AfterNoon',10201,10207,208),(28099,1,0,'2016-09-11','Evening',10201,10207,208),(28100,1,0,'2016-09-11','Morning',10203,10213,214),(28101,1,0,'2016-09-11','AfterNoon',10203,10213,214),(28102,1,0,'2016-09-11','Evening',10203,10213,214),(28103,1,0,'2016-09-11','Morning',10203,10215,216),(28104,1,0,'2016-09-11','AfterNoon',10203,10215,216),(28105,1,0,'2016-09-11','Evening',10203,10215,216),(28106,1,0,'2016-09-11','Morning',10207,10231,232),(28107,1,0,'2016-09-11','AfterNoon',10207,10231,232),(28108,1,0,'2016-09-11','Evening',10207,10231,232),(28109,1,0,'2016-09-11','Morning',10208,10235,236),(28110,1,0,'2016-09-11','AfterNoon',10208,10235,236),(28111,1,0,'2016-09-11','Evening',10208,10235,236),(28112,1,0,'2016-09-11','Morning',10209,10239,240),(28113,1,0,'2016-09-11','AfterNoon',10209,10239,240),(28114,1,0,'2016-09-11','Evening',10209,10239,240),(28115,1,0,'2016-09-11','Morning',10210,10243,244),(28116,1,0,'2016-09-11','AfterNoon',10210,10243,244),(28117,1,0,'2016-09-11','Evening',10210,10243,244),(28118,1,0,'2016-09-11','Morning',10211,10247,248),(28119,1,0,'2016-09-11','AfterNoon',10211,10247,248),(28120,1,0,'2016-09-11','Evening',10211,10247,248),(28121,1,0,'2016-09-11','Morning',10212,10249,250),(28122,1,0,'2016-09-11','AfterNoon',10212,10249,250),(28123,1,0,'2016-09-11','Evening',10212,10249,250),(28124,1,0,'2016-09-11','Morning',10212,10251,252),(28125,1,0,'2016-09-11','AfterNoon',10212,10251,252),(28126,1,0,'2016-09-11','Evening',10212,10251,252),(28127,1,0,'2016-09-11','Morning',10213,10253,254),(28128,1,0,'2016-09-11','AfterNoon',10213,10253,254),(28129,1,0,'2016-09-11','Evening',10213,10253,254),(28130,1,0,'2016-09-11','Morning',10214,10257,258),(28131,1,0,'2016-09-11','AfterNoon',10214,10257,258),(28132,1,0,'2016-09-11','Evening',10214,10257,258),(28133,1,0,'2016-09-11','Morning',10216,10264,265),(28134,1,0,'2016-09-11','AfterNoon',10216,10264,265),(28135,1,0,'2016-09-11','Evening',10216,10264,265),(28136,1,0,'2016-09-11','Morning',10217,10266,267),(28137,1,0,'2016-09-11','AfterNoon',10217,10266,267),(28138,1,0,'2016-09-11','Evening',10217,10266,267),(28139,1,0,'2016-09-11','Morning',10217,10267,268),(28140,1,0,'2016-09-11','AfterNoon',10217,10267,268),(28141,1,0,'2016-09-11','Evening',10217,10267,268),(28142,1,0,'2016-09-11','Morning',10217,10268,269),(28143,1,0,'2016-09-11','AfterNoon',10217,10268,269),(28144,1,0,'2016-09-11','Evening',10217,10268,269),(28145,1,0,'2016-09-11','Morning',10218,10269,270),(28146,1,0,'2016-09-11','AfterNoon',10218,10269,270),(28147,1,0,'2016-09-11','Evening',10218,10269,270),(28148,1,0,'2016-09-11','Morning',10219,10270,271),(28149,1,0,'2016-09-11','AfterNoon',10219,10270,271),(28150,1,0,'2016-09-11','Evening',10219,10270,271),(28151,1,0,'2016-09-11','Morning',10220,10271,272),(28152,1,0,'2016-09-11','AfterNoon',10220,10271,272),(28153,1,0,'2016-09-11','Evening',10220,10271,272),(28154,1,0,'2016-09-11','Morning',10221,10272,273),(28155,1,0,'2016-09-11','AfterNoon',10221,10272,273),(28156,1,0,'2016-09-11','Evening',10221,10272,273),(28157,1,0,'2016-09-11','Morning',10222,10273,274),(28158,1,0,'2016-09-11','AfterNoon',10222,10273,274),(28159,1,0,'2016-09-11','Evening',10222,10273,274),(28160,1,0,'2016-09-11','Morning',10223,10274,275),(28161,1,0,'2016-09-11','AfterNoon',10223,10274,275),(28162,1,0,'2016-09-11','Evening',10223,10274,275),(28163,1,0,'2016-09-11','Morning',10224,10275,276),(28164,1,0,'2016-09-11','AfterNoon',10224,10275,276),(28165,1,0,'2016-09-11','Evening',10224,10275,276),(28166,1,0,'2016-09-11','Morning',10225,10276,277),(28167,1,0,'2016-09-11','AfterNoon',10225,10276,277),(28168,1,0,'2016-09-11','Evening',10225,10276,277),(28169,1,0,'2016-09-11','Morning',10226,10277,278),(28170,1,0,'2016-09-11','AfterNoon',10226,10277,278),(28171,1,0,'2016-09-11','Evening',10226,10277,278),(28172,1,0,'2016-09-11','Morning',10227,10279,279),(28173,1,0,'2016-09-11','AfterNoon',10227,10279,279),(28174,1,0,'2016-09-11','Evening',10227,10279,279),(28175,1,0,'2016-09-11','Morning',10228,10280,280),(28176,1,0,'2016-09-11','AfterNoon',10228,10280,280),(28177,1,0,'2016-09-11','Evening',10228,10280,280),(28178,1,0,'2016-09-11','Morning',10229,10281,281),(28179,1,0,'2016-09-11','AfterNoon',10229,10281,281),(28180,1,0,'2016-09-11','Evening',10229,10281,281),(28181,1,0,'2016-09-11','Morning',10230,10282,282),(28182,1,0,'2016-09-11','AfterNoon',10230,10282,282),(28183,1,0,'2016-09-11','Evening',10230,10282,282),(28184,1,0,'2016-09-11','Morning',10231,10283,283),(28185,1,0,'2016-09-11','AfterNoon',10231,10283,283),(28186,1,0,'2016-09-11','Evening',10231,10283,283),(28187,1,0,'2016-09-11','Morning',10232,10284,284),(28188,1,0,'2016-09-11','AfterNoon',10232,10284,284),(28189,1,0,'2016-09-11','Evening',10232,10284,284),(28190,1,0,'2016-09-11','Morning',10233,10285,285),(28191,1,0,'2016-09-11','AfterNoon',10233,10285,285),(28192,1,0,'2016-09-11','Evening',10233,10285,285),(28193,1,0,'2016-09-11','Morning',10234,10286,286),(28194,1,0,'2016-09-11','AfterNoon',10234,10286,286),(28195,1,0,'2016-09-11','Evening',10234,10286,286),(28196,1,0,'2016-09-11','Morning',10235,10287,287),(28197,1,0,'2016-09-11','AfterNoon',10235,10287,287),(28198,1,0,'2016-09-11','Evening',10235,10287,287),(28199,1,0,'2016-09-11','Morning',10236,10288,288),(28200,1,0,'2016-09-11','AfterNoon',10236,10288,288),(28201,1,0,'2016-09-11','Evening',10236,10288,288),(28202,1,0,'2016-09-11','Morning',10237,10289,289),(28203,1,0,'2016-09-11','AfterNoon',10237,10289,289),(28204,1,0,'2016-09-11','Evening',10237,10289,289),(28205,1,0,'2016-09-11','Morning',10238,10290,290),(28206,1,0,'2016-09-11','AfterNoon',10238,10290,290),(28207,1,0,'2016-09-11','Evening',10238,10290,290),(28208,1,0,'2016-09-11','Morning',10239,10291,291),(28209,1,0,'2016-09-11','AfterNoon',10239,10291,291),(28210,1,0,'2016-09-11','Evening',10239,10291,291),(28211,1,0,'2016-09-11','Morning',10240,10292,292),(28212,1,0,'2016-09-11','AfterNoon',10240,10292,292),(28213,1,0,'2016-09-11','Evening',10240,10292,292),(28214,1,0,'2016-09-11','Morning',10241,10293,293),(28215,1,0,'2016-09-11','AfterNoon',10241,10293,293),(28216,1,0,'2016-09-11','Evening',10241,10293,293),(28217,1,0,'2016-09-11','Morning',10242,10294,294),(28218,1,0,'2016-09-11','AfterNoon',10242,10294,294),(28219,1,0,'2016-09-11','Evening',10242,10294,294),(28220,1,0,'2016-09-11','Morning',10243,10295,295),(28221,1,0,'2016-09-11','AfterNoon',10243,10295,295),(28222,1,0,'2016-09-11','Evening',10243,10295,295),(28223,1,0,'2016-09-11','Morning',10244,10296,296),(28224,1,0,'2016-09-11','AfterNoon',10244,10296,296),(28225,1,0,'2016-09-11','Evening',10244,10296,296),(28226,1,0,'2016-09-11','Morning',10245,10297,297),(28227,1,0,'2016-09-11','AfterNoon',10245,10297,297),(28228,1,0,'2016-09-11','Evening',10245,10297,297),(28229,1,0,'2016-09-11','Morning',10246,10299,299),(28230,1,0,'2016-09-11','AfterNoon',10246,10299,299),(28231,1,0,'2016-09-11','Evening',10246,10299,299),(28232,1,0,'2016-09-11','Morning',10247,10302,302),(28233,1,0,'2016-09-11','AfterNoon',10247,10302,302),(28234,1,0,'2016-09-11','Evening',10247,10302,302),(28235,1,0,'2016-09-11','Morning',10247,10303,303),(28236,1,0,'2016-09-11','AfterNoon',10247,10303,303),(28237,1,0,'2016-09-11','Evening',10247,10303,303),(28238,1,0,'2016-09-11','Morning',10248,10305,305),(28239,1,0,'2016-09-11','AfterNoon',10248,10305,305),(28240,1,0,'2016-09-11','Evening',10248,10305,305),(28241,1,0,'2016-09-11','Morning',10249,10307,307),(28242,1,0,'2016-09-11','AfterNoon',10249,10307,307),(28243,1,0,'2016-09-11','Evening',10249,10307,307),(28244,1,0,'2016-09-11','Morning',10250,10309,309),(28245,1,0,'2016-09-11','AfterNoon',10250,10309,309),(28246,1,0,'2016-09-11','Evening',10250,10309,309),(28247,1,0,'2016-09-11','Morning',10251,10312,312),(28248,1,0,'2016-09-11','AfterNoon',10251,10312,312),(28249,1,0,'2016-09-11','Evening',10251,10312,312),(28250,1,0,'2016-09-11','Morning',10252,10315,315),(28251,1,0,'2016-09-11','AfterNoon',10252,10315,315),(28252,1,0,'2016-09-11','Evening',10252,10315,315),(28253,1,0,'2016-09-11','Morning',10252,10317,317),(28254,1,0,'2016-09-11','AfterNoon',10252,10317,317),(28255,1,0,'2016-09-11','Evening',10252,10317,317),(28256,1,0,'2016-09-11','Morning',10253,10319,319),(28257,1,0,'2016-09-11','AfterNoon',10253,10319,319),(28258,1,0,'2016-09-11','Evening',10253,10319,319),(28259,1,0,'2016-09-11','Morning',10254,10321,321),(28260,1,0,'2016-09-11','AfterNoon',10254,10321,321),(28261,1,0,'2016-09-11','Evening',10254,10321,321),(28262,1,0,'2016-09-11','Morning',10255,10323,323),(28263,1,0,'2016-09-11','AfterNoon',10255,10323,323),(28264,1,0,'2016-09-11','Evening',10255,10323,323),(28265,1,0,'2016-09-11','Morning',10256,10324,324),(28266,1,0,'2016-09-11','AfterNoon',10256,10324,324),(28267,1,0,'2016-09-11','Evening',10256,10324,324),(28268,1,0,'2016-09-11','Morning',10256,10327,327),(28269,1,0,'2016-09-11','AfterNoon',10256,10327,327),(28270,1,0,'2016-09-11','Evening',10256,10327,327),(28271,1,0,'2016-09-11','Morning',10257,10329,329),(28272,1,0,'2016-09-11','AfterNoon',10257,10329,329),(28273,1,0,'2016-09-11','Evening',10257,10329,329),(28274,1,0,'2016-09-11','Morning',10215,10352,353),(28275,1,0,'2016-09-11','AfterNoon',10215,10352,353),(28276,1,0,'2016-09-11','Evening',10215,10352,353),(28277,1,0,'2016-09-11','Morning',10249,10400,401),(28278,1,0,'2016-09-11','AfterNoon',10249,10400,401),(28279,1,0,'2016-09-11','Evening',10249,10400,401),(28280,1,0,'2016-09-11','Morning',10253,10401,402),(28281,1,0,'2016-09-11','AfterNoon',10253,10401,402),(28282,1,0,'2016-09-11','Evening',10253,10401,402),(28283,1,0,'2016-09-11','Morning',10254,10402,403),(28284,1,0,'2016-09-11','AfterNoon',10254,10402,403),(28285,1,0,'2016-09-11','Evening',10254,10402,403),(28286,1,0,'2016-09-11','Morning',10255,10403,404),(28287,1,0,'2016-09-11','AfterNoon',10255,10403,404),(28288,1,0,'2016-09-11','Evening',10255,10403,404),(28289,1,0,'2016-09-11','Morning',10256,10404,405),(28290,1,0,'2016-09-11','AfterNoon',10256,10404,405),(28291,1,0,'2016-09-11','Evening',10256,10404,405),(28292,1,0,'2016-09-11','Morning',10300,10453,452),(28293,1,0,'2016-09-11','AfterNoon',10300,10453,452),(28294,1,0,'2016-09-11','Evening',10300,10453,452),(28295,1,0,'2016-09-12','Morning',10201,10207,208),(28296,1,0,'2016-09-12','AfterNoon',10201,10207,208),(28297,1,0,'2016-09-12','Evening',10201,10207,208),(28298,1,0,'2016-09-12','Morning',10203,10213,214),(28299,1,0,'2016-09-12','AfterNoon',10203,10213,214),(28300,1,0,'2016-09-12','Evening',10203,10213,214),(28301,1,0,'2016-09-12','Morning',10203,10215,216),(28302,1,0,'2016-09-12','AfterNoon',10203,10215,216),(28303,1,0,'2016-09-12','Evening',10203,10215,216),(28304,1,0,'2016-09-12','Morning',10207,10231,232),(28305,1,0,'2016-09-12','AfterNoon',10207,10231,232),(28306,1,0,'2016-09-12','Evening',10207,10231,232),(28307,1,0,'2016-09-12','Morning',10208,10235,236),(28308,1,0,'2016-09-12','AfterNoon',10208,10235,236),(28309,1,0,'2016-09-12','Evening',10208,10235,236),(28310,1,0,'2016-09-12','Morning',10209,10239,240),(28311,1,0,'2016-09-12','AfterNoon',10209,10239,240),(28312,1,0,'2016-09-12','Evening',10209,10239,240),(28313,1,0,'2016-09-12','Morning',10210,10243,244),(28314,1,0,'2016-09-12','AfterNoon',10210,10243,244),(28315,1,0,'2016-09-12','Evening',10210,10243,244),(28316,1,0,'2016-09-12','Morning',10211,10247,248),(28317,1,0,'2016-09-12','AfterNoon',10211,10247,248),(28318,1,0,'2016-09-12','Evening',10211,10247,248),(28319,1,0,'2016-09-12','Morning',10212,10249,250),(28320,1,0,'2016-09-12','AfterNoon',10212,10249,250),(28321,1,0,'2016-09-12','Evening',10212,10249,250),(28322,1,0,'2016-09-12','Morning',10212,10251,252),(28323,1,0,'2016-09-12','AfterNoon',10212,10251,252),(28324,1,0,'2016-09-12','Evening',10212,10251,252),(28325,1,0,'2016-09-12','Morning',10213,10253,254),(28326,1,0,'2016-09-12','AfterNoon',10213,10253,254),(28327,1,0,'2016-09-12','Evening',10213,10253,254),(28328,1,0,'2016-09-12','Morning',10214,10257,258),(28329,1,0,'2016-09-12','AfterNoon',10214,10257,258),(28330,1,0,'2016-09-12','Evening',10214,10257,258),(28331,1,0,'2016-09-12','Morning',10216,10264,265),(28332,1,0,'2016-09-12','AfterNoon',10216,10264,265),(28333,1,0,'2016-09-12','Evening',10216,10264,265),(28334,1,0,'2016-09-12','Morning',10217,10266,267),(28335,1,0,'2016-09-12','AfterNoon',10217,10266,267),(28336,1,0,'2016-09-12','Evening',10217,10266,267),(28337,1,0,'2016-09-12','Morning',10217,10267,268),(28338,1,0,'2016-09-12','AfterNoon',10217,10267,268),(28339,1,0,'2016-09-12','Evening',10217,10267,268),(28340,1,0,'2016-09-12','Morning',10217,10268,269),(28341,1,0,'2016-09-12','AfterNoon',10217,10268,269),(28342,1,0,'2016-09-12','Evening',10217,10268,269),(28343,1,0,'2016-09-12','Morning',10218,10269,270),(28344,1,0,'2016-09-12','AfterNoon',10218,10269,270),(28345,1,0,'2016-09-12','Evening',10218,10269,270),(28346,1,0,'2016-09-12','Morning',10219,10270,271),(28347,1,0,'2016-09-12','AfterNoon',10219,10270,271),(28348,1,0,'2016-09-12','Evening',10219,10270,271),(28349,1,0,'2016-09-12','Morning',10220,10271,272),(28350,1,0,'2016-09-12','AfterNoon',10220,10271,272),(28351,1,0,'2016-09-12','Evening',10220,10271,272),(28352,1,0,'2016-09-12','Morning',10221,10272,273),(28353,1,0,'2016-09-12','AfterNoon',10221,10272,273),(28354,1,0,'2016-09-12','Evening',10221,10272,273),(28355,1,0,'2016-09-12','Morning',10222,10273,274),(28356,1,0,'2016-09-12','AfterNoon',10222,10273,274),(28357,1,0,'2016-09-12','Evening',10222,10273,274),(28358,1,0,'2016-09-12','Morning',10223,10274,275),(28359,1,0,'2016-09-12','AfterNoon',10223,10274,275),(28360,1,0,'2016-09-12','Evening',10223,10274,275),(28361,1,0,'2016-09-12','Morning',10224,10275,276),(28362,1,0,'2016-09-12','AfterNoon',10224,10275,276),(28363,1,0,'2016-09-12','Evening',10224,10275,276),(28364,1,0,'2016-09-12','Morning',10225,10276,277),(28365,1,0,'2016-09-12','AfterNoon',10225,10276,277),(28366,1,0,'2016-09-12','Evening',10225,10276,277),(28367,1,0,'2016-09-12','Morning',10226,10277,278),(28368,1,0,'2016-09-12','AfterNoon',10226,10277,278),(28369,1,0,'2016-09-12','Evening',10226,10277,278),(28370,1,0,'2016-09-12','Morning',10227,10279,279),(28371,1,0,'2016-09-12','AfterNoon',10227,10279,279),(28372,1,0,'2016-09-12','Evening',10227,10279,279),(28373,1,0,'2016-09-12','Morning',10228,10280,280),(28374,1,0,'2016-09-12','AfterNoon',10228,10280,280),(28375,1,0,'2016-09-12','Evening',10228,10280,280),(28376,1,0,'2016-09-12','Morning',10229,10281,281),(28377,1,0,'2016-09-12','AfterNoon',10229,10281,281),(28378,1,0,'2016-09-12','Evening',10229,10281,281),(28379,1,0,'2016-09-12','Morning',10230,10282,282),(28380,1,0,'2016-09-12','AfterNoon',10230,10282,282),(28381,1,0,'2016-09-12','Evening',10230,10282,282),(28382,1,0,'2016-09-12','Morning',10231,10283,283),(28383,1,0,'2016-09-12','AfterNoon',10231,10283,283),(28384,1,0,'2016-09-12','Evening',10231,10283,283),(28385,1,0,'2016-09-12','Morning',10232,10284,284),(28386,1,0,'2016-09-12','AfterNoon',10232,10284,284),(28387,1,0,'2016-09-12','Evening',10232,10284,284),(28388,1,0,'2016-09-12','Morning',10233,10285,285),(28389,1,0,'2016-09-12','AfterNoon',10233,10285,285),(28390,1,0,'2016-09-12','Evening',10233,10285,285),(28391,1,0,'2016-09-12','Morning',10234,10286,286),(28392,1,0,'2016-09-12','AfterNoon',10234,10286,286),(28393,1,0,'2016-09-12','Evening',10234,10286,286),(28394,1,0,'2016-09-12','Morning',10235,10287,287),(28395,1,0,'2016-09-12','AfterNoon',10235,10287,287),(28396,1,0,'2016-09-12','Evening',10235,10287,287),(28397,1,0,'2016-09-12','Morning',10236,10288,288),(28398,1,0,'2016-09-12','AfterNoon',10236,10288,288),(28399,1,0,'2016-09-12','Evening',10236,10288,288),(28400,1,0,'2016-09-12','Morning',10237,10289,289),(28401,1,0,'2016-09-12','AfterNoon',10237,10289,289),(28402,1,0,'2016-09-12','Evening',10237,10289,289),(28403,1,0,'2016-09-12','Morning',10238,10290,290),(28404,1,0,'2016-09-12','AfterNoon',10238,10290,290),(28405,1,0,'2016-09-12','Evening',10238,10290,290),(28406,1,0,'2016-09-12','Morning',10239,10291,291),(28407,1,0,'2016-09-12','AfterNoon',10239,10291,291),(28408,1,0,'2016-09-12','Evening',10239,10291,291),(28409,1,0,'2016-09-12','Morning',10240,10292,292),(28410,1,0,'2016-09-12','AfterNoon',10240,10292,292),(28411,1,0,'2016-09-12','Evening',10240,10292,292),(28412,1,0,'2016-09-12','Morning',10241,10293,293),(28413,1,0,'2016-09-12','AfterNoon',10241,10293,293),(28414,1,0,'2016-09-12','Evening',10241,10293,293),(28415,1,0,'2016-09-12','Morning',10242,10294,294),(28416,1,0,'2016-09-12','AfterNoon',10242,10294,294),(28417,1,0,'2016-09-12','Evening',10242,10294,294),(28418,1,0,'2016-09-12','Morning',10243,10295,295),(28419,1,0,'2016-09-12','AfterNoon',10243,10295,295),(28420,1,0,'2016-09-12','Evening',10243,10295,295),(28421,1,0,'2016-09-12','Morning',10244,10296,296),(28422,1,0,'2016-09-12','AfterNoon',10244,10296,296),(28423,1,0,'2016-09-12','Evening',10244,10296,296),(28424,1,0,'2016-09-12','Morning',10245,10297,297),(28425,1,0,'2016-09-12','AfterNoon',10245,10297,297),(28426,1,0,'2016-09-12','Evening',10245,10297,297),(28427,1,0,'2016-09-12','Morning',10246,10299,299),(28428,1,0,'2016-09-12','AfterNoon',10246,10299,299),(28429,1,0,'2016-09-12','Evening',10246,10299,299),(28430,1,0,'2016-09-12','Morning',10247,10302,302),(28431,1,0,'2016-09-12','AfterNoon',10247,10302,302),(28432,1,0,'2016-09-12','Evening',10247,10302,302),(28433,1,0,'2016-09-12','Morning',10247,10303,303),(28434,1,0,'2016-09-12','AfterNoon',10247,10303,303),(28435,1,0,'2016-09-12','Evening',10247,10303,303),(28436,1,0,'2016-09-12','Morning',10248,10305,305),(28437,1,0,'2016-09-12','AfterNoon',10248,10305,305),(28438,1,0,'2016-09-12','Evening',10248,10305,305),(28439,1,0,'2016-09-12','Morning',10249,10307,307),(28440,1,0,'2016-09-12','AfterNoon',10249,10307,307),(28441,1,0,'2016-09-12','Evening',10249,10307,307),(28442,1,0,'2016-09-12','Morning',10250,10309,309),(28443,1,0,'2016-09-12','AfterNoon',10250,10309,309),(28444,1,0,'2016-09-12','Evening',10250,10309,309),(28445,1,0,'2016-09-12','Morning',10251,10312,312),(28446,1,0,'2016-09-12','AfterNoon',10251,10312,312),(28447,1,0,'2016-09-12','Evening',10251,10312,312),(28448,1,0,'2016-09-12','Morning',10252,10315,315),(28449,1,0,'2016-09-12','AfterNoon',10252,10315,315),(28450,1,0,'2016-09-12','Evening',10252,10315,315),(28451,1,0,'2016-09-12','Morning',10252,10317,317),(28452,1,0,'2016-09-12','AfterNoon',10252,10317,317),(28453,1,0,'2016-09-12','Evening',10252,10317,317),(28454,1,0,'2016-09-12','Morning',10253,10319,319),(28455,1,0,'2016-09-12','AfterNoon',10253,10319,319),(28456,1,0,'2016-09-12','Evening',10253,10319,319),(28457,1,0,'2016-09-12','Morning',10254,10321,321),(28458,1,0,'2016-09-12','AfterNoon',10254,10321,321),(28459,1,0,'2016-09-12','Evening',10254,10321,321),(28460,1,0,'2016-09-12','Morning',10255,10323,323),(28461,1,0,'2016-09-12','AfterNoon',10255,10323,323),(28462,1,0,'2016-09-12','Evening',10255,10323,323),(28463,1,0,'2016-09-12','Morning',10256,10324,324),(28464,1,0,'2016-09-12','AfterNoon',10256,10324,324),(28465,1,0,'2016-09-12','Evening',10256,10324,324),(28466,1,0,'2016-09-12','Morning',10256,10327,327),(28467,1,0,'2016-09-12','AfterNoon',10256,10327,327),(28468,1,0,'2016-09-12','Evening',10256,10327,327),(28469,1,0,'2016-09-12','Morning',10257,10329,329),(28470,1,0,'2016-09-12','AfterNoon',10257,10329,329),(28471,1,0,'2016-09-12','Evening',10257,10329,329),(28472,1,0,'2016-09-12','Morning',10215,10352,353),(28473,1,0,'2016-09-12','AfterNoon',10215,10352,353),(28474,1,0,'2016-09-12','Evening',10215,10352,353),(28475,1,0,'2016-09-12','Morning',10249,10400,401),(28476,1,0,'2016-09-12','AfterNoon',10249,10400,401),(28477,1,0,'2016-09-12','Evening',10249,10400,401),(28478,1,0,'2016-09-12','Morning',10253,10401,402),(28479,1,0,'2016-09-12','AfterNoon',10253,10401,402),(28480,1,0,'2016-09-12','Evening',10253,10401,402),(28481,1,0,'2016-09-12','Morning',10254,10402,403),(28482,1,0,'2016-09-12','AfterNoon',10254,10402,403),(28483,1,0,'2016-09-12','Evening',10254,10402,403),(28484,1,0,'2016-09-12','Morning',10255,10403,404),(28485,1,0,'2016-09-12','AfterNoon',10255,10403,404),(28486,1,0,'2016-09-12','Evening',10255,10403,404),(28487,1,0,'2016-09-12','Morning',10256,10404,405),(28488,1,0,'2016-09-12','AfterNoon',10256,10404,405),(28489,1,0,'2016-09-12','Evening',10256,10404,405),(28490,1,0,'2016-09-12','Morning',10300,10453,452),(28491,1,0,'2016-09-12','AfterNoon',10300,10453,452),(28492,1,0,'2016-09-12','Evening',10300,10453,452),(28493,1,0,'2016-09-13','Morning',10201,10207,208),(28494,1,0,'2016-09-13','AfterNoon',10201,10207,208),(28495,1,0,'2016-09-13','Evening',10201,10207,208),(28496,1,0,'2016-09-13','Morning',10203,10213,214),(28497,1,0,'2016-09-13','AfterNoon',10203,10213,214),(28498,1,0,'2016-09-13','Evening',10203,10213,214),(28499,1,0,'2016-09-13','Morning',10203,10215,216),(28500,1,0,'2016-09-13','AfterNoon',10203,10215,216),(28501,1,0,'2016-09-13','Evening',10203,10215,216),(28502,1,0,'2016-09-13','Morning',10207,10231,232),(28503,1,0,'2016-09-13','AfterNoon',10207,10231,232),(28504,1,0,'2016-09-13','Evening',10207,10231,232),(28505,1,0,'2016-09-13','Morning',10208,10235,236),(28506,1,0,'2016-09-13','AfterNoon',10208,10235,236),(28507,1,0,'2016-09-13','Evening',10208,10235,236),(28508,1,0,'2016-09-13','Morning',10209,10239,240),(28509,1,0,'2016-09-13','AfterNoon',10209,10239,240),(28510,1,0,'2016-09-13','Evening',10209,10239,240),(28511,1,0,'2016-09-13','Morning',10210,10243,244),(28512,1,0,'2016-09-13','AfterNoon',10210,10243,244),(28513,1,0,'2016-09-13','Evening',10210,10243,244),(28514,1,0,'2016-09-13','Morning',10211,10247,248),(28515,1,0,'2016-09-13','AfterNoon',10211,10247,248),(28516,1,0,'2016-09-13','Evening',10211,10247,248),(28517,1,0,'2016-09-13','Morning',10212,10249,250),(28518,1,0,'2016-09-13','AfterNoon',10212,10249,250),(28519,1,0,'2016-09-13','Evening',10212,10249,250),(28520,1,0,'2016-09-13','Morning',10212,10251,252),(28521,1,0,'2016-09-13','AfterNoon',10212,10251,252),(28522,1,0,'2016-09-13','Evening',10212,10251,252),(28523,1,0,'2016-09-13','Morning',10213,10253,254),(28524,1,0,'2016-09-13','AfterNoon',10213,10253,254),(28525,1,0,'2016-09-13','Evening',10213,10253,254),(28526,1,0,'2016-09-13','Morning',10214,10257,258),(28527,1,0,'2016-09-13','AfterNoon',10214,10257,258),(28528,1,0,'2016-09-13','Evening',10214,10257,258),(28529,1,0,'2016-09-13','Morning',10216,10264,265),(28530,1,0,'2016-09-13','AfterNoon',10216,10264,265),(28531,1,0,'2016-09-13','Evening',10216,10264,265),(28532,1,0,'2016-09-13','Morning',10217,10266,267),(28533,1,0,'2016-09-13','AfterNoon',10217,10266,267),(28534,1,0,'2016-09-13','Evening',10217,10266,267),(28535,1,0,'2016-09-13','Morning',10217,10267,268),(28536,1,0,'2016-09-13','AfterNoon',10217,10267,268),(28537,1,0,'2016-09-13','Evening',10217,10267,268),(28538,1,0,'2016-09-13','Morning',10217,10268,269),(28539,1,0,'2016-09-13','AfterNoon',10217,10268,269),(28540,1,0,'2016-09-13','Evening',10217,10268,269),(28541,1,0,'2016-09-13','Morning',10218,10269,270),(28542,1,0,'2016-09-13','AfterNoon',10218,10269,270),(28543,1,0,'2016-09-13','Evening',10218,10269,270),(28544,1,0,'2016-09-13','Morning',10219,10270,271),(28545,1,0,'2016-09-13','AfterNoon',10219,10270,271),(28546,1,0,'2016-09-13','Evening',10219,10270,271),(28547,1,0,'2016-09-13','Morning',10220,10271,272),(28548,1,0,'2016-09-13','AfterNoon',10220,10271,272),(28549,1,0,'2016-09-13','Evening',10220,10271,272),(28550,1,0,'2016-09-13','Morning',10221,10272,273),(28551,1,0,'2016-09-13','AfterNoon',10221,10272,273),(28552,1,0,'2016-09-13','Evening',10221,10272,273),(28553,1,0,'2016-09-13','Morning',10222,10273,274),(28554,1,0,'2016-09-13','AfterNoon',10222,10273,274),(28555,1,0,'2016-09-13','Evening',10222,10273,274),(28556,1,0,'2016-09-13','Morning',10223,10274,275),(28557,1,0,'2016-09-13','AfterNoon',10223,10274,275),(28558,1,0,'2016-09-13','Evening',10223,10274,275),(28559,1,0,'2016-09-13','Morning',10224,10275,276),(28560,1,0,'2016-09-13','AfterNoon',10224,10275,276),(28561,1,0,'2016-09-13','Evening',10224,10275,276),(28562,1,0,'2016-09-13','Morning',10225,10276,277),(28563,1,0,'2016-09-13','AfterNoon',10225,10276,277),(28564,1,0,'2016-09-13','Evening',10225,10276,277),(28565,1,0,'2016-09-13','Morning',10226,10277,278),(28566,1,0,'2016-09-13','AfterNoon',10226,10277,278),(28567,1,0,'2016-09-13','Evening',10226,10277,278),(28568,1,0,'2016-09-13','Morning',10227,10279,279),(28569,1,0,'2016-09-13','AfterNoon',10227,10279,279),(28570,1,0,'2016-09-13','Evening',10227,10279,279),(28571,1,0,'2016-09-13','Morning',10228,10280,280),(28572,1,0,'2016-09-13','AfterNoon',10228,10280,280),(28573,1,0,'2016-09-13','Evening',10228,10280,280),(28574,1,0,'2016-09-13','Morning',10229,10281,281),(28575,1,0,'2016-09-13','AfterNoon',10229,10281,281),(28576,1,0,'2016-09-13','Evening',10229,10281,281),(28577,1,0,'2016-09-13','Morning',10230,10282,282),(28578,1,0,'2016-09-13','AfterNoon',10230,10282,282),(28579,1,0,'2016-09-13','Evening',10230,10282,282),(28580,1,0,'2016-09-13','Morning',10231,10283,283),(28581,1,0,'2016-09-13','AfterNoon',10231,10283,283),(28582,1,0,'2016-09-13','Evening',10231,10283,283),(28583,1,0,'2016-09-13','Morning',10232,10284,284),(28584,1,0,'2016-09-13','AfterNoon',10232,10284,284),(28585,1,0,'2016-09-13','Evening',10232,10284,284),(28586,1,0,'2016-09-13','Morning',10233,10285,285),(28587,1,0,'2016-09-13','AfterNoon',10233,10285,285),(28588,1,0,'2016-09-13','Evening',10233,10285,285),(28589,1,0,'2016-09-13','Morning',10234,10286,286),(28590,1,0,'2016-09-13','AfterNoon',10234,10286,286),(28591,1,0,'2016-09-13','Evening',10234,10286,286),(28592,1,0,'2016-09-13','Morning',10235,10287,287),(28593,1,0,'2016-09-13','AfterNoon',10235,10287,287),(28594,1,0,'2016-09-13','Evening',10235,10287,287),(28595,1,0,'2016-09-13','Morning',10236,10288,288),(28596,1,0,'2016-09-13','AfterNoon',10236,10288,288),(28597,1,0,'2016-09-13','Evening',10236,10288,288),(28598,1,0,'2016-09-13','Morning',10237,10289,289),(28599,1,0,'2016-09-13','AfterNoon',10237,10289,289),(28600,1,0,'2016-09-13','Evening',10237,10289,289),(28601,1,0,'2016-09-13','Morning',10238,10290,290),(28602,1,0,'2016-09-13','AfterNoon',10238,10290,290),(28603,1,0,'2016-09-13','Evening',10238,10290,290),(28604,1,0,'2016-09-13','Morning',10239,10291,291),(28605,1,0,'2016-09-13','AfterNoon',10239,10291,291),(28606,1,0,'2016-09-13','Evening',10239,10291,291),(28607,1,0,'2016-09-13','Morning',10240,10292,292),(28608,1,0,'2016-09-13','AfterNoon',10240,10292,292),(28609,1,0,'2016-09-13','Evening',10240,10292,292),(28610,1,0,'2016-09-13','Morning',10241,10293,293),(28611,1,0,'2016-09-13','AfterNoon',10241,10293,293),(28612,1,0,'2016-09-13','Evening',10241,10293,293),(28613,1,0,'2016-09-13','Morning',10242,10294,294),(28614,1,0,'2016-09-13','AfterNoon',10242,10294,294),(28615,1,0,'2016-09-13','Evening',10242,10294,294),(28616,1,0,'2016-09-13','Morning',10243,10295,295),(28617,1,0,'2016-09-13','AfterNoon',10243,10295,295),(28618,1,0,'2016-09-13','Evening',10243,10295,295),(28619,1,0,'2016-09-13','Morning',10244,10296,296),(28620,1,0,'2016-09-13','AfterNoon',10244,10296,296),(28621,1,0,'2016-09-13','Evening',10244,10296,296),(28622,1,0,'2016-09-13','Morning',10245,10297,297),(28623,1,0,'2016-09-13','AfterNoon',10245,10297,297),(28624,1,0,'2016-09-13','Evening',10245,10297,297),(28625,1,0,'2016-09-13','Morning',10246,10299,299),(28626,1,0,'2016-09-13','AfterNoon',10246,10299,299),(28627,1,0,'2016-09-13','Evening',10246,10299,299),(28628,1,0,'2016-09-13','Morning',10247,10302,302),(28629,1,0,'2016-09-13','AfterNoon',10247,10302,302),(28630,1,0,'2016-09-13','Evening',10247,10302,302),(28631,1,0,'2016-09-13','Morning',10247,10303,303),(28632,1,0,'2016-09-13','AfterNoon',10247,10303,303),(28633,1,0,'2016-09-13','Evening',10247,10303,303),(28634,1,0,'2016-09-13','Morning',10248,10305,305),(28635,1,0,'2016-09-13','AfterNoon',10248,10305,305),(28636,1,0,'2016-09-13','Evening',10248,10305,305),(28637,1,0,'2016-09-13','Morning',10249,10307,307),(28638,1,0,'2016-09-13','AfterNoon',10249,10307,307),(28639,1,0,'2016-09-13','Evening',10249,10307,307),(28640,1,0,'2016-09-13','Morning',10250,10309,309),(28641,1,0,'2016-09-13','AfterNoon',10250,10309,309),(28642,1,0,'2016-09-13','Evening',10250,10309,309),(28643,1,0,'2016-09-13','Morning',10251,10312,312),(28644,1,0,'2016-09-13','AfterNoon',10251,10312,312),(28645,1,0,'2016-09-13','Evening',10251,10312,312),(28646,1,0,'2016-09-13','Morning',10252,10315,315),(28647,1,0,'2016-09-13','AfterNoon',10252,10315,315),(28648,1,0,'2016-09-13','Evening',10252,10315,315),(28649,1,0,'2016-09-13','Morning',10252,10317,317),(28650,1,0,'2016-09-13','AfterNoon',10252,10317,317),(28651,1,0,'2016-09-13','Evening',10252,10317,317),(28652,1,0,'2016-09-13','Morning',10253,10319,319),(28653,1,0,'2016-09-13','AfterNoon',10253,10319,319),(28654,1,0,'2016-09-13','Evening',10253,10319,319),(28655,1,0,'2016-09-13','Morning',10254,10321,321),(28656,1,0,'2016-09-13','AfterNoon',10254,10321,321),(28657,1,0,'2016-09-13','Evening',10254,10321,321),(28658,1,0,'2016-09-13','Morning',10255,10323,323),(28659,1,0,'2016-09-13','AfterNoon',10255,10323,323),(28660,1,0,'2016-09-13','Evening',10255,10323,323),(28661,1,0,'2016-09-13','Morning',10256,10324,324),(28662,1,0,'2016-09-13','AfterNoon',10256,10324,324),(28663,1,0,'2016-09-13','Evening',10256,10324,324),(28664,1,0,'2016-09-13','Morning',10256,10327,327),(28665,1,0,'2016-09-13','AfterNoon',10256,10327,327),(28666,1,0,'2016-09-13','Evening',10256,10327,327),(28667,1,0,'2016-09-13','Morning',10257,10329,329),(28668,1,0,'2016-09-13','AfterNoon',10257,10329,329),(28669,1,0,'2016-09-13','Evening',10257,10329,329),(28670,1,0,'2016-09-13','Morning',10215,10352,353),(28671,1,0,'2016-09-13','AfterNoon',10215,10352,353),(28672,1,0,'2016-09-13','Evening',10215,10352,353),(28673,1,0,'2016-09-13','Morning',10249,10400,401),(28674,1,0,'2016-09-13','AfterNoon',10249,10400,401),(28675,1,0,'2016-09-13','Evening',10249,10400,401),(28676,1,0,'2016-09-13','Morning',10253,10401,402),(28677,1,0,'2016-09-13','AfterNoon',10253,10401,402),(28678,1,0,'2016-09-13','Evening',10253,10401,402),(28679,1,0,'2016-09-13','Morning',10254,10402,403),(28680,1,0,'2016-09-13','AfterNoon',10254,10402,403),(28681,1,0,'2016-09-13','Evening',10254,10402,403),(28682,1,0,'2016-09-13','Morning',10255,10403,404),(28683,1,0,'2016-09-13','AfterNoon',10255,10403,404),(28684,1,0,'2016-09-13','Evening',10255,10403,404),(28685,1,0,'2016-09-13','Morning',10256,10404,405),(28686,1,0,'2016-09-13','AfterNoon',10256,10404,405),(28687,1,0,'2016-09-13','Evening',10256,10404,405),(28688,1,0,'2016-09-13','Morning',10300,10453,452),(28689,1,0,'2016-09-13','AfterNoon',10300,10453,452),(28690,1,0,'2016-09-13','Evening',10300,10453,452),(28702,1,0,'2016-09-02','Morning',10150,10150,501),(28703,1,0,'2016-09-02','Evening',10150,10150,501),(28704,1,0,'2016-08-27','Evening',10150,10150,501),(28706,1,0,'2016-08-18','AfterNoon',10150,10150,501),(28707,1,0,'2016-08-22','Evening',10150,10150,501),(28708,1,0,'2016-08-31','Morning',10150,10150,501),(28709,1,0,'2016-09-04','AfterNoon',10150,10150,501),(28711,1,0,'2016-08-26','Evening',10150,10150,501),(28712,1,0,'2016-08-31','AfterNoon',10150,10150,501),(28713,1,0,'2016-08-20','Evening',10150,10150,501),(28714,1,0,'2016-09-01','AfterNoon',10150,10150,501),(28715,1,0,'2016-09-11','Morning',10150,10150,501),(28716,1,0,'2016-08-26','Morning',10150,10150,501),(28717,1,0,'2016-08-23','Evening',10150,10150,501),(28718,1,0,'2016-08-28','Evening',10150,10150,501),(28719,1,0,'2016-09-10','Evening',10150,10150,501),(28720,1,0,'2016-08-19','AfterNoon',10150,10150,501),(28721,1,0,'2016-08-23','Morning',10150,10150,501),(28722,1,0,'2016-08-18','Evening',10150,10150,501),(28723,1,0,'2016-08-24','AfterNoon',10150,10150,501),(28724,1,0,'2016-08-25','Morning',10150,10150,501),(28725,1,0,'2016-08-19','Morning',10150,10150,501),(28726,1,0,'2016-09-13','Morning',10150,10150,501),(28727,1,0,'2016-09-03','Morning',10150,10150,501),(28728,1,0,'2016-09-05','Evening',10150,10150,501),(28729,1,0,'2016-09-06','Morning',10150,10150,501),(28730,1,0,'2016-09-11','Evening',10150,10150,501),(28731,1,0,'2016-08-24','Morning',10150,10150,501),(28732,1,0,'2016-09-13','Evening',10150,10150,501),(28733,1,0,'2016-09-02','AfterNoon',10150,10150,501),(28734,1,0,'2016-08-20','Morning',10150,10150,501),(28735,1,0,'2016-09-06','AfterNoon',10150,10150,501),(28736,1,0,'2016-08-25','Evening',10150,10150,501),(28737,1,0,'2016-09-07','AfterNoon',10150,10150,501),(28738,1,0,'2016-09-04','Morning',10150,10150,501),(28739,1,0,'2016-09-12','Evening',10150,10150,501),(28741,1,0,'2016-08-22','AfterNoon',10150,10150,501),(28742,1,0,'2016-09-05','AfterNoon',10150,10150,501),(28743,1,0,'2016-08-18','Morning',10150,10150,501),(28744,1,0,'2016-09-08','AfterNoon',10150,10150,501),(28745,1,0,'2016-08-29','Morning',10150,10150,501),(28746,1,0,'2016-09-08','Evening',10150,10150,501),(28748,1,0,'2016-09-06','Evening',10150,10150,501),(28750,1,0,'2016-09-03','AfterNoon',10150,10150,501),(28751,1,0,'2016-09-04','Evening',10150,10150,501),(28752,1,0,'2016-08-25','AfterNoon',10150,10150,501),(28753,1,0,'2016-09-01','Morning',10150,10150,501),(28754,1,0,'2016-09-09','AfterNoon',10150,10150,501),(28755,1,0,'2016-09-12','Morning',10150,10150,501),(28756,1,0,'2016-09-08','Morning',10150,10150,501),(28757,1,0,'2016-08-21','Evening',10150,10150,501),(28759,1,0,'2016-08-20','AfterNoon',10150,10150,501),(28760,1,0,'2016-08-31','Evening',10150,10150,501),(28761,1,0,'2016-09-11','AfterNoon',10150,10150,501),(28762,1,0,'2016-08-24','Evening',10150,10150,501),(28763,1,0,'2016-08-28','Morning',10150,10150,501),(28764,1,0,'2016-08-30','Morning',10150,10150,501),(28765,1,0,'2016-09-10','Morning',10150,10150,501),(28766,1,0,'2016-09-07','Morning',10150,10150,501),(28767,1,0,'2016-08-21','Morning',10150,10150,501),(28768,1,0,'2016-08-27','AfterNoon',10150,10150,501),(28769,1,0,'2016-09-07','Evening',10150,10150,501),(28770,1,0,'2016-08-30','Evening',10150,10150,501),(28771,1,0,'2016-09-05','Morning',10150,10150,501),(28772,1,0,'2016-08-29','AfterNoon',10150,10150,501),(28774,1,0,'2016-08-19','Evening',10150,10150,501),(28775,1,0,'2016-08-21','AfterNoon',10150,10150,501),(28776,1,0,'2016-08-22','Morning',10150,10150,501),(28777,1,0,'2016-09-01','Evening',10150,10150,501),(28780,1,0,'2016-08-27','Morning',10150,10150,501),(28781,1,0,'2016-09-03','Evening',10150,10150,501),(28784,1,0,'2016-08-28','AfterNoon',10150,10150,501),(28785,1,0,'2016-08-29','Evening',10150,10150,501),(28786,1,0,'2016-09-09','Evening',10150,10150,501),(28787,1,0,'2016-08-26','AfterNoon',10150,10150,501),(28788,1,0,'2016-09-10','AfterNoon',10150,10150,501),(28789,1,0,'2016-08-30','AfterNoon',10150,10150,501),(28790,1,0,'2016-08-23','AfterNoon',10150,10150,501),(28791,1,0,'2016-09-12','AfterNoon',10150,10150,501),(28792,1,0,'2016-09-13','AfterNoon',10150,10150,501),(28793,1,0,'2016-09-09','Morning',10150,10150,501),(28794,1,0,'2016-09-08','AfterNoon',10204,10216,502),(28795,1,0,'2016-08-20','AfterNoon',10204,10216,502),(28797,1,0,'2016-08-28','Morning',10204,10216,502),(28798,1,0,'2016-09-01','Evening',10204,10216,502),(28799,1,0,'2016-08-27','AfterNoon',10204,10216,502),(28800,1,0,'2016-08-19','AfterNoon',10204,10216,502),(28801,1,0,'2016-09-09','Morning',10204,10216,502),(28802,1,0,'2016-08-28','Evening',10204,10216,502),(28803,1,0,'2016-08-24','AfterNoon',10204,10216,502),(28804,1,0,'2016-09-11','Evening',10204,10216,502),(28805,1,0,'2016-08-20','Evening',10204,10216,502),(28806,1,0,'2016-09-02','AfterNoon',10204,10216,502),(28807,1,0,'2016-09-06','Morning',10204,10216,502),(28808,1,0,'2016-08-29','Evening',10204,10216,502),(28809,1,0,'2016-09-01','AfterNoon',10204,10216,502),(28810,1,0,'2016-08-18','Evening',10204,10216,502),(28811,1,0,'2016-09-13','Evening',10204,10216,502),(28814,1,0,'2016-08-19','Evening',10204,10216,502),(28815,1,0,'2016-08-27','Evening',10204,10216,502),(28817,1,0,'2016-08-24','Evening',10204,10216,502),(28818,1,0,'2016-09-04','AfterNoon',10204,10216,502),(28819,1,0,'2016-08-26','Morning',10204,10216,502),(28820,1,0,'2016-08-25','Morning',10204,10216,502),(28821,1,0,'2016-09-13','Morning',10204,10216,502),(28822,1,0,'2016-08-19','Morning',10204,10216,502),(28823,1,0,'2016-08-21','Morning',10204,10216,502),(28824,1,0,'2016-08-23','AfterNoon',10204,10216,502),(28825,1,0,'2016-08-30','Evening',10204,10216,502),(28829,1,0,'2016-08-31','AfterNoon',10204,10216,502),(28830,1,0,'2016-08-23','Morning',10204,10216,502),(28832,1,0,'2016-09-10','AfterNoon',10204,10216,502),(28833,1,0,'2016-08-21','Evening',10204,10216,502),(28834,1,0,'2016-09-02','Morning',10204,10216,502),(28835,1,0,'2016-08-23','Evening',10204,10216,502),(28836,1,0,'2016-09-01','Morning',10204,10216,502),(28837,1,0,'2016-09-12','Morning',10204,10216,502),(28838,1,0,'2016-08-31','Morning',10204,10216,502),(28839,1,0,'2016-09-04','Morning',10204,10216,502),(28840,1,0,'2016-09-05','AfterNoon',10204,10216,502),(28841,1,0,'2016-08-22','AfterNoon',10204,10216,502),(28842,1,0,'2016-08-26','AfterNoon',10204,10216,502),(28843,1,0,'2016-09-03','AfterNoon',10204,10216,502),(28844,1,0,'2016-08-21','AfterNoon',10204,10216,502),(28845,1,0,'2016-08-30','Morning',10204,10216,502),(28846,1,0,'2016-08-31','Evening',10204,10216,502),(28847,1,0,'2016-09-11','Morning',10204,10216,502),(28849,1,0,'2016-09-10','Morning',10204,10216,502),(28850,1,0,'2016-09-06','Evening',10204,10216,502),(28851,1,0,'2016-08-28','AfterNoon',10204,10216,502),(28852,1,0,'2016-08-26','Evening',10204,10216,502),(28853,1,0,'2016-09-07','Morning',10204,10216,502),(28854,1,0,'2016-09-05','Evening',10204,10216,502),(28855,1,0,'2016-09-06','AfterNoon',10204,10216,502),(28857,1,0,'2016-09-04','Evening',10204,10216,502),(28858,1,0,'2016-08-25','AfterNoon',10204,10216,502),(28859,1,0,'2016-09-05','Morning',10204,10216,502),(28860,1,0,'2016-08-29','AfterNoon',10204,10216,502),(28861,1,0,'2016-08-25','Evening',10204,10216,502),(28862,1,0,'2016-09-02','Evening',10204,10216,502),(28863,1,0,'2016-08-18','Morning',10204,10216,502),(28864,1,0,'2016-09-03','Morning',10204,10216,502),(28866,1,0,'2016-08-24','Morning',10204,10216,502),(28867,1,0,'2016-09-09','AfterNoon',10204,10216,502),(28868,1,0,'2016-08-27','Morning',10204,10216,502),(28869,1,0,'2016-08-22','Evening',10204,10216,502),(28870,1,0,'2016-09-07','AfterNoon',10204,10216,502),(28871,1,0,'2016-09-11','AfterNoon',10204,10216,502),(28872,1,0,'2016-09-12','Evening',10204,10216,502),(28873,1,0,'2016-09-08','Evening',10204,10216,502),(28874,1,0,'2016-09-08','Morning',10204,10216,502),(28875,1,0,'2016-09-12','AfterNoon',10204,10216,502),(28876,1,0,'2016-09-09','Evening',10204,10216,502),(28877,1,0,'2016-08-18','AfterNoon',10204,10216,502),(28878,1,0,'2016-08-30','AfterNoon',10204,10216,502),(28879,1,0,'2016-08-20','Morning',10204,10216,502),(28880,1,0,'2016-09-10','Evening',10204,10216,502),(28881,1,0,'2016-08-29','Morning',10204,10216,502),(28883,1,0,'2016-09-07','Evening',10204,10216,502),(28884,1,0,'2016-09-13','AfterNoon',10204,10216,502),(28885,1,0,'2016-08-22','Morning',10204,10216,502),(28886,1,0,'2016-09-03','Evening',10204,10216,502),(28887,1,0,'2016-09-06','AfterNoon',10205,10220,503),(28888,1,0,'2016-09-04','Morning',10205,10220,503),(28889,1,0,'2016-09-05','Morning',10205,10220,503),(28890,1,0,'2016-09-08','Morning',10205,10220,503),(28891,1,0,'2016-09-03','AfterNoon',10205,10220,503),(28892,1,0,'2016-09-04','AfterNoon',10205,10220,503),(28893,1,0,'2016-09-09','Evening',10205,10220,503),(28894,1,0,'2016-09-12','Evening',10205,10220,503),(28895,1,0,'2016-09-13','AfterNoon',10205,10220,503),(28896,1,0,'2016-09-12','AfterNoon',10205,10220,503),(28897,1,0,'2016-08-23','AfterNoon',10205,10220,503),(28898,1,0,'2016-09-10','Morning',10205,10220,503),(28900,1,0,'2016-08-22','AfterNoon',10205,10220,503),(28901,1,0,'2016-09-01','Evening',10205,10220,503),(28902,1,0,'2016-08-28','Morning',10205,10220,503),(28904,1,0,'2016-09-10','Evening',10205,10220,503),(28905,1,0,'2016-08-25','AfterNoon',10205,10220,503),(28906,1,0,'2016-08-30','AfterNoon',10205,10220,503),(28907,1,0,'2016-09-02','Morning',10205,10220,503),(28908,1,0,'2016-09-05','Evening',10205,10220,503),(28909,1,0,'2016-09-11','Morning',10205,10220,503),(28910,1,0,'2016-08-31','Morning',10205,10220,503),(28911,1,0,'2016-08-31','Evening',10205,10220,503),(28912,1,0,'2016-08-20','Morning',10205,10220,503),(28913,1,0,'2016-09-04','Evening',10205,10220,503),(28915,1,0,'2016-08-27','AfterNoon',10205,10220,503),(28916,1,0,'2016-09-06','Evening',10205,10220,503),(28917,1,0,'2016-08-26','Morning',10205,10220,503),(28918,1,0,'2016-08-19','Morning',10205,10220,503),(28919,1,0,'2016-09-11','Evening',10205,10220,503),(28920,1,0,'2016-08-25','Evening',10205,10220,503),(28921,1,0,'2016-09-08','AfterNoon',10205,10220,503),(28922,1,0,'2016-08-25','Morning',10205,10220,503),(28923,1,0,'2016-09-01','Morning',10205,10220,503),(28924,1,0,'2016-08-29','Morning',10205,10220,503),(28925,1,0,'2016-08-27','Evening',10205,10220,503),(28926,1,0,'2016-08-20','AfterNoon',10205,10220,503),(28927,1,0,'2016-09-09','AfterNoon',10205,10220,503),(28930,1,0,'2016-09-03','Evening',10205,10220,503),(28931,1,0,'2016-09-07','Evening',10205,10220,503),(28932,1,0,'2016-09-07','AfterNoon',10205,10220,503),(28933,1,0,'2016-08-21','AfterNoon',10205,10220,503),(28935,1,0,'2016-09-13','Evening',10205,10220,503),(28936,1,0,'2016-09-07','Morning',10205,10220,503),(28937,1,0,'2016-09-12','Morning',10205,10220,503),(28939,1,0,'2016-08-22','Evening',10205,10220,503),(28940,1,0,'2016-09-01','AfterNoon',10205,10220,503),(28941,1,0,'2016-09-08','Evening',10205,10220,503),(28943,1,0,'2016-08-27','Morning',10205,10220,503),(28944,1,0,'2016-08-21','Morning',10205,10220,503),(28945,1,0,'2016-08-21','Evening',10205,10220,503),(28946,1,0,'2016-08-23','Evening',10205,10220,503),(28947,1,0,'2016-08-22','Morning',10205,10220,503),(28948,1,0,'2016-08-24','Evening',10205,10220,503),(28949,1,0,'2016-08-24','Morning',10205,10220,503),(28950,1,0,'2016-08-31','AfterNoon',10205,10220,503),(28952,1,0,'2016-08-24','AfterNoon',10205,10220,503),(28953,1,0,'2016-09-09','Morning',10205,10220,503),(28954,1,0,'2016-08-18','AfterNoon',10205,10220,503),(28955,1,0,'2016-09-11','AfterNoon',10205,10220,503),(28956,1,0,'2016-08-19','AfterNoon',10205,10220,503),(28957,1,0,'2016-08-26','Evening',10205,10220,503),(28958,1,0,'2016-08-18','Evening',10205,10220,503),(28959,1,0,'2016-08-18','Morning',10205,10220,503),(28960,1,0,'2016-08-29','Evening',10205,10220,503),(28961,1,0,'2016-09-05','AfterNoon',10205,10220,503),(28962,1,0,'2016-08-28','Evening',10205,10220,503),(28963,1,0,'2016-09-13','Morning',10205,10220,503),(28964,1,0,'2016-08-26','AfterNoon',10205,10220,503),(28965,1,0,'2016-08-30','Morning',10205,10220,503),(28966,1,0,'2016-09-03','Morning',10205,10220,503),(28967,1,0,'2016-08-28','AfterNoon',10205,10220,503),(28969,1,0,'2016-09-02','Evening',10205,10220,503),(28971,1,0,'2016-09-06','Morning',10205,10220,503),(28972,1,0,'2016-09-10','AfterNoon',10205,10220,503),(28974,1,0,'2016-08-23','Morning',10205,10220,503),(28975,1,0,'2016-08-19','Evening',10205,10220,503),(28976,1,0,'2016-08-20','Evening',10205,10220,503),(28977,1,0,'2016-08-29','AfterNoon',10205,10220,503),(28978,1,0,'2016-09-02','AfterNoon',10205,10220,503),(28979,1,0,'2016-08-30','Evening',10205,10220,503),(28981,1,0,'2016-09-05','AfterNoon',10206,10224,504),(28982,1,0,'2016-09-02','Evening',10206,10224,504),(28983,1,0,'2016-08-20','AfterNoon',10206,10224,504),(28984,1,0,'2016-08-20','Evening',10206,10224,504),(28986,1,0,'2016-08-27','Evening',10206,10224,504),(28987,1,0,'2016-09-13','Morning',10206,10224,504),(28989,1,0,'2016-08-26','Morning',10206,10224,504),(28990,1,0,'2016-08-18','Morning',10206,10224,504),(28991,1,0,'2016-08-31','Morning',10206,10224,504),(28992,1,0,'2016-08-30','Evening',10206,10224,504),(28994,1,0,'2016-09-11','Morning',10206,10224,504),(28995,1,0,'2016-08-29','Evening',10206,10224,504),(28996,1,0,'2016-09-01','Morning',10206,10224,504),(28997,1,0,'2016-09-02','AfterNoon',10206,10224,504),(28998,1,0,'2016-08-19','Evening',10206,10224,504),(28999,1,0,'2016-09-13','AfterNoon',10206,10224,504),(29000,1,0,'2016-09-09','Evening',10206,10224,504),(29001,1,0,'2016-09-01','AfterNoon',10206,10224,504),(29002,1,0,'2016-09-03','Evening',10206,10224,504),(29003,1,0,'2016-09-09','Morning',10206,10224,504),(29004,1,0,'2016-08-18','AfterNoon',10206,10224,504),(29005,1,0,'2016-08-26','AfterNoon',10206,10224,504),(29006,1,0,'2016-08-21','Evening',10206,10224,504),(29008,1,0,'2016-09-10','AfterNoon',10206,10224,504),(29009,1,0,'2016-09-11','AfterNoon',10206,10224,504),(29010,1,0,'2016-08-19','AfterNoon',10206,10224,504),(29011,1,0,'2016-09-12','Morning',10206,10224,504),(29013,1,0,'2016-08-25','Evening',10206,10224,504),(29014,1,0,'2016-09-06','AfterNoon',10206,10224,504),(29015,1,0,'2016-08-22','Evening',10206,10224,504),(29016,1,0,'2016-08-31','AfterNoon',10206,10224,504),(29017,1,0,'2016-09-07','AfterNoon',10206,10224,504),(29019,1,0,'2016-09-08','Evening',10206,10224,504),(29020,1,0,'2016-08-28','AfterNoon',10206,10224,504),(29021,1,0,'2016-08-30','AfterNoon',10206,10224,504),(29022,1,0,'2016-09-06','Evening',10206,10224,504),(29023,1,0,'2016-09-05','Morning',10206,10224,504),(29024,1,0,'2016-09-03','Morning',10206,10224,504),(29025,1,0,'2016-08-23','Evening',10206,10224,504),(29026,1,0,'2016-09-02','Morning',10206,10224,504),(29027,1,0,'2016-08-29','AfterNoon',10206,10224,504),(29028,1,0,'2016-08-31','Evening',10206,10224,504),(29029,1,0,'2016-09-04','Morning',10206,10224,504),(29030,1,0,'2016-09-08','AfterNoon',10206,10224,504),(29031,1,0,'2016-08-30','Morning',10206,10224,504),(29032,1,0,'2016-09-10','Morning',10206,10224,504),(29033,1,0,'2016-08-22','Morning',10206,10224,504),(29034,1,0,'2016-09-04','AfterNoon',10206,10224,504),(29035,1,0,'2016-08-24','Evening',10206,10224,504),(29036,1,0,'2016-08-25','Morning',10206,10224,504),(29037,1,0,'2016-09-07','Evening',10206,10224,504),(29038,1,0,'2016-08-23','Morning',10206,10224,504),(29039,1,0,'2016-08-23','AfterNoon',10206,10224,504),(29040,1,0,'2016-08-27','AfterNoon',10206,10224,504),(29041,1,0,'2016-09-13','Evening',10206,10224,504),(29044,1,0,'2016-09-05','Evening',10206,10224,504),(29045,1,0,'2016-09-09','AfterNoon',10206,10224,504),(29046,1,0,'2016-08-22','AfterNoon',10206,10224,504),(29047,1,0,'2016-09-10','Evening',10206,10224,504),(29048,1,0,'2016-08-21','Morning',10206,10224,504),(29049,1,0,'2016-08-29','Morning',10206,10224,504),(29051,1,0,'2016-09-08','Morning',10206,10224,504),(29052,1,0,'2016-09-01','Evening',10206,10224,504),(29053,1,0,'2016-09-11','Evening',10206,10224,504),(29054,1,0,'2016-08-20','Morning',10206,10224,504),(29055,1,0,'2016-08-24','Morning',10206,10224,504),(29057,1,0,'2016-08-27','Morning',10206,10224,504),(29059,1,0,'2016-09-12','AfterNoon',10206,10224,504),(29060,1,0,'2016-08-19','Morning',10206,10224,504),(29061,1,0,'2016-08-24','AfterNoon',10206,10224,504),(29062,1,0,'2016-08-28','Morning',10206,10224,504),(29063,1,0,'2016-09-07','Morning',10206,10224,504),(29064,1,0,'2016-08-25','AfterNoon',10206,10224,504),(29065,1,0,'2016-09-12','Evening',10206,10224,504),(29066,1,0,'2016-09-04','Evening',10206,10224,504),(29067,1,0,'2016-08-28','Evening',10206,10224,504),(29068,1,0,'2016-08-18','Evening',10206,10224,504),(29069,1,0,'2016-08-21','AfterNoon',10206,10224,504),(29070,1,0,'2016-09-03','AfterNoon',10206,10224,504),(29071,1,0,'2016-09-06','Morning',10206,10224,504),(29072,1,0,'2016-08-26','Evening',10206,10224,504),(29073,1,0,'2016-08-20','Evening',10151,10154,505),(29074,1,0,'2016-08-22','Morning',10151,10154,505),(29075,1,0,'2016-08-24','AfterNoon',10151,10154,505),(29076,1,0,'2016-08-23','AfterNoon',10151,10154,505),(29077,1,0,'2016-08-27','Evening',10151,10154,505),(29079,1,0,'2016-09-13','Evening',10151,10154,505),(29080,1,0,'2016-08-25','AfterNoon',10151,10154,505),(29081,1,0,'2016-09-04','AfterNoon',10151,10154,505),(29083,1,0,'2016-08-21','Morning',10151,10154,505),(29084,1,0,'2016-08-21','AfterNoon',10151,10154,505),(29085,1,0,'2016-08-22','Evening',10151,10154,505),(29086,1,0,'2016-09-07','Morning',10151,10154,505),(29088,1,0,'2016-08-20','Morning',10151,10154,505),(29089,1,0,'2016-08-31','Morning',10151,10154,505),(29090,1,0,'2016-09-08','Morning',10151,10154,505),(29091,1,0,'2016-08-25','Morning',10151,10154,505),(29092,1,0,'2016-08-27','Morning',10151,10154,505),(29093,1,0,'2016-09-05','Evening',10151,10154,505),(29095,1,0,'2016-08-25','Evening',10151,10154,505),(29096,1,0,'2016-09-10','AfterNoon',10151,10154,505),(29098,1,0,'2016-08-28','Evening',10151,10154,505),(29099,1,0,'2016-09-11','Evening',10151,10154,505),(29100,1,0,'2016-09-01','AfterNoon',10151,10154,505),(29101,1,0,'2016-08-23','Evening',10151,10154,505),(29102,1,0,'2016-08-29','Evening',10151,10154,505),(29103,1,0,'2016-09-05','Morning',10151,10154,505),(29104,1,0,'2016-08-27','AfterNoon',10151,10154,505),(29105,1,0,'2016-08-28','AfterNoon',10151,10154,505),(29106,1,0,'2016-09-05','AfterNoon',10151,10154,505),(29107,1,0,'2016-08-26','Morning',10151,10154,505),(29108,1,0,'2016-08-31','Evening',10151,10154,505),(29109,1,0,'2016-09-04','Evening',10151,10154,505),(29110,1,0,'2016-08-30','AfterNoon',10151,10154,505),(29111,1,0,'2016-09-02','AfterNoon',10151,10154,505),(29112,1,0,'2016-08-19','Evening',10151,10154,505),(29113,1,0,'2016-08-19','AfterNoon',10151,10154,505),(29114,1,0,'2016-08-28','Morning',10151,10154,505),(29115,1,0,'2016-08-18','Evening',10151,10154,505),(29116,1,0,'2016-08-26','AfterNoon',10151,10154,505),(29117,1,0,'2016-08-30','Morning',10151,10154,505),(29118,1,0,'2016-09-06','Morning',10151,10154,505),(29119,1,0,'2016-08-19','Morning',10151,10154,505),(29120,1,0,'2016-09-13','AfterNoon',10151,10154,505),(29122,1,0,'2016-08-21','Evening',10151,10154,505),(29123,1,0,'2016-09-12','AfterNoon',10151,10154,505),(29124,1,0,'2016-08-23','Morning',10151,10154,505),(29126,1,0,'2016-09-03','Morning',10151,10154,505),(29127,1,0,'2016-09-06','Evening',10151,10154,505),(29128,1,0,'2016-09-08','Evening',10151,10154,505),(29129,1,0,'2016-09-06','AfterNoon',10151,10154,505),(29130,1,0,'2016-08-24','Evening',10151,10154,505),(29131,1,0,'2016-09-01','Evening',10151,10154,505),(29132,1,0,'2016-09-12','Evening',10151,10154,505),(29133,1,0,'2016-09-10','Evening',10151,10154,505),(29134,1,0,'2016-09-07','AfterNoon',10151,10154,505),(29135,1,0,'2016-09-09','Evening',10151,10154,505),(29136,1,0,'2016-09-04','Morning',10151,10154,505),(29137,1,0,'2016-09-01','Morning',10151,10154,505),(29139,1,0,'2016-09-03','Evening',10151,10154,505),(29140,1,0,'2016-08-31','AfterNoon',10151,10154,505),(29141,1,0,'2016-09-03','AfterNoon',10151,10154,505),(29142,1,0,'2016-09-11','Morning',10151,10154,505),(29143,1,0,'2016-08-26','Evening',10151,10154,505),(29144,1,0,'2016-08-30','Evening',10151,10154,505),(29145,1,0,'2016-09-02','Evening',10151,10154,505),(29146,1,0,'2016-08-20','AfterNoon',10151,10154,505),(29147,1,0,'2016-08-18','Morning',10151,10154,505),(29148,1,0,'2016-08-29','Morning',10151,10154,505),(29150,1,0,'2016-08-24','Morning',10151,10154,505),(29151,1,0,'2016-08-18','AfterNoon',10151,10154,505),(29152,1,0,'2016-08-22','AfterNoon',10151,10154,505),(29153,1,0,'2016-09-09','AfterNoon',10151,10154,505),(29155,1,0,'2016-09-10','Morning',10151,10154,505),(29157,1,0,'2016-09-02','Morning',10151,10154,505),(29158,1,0,'2016-09-09','Morning',10151,10154,505),(29159,1,0,'2016-09-08','AfterNoon',10151,10154,505),(29161,1,0,'2016-09-07','Evening',10151,10154,505),(29162,1,0,'2016-09-13','Morning',10151,10154,505),(29163,1,0,'2016-09-12','Morning',10151,10154,505),(29164,1,0,'2016-08-29','AfterNoon',10151,10154,505),(29165,1,0,'2016-09-11','AfterNoon',10151,10154,505),(29166,1,0,'2016-09-04','Evening',10200,10200,506),(29167,1,0,'2016-09-08','Evening',10200,10200,506),(29168,1,0,'2016-08-23','Evening',10200,10200,506),(29169,1,0,'2016-08-27','AfterNoon',10200,10200,506),(29170,1,0,'2016-08-31','Morning',10200,10200,506),(29171,1,0,'2016-08-18','Evening',10200,10200,506),(29173,1,0,'2016-09-13','AfterNoon',10200,10200,506),(29174,1,0,'2016-08-30','Morning',10200,10200,506),(29175,1,0,'2016-08-30','AfterNoon',10200,10200,506),(29176,1,0,'2016-09-11','AfterNoon',10200,10200,506),(29177,1,0,'2016-08-25','AfterNoon',10200,10200,506),(29178,1,0,'2016-08-21','Morning',10200,10200,506),(29179,1,0,'2016-08-29','Morning',10200,10200,506),(29180,1,0,'2016-09-03','AfterNoon',10200,10200,506),(29181,1,0,'2016-09-12','Evening',10200,10200,506),(29182,1,0,'2016-09-05','Morning',10200,10200,506),(29183,1,0,'2016-09-04','Morning',10200,10200,506),(29184,1,0,'2016-09-07','Evening',10200,10200,506),(29185,1,0,'2016-08-26','AfterNoon',10200,10200,506),(29186,1,0,'2016-08-20','Morning',10200,10200,506),(29187,1,0,'2016-08-28','AfterNoon',10200,10200,506),(29188,1,0,'2016-09-12','AfterNoon',10200,10200,506),(29189,1,0,'2016-09-07','AfterNoon',10200,10200,506),(29190,1,0,'2016-09-13','Evening',10200,10200,506),(29191,1,0,'2016-08-19','AfterNoon',10200,10200,506),(29192,1,0,'2016-09-10','Morning',10200,10200,506),(29193,1,0,'2016-09-10','Evening',10200,10200,506),(29194,1,0,'2016-09-03','Morning',10200,10200,506),(29195,1,0,'2016-08-18','Morning',10200,10200,506),(29196,1,0,'2016-08-24','Evening',10200,10200,506),(29197,1,0,'2016-09-12','Morning',10200,10200,506),(29198,1,0,'2016-08-25','Morning',10200,10200,506),(29200,1,0,'2016-09-11','Evening',10200,10200,506),(29201,1,0,'2016-09-06','Morning',10200,10200,506),(29202,1,0,'2016-09-09','AfterNoon',10200,10200,506),(29203,1,0,'2016-08-24','Morning',10200,10200,506),(29204,1,0,'2016-09-08','AfterNoon',10200,10200,506),(29205,1,0,'2016-08-31','AfterNoon',10200,10200,506),(29208,1,0,'2016-08-18','AfterNoon',10200,10200,506),(29209,1,0,'2016-08-19','Morning',10200,10200,506),(29210,1,0,'2016-09-11','Morning',10200,10200,506),(29211,1,0,'2016-08-29','AfterNoon',10200,10200,506),(29212,1,0,'2016-09-05','Evening',10200,10200,506),(29213,1,0,'2016-08-29','Evening',10200,10200,506),(29214,1,0,'2016-09-04','AfterNoon',10200,10200,506),(29215,1,0,'2016-09-08','Morning',10200,10200,506),(29216,1,0,'2016-08-23','Morning',10200,10200,506),(29217,1,0,'2016-08-22','Evening',10200,10200,506),(29218,1,0,'2016-08-28','Morning',10200,10200,506),(29220,1,0,'2016-08-20','AfterNoon',10200,10200,506),(29221,1,0,'2016-08-22','Morning',10200,10200,506),(29223,1,0,'2016-08-31','Evening',10200,10200,506),(29224,1,0,'2016-09-10','AfterNoon',10200,10200,506),(29225,1,0,'2016-09-01','AfterNoon',10200,10200,506),(29226,1,0,'2016-09-02','Morning',10200,10200,506),(29227,1,0,'2016-09-09','Morning',10200,10200,506),(29228,1,0,'2016-09-01','Morning',10200,10200,506),(29230,1,0,'2016-08-30','Evening',10200,10200,506),(29231,1,0,'2016-08-22','AfterNoon',10200,10200,506),(29232,1,0,'2016-09-02','AfterNoon',10200,10200,506),(29233,1,0,'2016-08-19','Evening',10200,10200,506),(29234,1,0,'2016-09-03','Evening',10200,10200,506),(29235,1,0,'2016-09-13','Morning',10200,10200,506),(29237,1,0,'2016-09-01','Evening',10200,10200,506),(29238,1,0,'2016-08-25','Evening',10200,10200,506),(29239,1,0,'2016-09-06','AfterNoon',10200,10200,506),(29240,1,0,'2016-08-27','Morning',10200,10200,506),(29242,1,0,'2016-08-26','Morning',10200,10200,506),(29243,1,0,'2016-08-26','Evening',10200,10200,506),(29244,1,0,'2016-08-27','Evening',10200,10200,506),(29245,1,0,'2016-08-21','AfterNoon',10200,10200,506),(29246,1,0,'2016-08-28','Evening',10200,10200,506),(29247,1,0,'2016-09-05','AfterNoon',10200,10200,506),(29248,1,0,'2016-09-07','Morning',10200,10200,506),(29249,1,0,'2016-08-21','Evening',10200,10200,506),(29251,1,0,'2016-09-02','Evening',10200,10200,506),(29253,1,0,'2016-08-23','AfterNoon',10200,10200,506),(29254,1,0,'2016-09-06','Evening',10200,10200,506),(29256,1,0,'2016-08-20','Evening',10200,10200,506),(29257,1,0,'2016-08-24','AfterNoon',10200,10200,506),(29258,1,0,'2016-09-09','Evening',10200,10200,506),(29259,1,0,'2016-08-25','AfterNoon',10202,10208,507),(29260,1,0,'2016-09-02','Evening',10202,10208,507),(29261,1,0,'2016-08-26','AfterNoon',10202,10208,507),(29262,1,0,'2016-08-23','AfterNoon',10202,10208,507),(29263,1,0,'2016-08-29','Morning',10202,10208,507),(29265,1,0,'2016-08-27','Morning',10202,10208,507),(29266,1,0,'2016-09-09','Evening',10202,10208,507),(29267,1,0,'2016-08-22','AfterNoon',10202,10208,507),(29268,1,0,'2016-08-24','Evening',10202,10208,507),(29269,1,0,'2016-09-05','AfterNoon',10202,10208,507),(29270,1,0,'2016-09-09','AfterNoon',10202,10208,507),(29271,1,0,'2016-08-21','AfterNoon',10202,10208,507),(29273,1,0,'2016-09-09','Morning',10202,10208,507),(29274,1,0,'2016-09-10','Morning',10202,10208,507),(29275,1,0,'2016-09-11','AfterNoon',10202,10208,507),(29278,1,0,'2016-08-30','Evening',10202,10208,507),(29279,1,0,'2016-08-19','Evening',10202,10208,507),(29281,1,0,'2016-08-31','AfterNoon',10202,10208,507),(29282,1,0,'2016-08-20','Evening',10202,10208,507),(29283,1,0,'2016-08-29','Evening',10202,10208,507),(29284,1,0,'2016-09-08','Evening',10202,10208,507),(29285,1,0,'2016-09-11','Morning',10202,10208,507),(29286,1,0,'2016-09-10','Evening',10202,10208,507),(29287,1,0,'2016-09-04','Evening',10202,10208,507),(29288,1,0,'2016-09-06','Morning',10202,10208,507),(29289,1,0,'2016-09-03','AfterNoon',10202,10208,507),(29290,1,0,'2016-09-01','Evening',10202,10208,507),(29291,1,0,'2016-08-28','AfterNoon',10202,10208,507),(29292,1,0,'2016-08-21','Morning',10202,10208,507),(29293,1,0,'2016-08-18','Morning',10202,10208,507),(29294,1,0,'2016-09-08','Morning',10202,10208,507),(29295,1,0,'2016-08-19','Morning',10202,10208,507),(29297,1,0,'2016-09-02','Morning',10202,10208,507),(29298,1,0,'2016-08-24','AfterNoon',10202,10208,507),(29299,1,0,'2016-08-23','Morning',10202,10208,507),(29300,1,0,'2016-08-28','Morning',10202,10208,507),(29301,1,0,'2016-08-26','Evening',10202,10208,507),(29302,1,0,'2016-08-28','Evening',10202,10208,507),(29303,1,0,'2016-09-03','Evening',10202,10208,507),(29304,1,0,'2016-09-13','Morning',10202,10208,507),(29305,1,0,'2016-08-29','AfterNoon',10202,10208,507),(29306,1,0,'2016-09-03','Morning',10202,10208,507),(29307,1,0,'2016-09-06','AfterNoon',10202,10208,507),(29308,1,0,'2016-09-05','Evening',10202,10208,507),(29309,1,0,'2016-09-04','Morning',10202,10208,507),(29311,1,0,'2016-08-20','Morning',10202,10208,507),(29312,1,0,'2016-08-26','Morning',10202,10208,507),(29313,1,0,'2016-09-06','Evening',10202,10208,507),(29314,1,0,'2016-09-07','AfterNoon',10202,10208,507),(29315,1,0,'2016-09-13','AfterNoon',10202,10208,507),(29316,1,0,'2016-08-30','AfterNoon',10202,10208,507),(29317,1,0,'2016-09-04','AfterNoon',10202,10208,507),(29318,1,0,'2016-08-18','Evening',10202,10208,507),(29319,1,0,'2016-08-22','Morning',10202,10208,507),(29320,1,0,'2016-08-31','Morning',10202,10208,507),(29321,1,0,'2016-09-11','Evening',10202,10208,507),(29322,1,0,'2016-08-25','Evening',10202,10208,507),(29324,1,0,'2016-09-01','Morning',10202,10208,507),(29325,1,0,'2016-08-20','AfterNoon',10202,10208,507),(29326,1,0,'2016-08-31','Evening',10202,10208,507),(29327,1,0,'2016-08-24','Morning',10202,10208,507),(29328,1,0,'2016-09-08','AfterNoon',10202,10208,507),(29329,1,0,'2016-09-05','Morning',10202,10208,507),(29330,1,0,'2016-08-27','Evening',10202,10208,507),(29331,1,0,'2016-09-02','AfterNoon',10202,10208,507),(29332,1,0,'2016-09-10','AfterNoon',10202,10208,507),(29333,1,0,'2016-08-30','Morning',10202,10208,507),(29334,1,0,'2016-09-07','Evening',10202,10208,507),(29335,1,0,'2016-09-12','Morning',10202,10208,507),(29337,1,0,'2016-08-27','AfterNoon',10202,10208,507),(29338,1,0,'2016-08-23','Evening',10202,10208,507),(29339,1,0,'2016-09-12','Evening',10202,10208,507),(29340,1,0,'2016-08-22','Evening',10202,10208,507),(29341,1,0,'2016-08-25','Morning',10202,10208,507),(29342,1,0,'2016-09-12','AfterNoon',10202,10208,507),(29343,1,0,'2016-09-01','AfterNoon',10202,10208,507),(29344,1,0,'2016-08-18','AfterNoon',10202,10208,507),(29345,1,0,'2016-08-21','Evening',10202,10208,507),(29347,1,0,'2016-08-19','AfterNoon',10202,10208,507),(29348,1,0,'2016-09-07','Morning',10202,10208,507),(29351,1,0,'2016-09-13','Evening',10202,10208,507),(29401,1,0,'2016-09-14','Morning',10201,10207,208),(29402,1,0,'2016-09-14','AfterNoon',10201,10207,208),(29403,1,0,'2016-09-14','Evening',10201,10207,208),(29404,1,0,'2016-09-14','Morning',10203,10213,214),(29405,1,0,'2016-09-14','AfterNoon',10203,10213,214),(29406,1,0,'2016-09-14','Evening',10203,10213,214),(29407,1,0,'2016-09-14','Morning',10203,10215,216),(29408,1,0,'2016-09-14','AfterNoon',10203,10215,216),(29409,1,0,'2016-09-14','Evening',10203,10215,216),(29410,1,0,'2016-09-14','Morning',10207,10231,232),(29411,1,0,'2016-09-14','AfterNoon',10207,10231,232),(29412,1,0,'2016-09-14','Evening',10207,10231,232),(29413,1,0,'2016-09-14','Morning',10208,10235,236),(29414,1,0,'2016-09-14','AfterNoon',10208,10235,236),(29415,1,0,'2016-09-14','Evening',10208,10235,236),(29416,1,0,'2016-09-14','Morning',10209,10239,240),(29417,1,0,'2016-09-14','AfterNoon',10209,10239,240),(29418,1,0,'2016-09-14','Evening',10209,10239,240),(29419,1,0,'2016-09-14','Morning',10210,10243,244),(29420,1,0,'2016-09-14','AfterNoon',10210,10243,244),(29421,1,0,'2016-09-14','Evening',10210,10243,244),(29422,1,0,'2016-09-14','Morning',10211,10247,248),(29423,1,0,'2016-09-14','AfterNoon',10211,10247,248),(29424,1,0,'2016-09-14','Evening',10211,10247,248),(29425,1,0,'2016-09-14','Morning',10212,10249,250),(29426,1,0,'2016-09-14','AfterNoon',10212,10249,250),(29427,1,0,'2016-09-14','Evening',10212,10249,250),(29428,1,0,'2016-09-14','Morning',10212,10251,252),(29429,1,0,'2016-09-14','AfterNoon',10212,10251,252),(29430,1,0,'2016-09-14','Evening',10212,10251,252),(29431,1,0,'2016-09-14','Morning',10213,10253,254),(29432,1,0,'2016-09-14','AfterNoon',10213,10253,254),(29433,1,0,'2016-09-14','Evening',10213,10253,254),(29434,1,0,'2016-09-14','Morning',10214,10257,258),(29435,1,0,'2016-09-14','AfterNoon',10214,10257,258),(29436,1,0,'2016-09-14','Evening',10214,10257,258),(29437,1,0,'2016-09-14','Morning',10216,10264,265),(29438,1,0,'2016-09-14','AfterNoon',10216,10264,265),(29439,1,0,'2016-09-14','Evening',10216,10264,265),(29440,1,0,'2016-09-14','Morning',10217,10266,267),(29441,1,0,'2016-09-14','AfterNoon',10217,10266,267),(29442,1,0,'2016-09-14','Evening',10217,10266,267),(29443,1,0,'2016-09-14','Morning',10217,10267,268),(29444,1,0,'2016-09-14','AfterNoon',10217,10267,268),(29445,1,0,'2016-09-14','Evening',10217,10267,268),(29446,1,0,'2016-09-14','Morning',10217,10268,269),(29447,1,0,'2016-09-14','AfterNoon',10217,10268,269),(29448,1,0,'2016-09-14','Evening',10217,10268,269),(29449,1,0,'2016-09-14','Morning',10218,10269,270),(29450,1,0,'2016-09-14','AfterNoon',10218,10269,270),(29451,1,0,'2016-09-14','Evening',10218,10269,270),(29452,1,0,'2016-09-14','Morning',10219,10270,271),(29453,1,0,'2016-09-14','AfterNoon',10219,10270,271),(29454,1,0,'2016-09-14','Evening',10219,10270,271),(29455,1,0,'2016-09-14','Morning',10220,10271,272),(29456,1,0,'2016-09-14','AfterNoon',10220,10271,272),(29457,1,0,'2016-09-14','Evening',10220,10271,272),(29458,1,0,'2016-09-14','Morning',10221,10272,273),(29459,1,0,'2016-09-14','AfterNoon',10221,10272,273),(29460,1,0,'2016-09-14','Evening',10221,10272,273),(29461,1,0,'2016-09-14','Morning',10222,10273,274),(29462,1,0,'2016-09-14','AfterNoon',10222,10273,274),(29463,1,0,'2016-09-14','Evening',10222,10273,274),(29464,1,0,'2016-09-14','Morning',10223,10274,275),(29465,1,0,'2016-09-14','AfterNoon',10223,10274,275),(29466,1,0,'2016-09-14','Evening',10223,10274,275),(29467,1,0,'2016-09-14','Morning',10224,10275,276),(29468,1,0,'2016-09-14','AfterNoon',10224,10275,276),(29469,1,0,'2016-09-14','Evening',10224,10275,276),(29470,1,0,'2016-09-14','Morning',10225,10276,277),(29471,1,0,'2016-09-14','AfterNoon',10225,10276,277),(29472,1,0,'2016-09-14','Evening',10225,10276,277),(29473,1,0,'2016-09-14','Morning',10226,10277,278),(29474,1,0,'2016-09-14','AfterNoon',10226,10277,278),(29475,1,0,'2016-09-14','Evening',10226,10277,278),(29476,1,0,'2016-09-14','Morning',10227,10279,279),(29477,1,0,'2016-09-14','AfterNoon',10227,10279,279),(29478,1,0,'2016-09-14','Evening',10227,10279,279),(29479,1,0,'2016-09-14','Morning',10228,10280,280),(29480,1,0,'2016-09-14','AfterNoon',10228,10280,280),(29481,1,0,'2016-09-14','Evening',10228,10280,280),(29482,1,0,'2016-09-14','Morning',10229,10281,281),(29483,1,0,'2016-09-14','AfterNoon',10229,10281,281),(29484,1,0,'2016-09-14','Evening',10229,10281,281),(29485,1,0,'2016-09-14','Morning',10230,10282,282),(29486,1,0,'2016-09-14','AfterNoon',10230,10282,282),(29487,1,0,'2016-09-14','Evening',10230,10282,282),(29488,1,0,'2016-09-14','Morning',10231,10283,283),(29489,1,0,'2016-09-14','AfterNoon',10231,10283,283),(29490,1,0,'2016-09-14','Evening',10231,10283,283),(29491,1,0,'2016-09-14','Morning',10232,10284,284),(29492,1,0,'2016-09-14','AfterNoon',10232,10284,284),(29493,1,0,'2016-09-14','Evening',10232,10284,284),(29494,1,0,'2016-09-14','Morning',10233,10285,285),(29495,1,0,'2016-09-14','AfterNoon',10233,10285,285),(29496,1,0,'2016-09-14','Evening',10233,10285,285),(29497,1,0,'2016-09-14','Morning',10234,10286,286),(29498,1,0,'2016-09-14','AfterNoon',10234,10286,286),(29499,1,0,'2016-09-14','Evening',10234,10286,286),(29500,1,0,'2016-09-14','Morning',10235,10287,287),(29501,1,0,'2016-09-14','AfterNoon',10235,10287,287),(29502,1,0,'2016-09-14','Evening',10235,10287,287),(29503,1,0,'2016-09-14','Morning',10236,10288,288),(29504,1,0,'2016-09-14','AfterNoon',10236,10288,288),(29505,1,0,'2016-09-14','Evening',10236,10288,288),(29506,1,0,'2016-09-14','Morning',10237,10289,289),(29507,1,0,'2016-09-14','AfterNoon',10237,10289,289),(29508,1,0,'2016-09-14','Evening',10237,10289,289),(29509,1,0,'2016-09-14','Morning',10238,10290,290),(29510,1,0,'2016-09-14','AfterNoon',10238,10290,290),(29511,1,0,'2016-09-14','Evening',10238,10290,290),(29512,1,0,'2016-09-14','Morning',10239,10291,291),(29513,1,0,'2016-09-14','AfterNoon',10239,10291,291),(29514,1,0,'2016-09-14','Evening',10239,10291,291),(29515,1,0,'2016-09-14','Morning',10240,10292,292),(29516,1,0,'2016-09-14','AfterNoon',10240,10292,292),(29517,1,0,'2016-09-14','Evening',10240,10292,292),(29518,1,0,'2016-09-14','Morning',10241,10293,293),(29519,1,0,'2016-09-14','AfterNoon',10241,10293,293),(29520,1,0,'2016-09-14','Evening',10241,10293,293),(29521,1,0,'2016-09-14','Morning',10242,10294,294),(29522,1,0,'2016-09-14','AfterNoon',10242,10294,294),(29523,1,0,'2016-09-14','Evening',10242,10294,294),(29524,1,0,'2016-09-14','Morning',10243,10295,295),(29525,1,0,'2016-09-14','AfterNoon',10243,10295,295),(29526,1,0,'2016-09-14','Evening',10243,10295,295),(29527,1,0,'2016-09-14','Morning',10244,10296,296),(29528,1,0,'2016-09-14','AfterNoon',10244,10296,296),(29529,1,0,'2016-09-14','Evening',10244,10296,296),(29530,1,0,'2016-09-14','Morning',10245,10297,297),(29531,1,0,'2016-09-14','AfterNoon',10245,10297,297),(29532,1,0,'2016-09-14','Evening',10245,10297,297),(29533,1,0,'2016-09-14','Morning',10246,10299,299),(29534,1,0,'2016-09-14','AfterNoon',10246,10299,299),(29535,1,0,'2016-09-14','Evening',10246,10299,299),(29536,1,0,'2016-09-14','Morning',10247,10302,302),(29537,1,0,'2016-09-14','AfterNoon',10247,10302,302),(29538,1,0,'2016-09-14','Evening',10247,10302,302),(29539,1,0,'2016-09-14','Morning',10247,10303,303),(29540,1,0,'2016-09-14','AfterNoon',10247,10303,303),(29541,1,0,'2016-09-14','Evening',10247,10303,303),(29542,1,0,'2016-09-14','Morning',10248,10305,305),(29543,1,0,'2016-09-14','AfterNoon',10248,10305,305),(29544,1,0,'2016-09-14','Evening',10248,10305,305),(29545,1,0,'2016-09-14','Morning',10249,10307,307),(29546,1,0,'2016-09-14','AfterNoon',10249,10307,307),(29547,1,0,'2016-09-14','Evening',10249,10307,307),(29548,1,0,'2016-09-14','Morning',10250,10309,309),(29549,1,0,'2016-09-14','AfterNoon',10250,10309,309),(29550,1,0,'2016-09-14','Evening',10250,10309,309),(29551,1,0,'2016-09-14','Morning',10251,10312,312),(29552,1,0,'2016-09-14','AfterNoon',10251,10312,312),(29553,1,0,'2016-09-14','Evening',10251,10312,312),(29554,1,0,'2016-09-14','Morning',10252,10315,315),(29555,1,0,'2016-09-14','AfterNoon',10252,10315,315),(29556,1,0,'2016-09-14','Evening',10252,10315,315),(29557,1,0,'2016-09-14','Morning',10252,10317,317),(29558,1,0,'2016-09-14','AfterNoon',10252,10317,317),(29559,1,0,'2016-09-14','Evening',10252,10317,317),(29560,1,0,'2016-09-14','Morning',10253,10319,319),(29561,1,0,'2016-09-14','AfterNoon',10253,10319,319),(29562,1,0,'2016-09-14','Evening',10253,10319,319),(29563,1,0,'2016-09-14','Morning',10254,10321,321),(29564,1,0,'2016-09-14','AfterNoon',10254,10321,321),(29565,1,0,'2016-09-14','Evening',10254,10321,321),(29566,1,0,'2016-09-14','Morning',10255,10323,323),(29567,1,0,'2016-09-14','AfterNoon',10255,10323,323),(29568,1,0,'2016-09-14','Evening',10255,10323,323),(29569,1,0,'2016-09-14','Morning',10256,10324,324),(29570,1,0,'2016-09-14','AfterNoon',10256,10324,324),(29571,1,0,'2016-09-14','Evening',10256,10324,324),(29572,1,0,'2016-09-14','Morning',10256,10327,327),(29573,1,0,'2016-09-14','AfterNoon',10256,10327,327),(29574,1,0,'2016-09-14','Evening',10256,10327,327),(29575,1,0,'2016-09-14','Morning',10257,10329,329),(29576,1,0,'2016-09-14','AfterNoon',10257,10329,329),(29577,1,0,'2016-09-14','Evening',10257,10329,329),(29578,1,0,'2016-09-14','Morning',10215,10352,353),(29579,1,0,'2016-09-14','AfterNoon',10215,10352,353),(29580,1,0,'2016-09-14','Evening',10215,10352,353),(29581,1,0,'2016-09-14','Morning',10249,10400,401),(29582,1,0,'2016-09-14','AfterNoon',10249,10400,401),(29583,1,0,'2016-09-14','Evening',10249,10400,401),(29584,1,0,'2016-09-14','Morning',10253,10401,402),(29585,1,0,'2016-09-14','AfterNoon',10253,10401,402),(29586,1,0,'2016-09-14','Evening',10253,10401,402),(29587,1,0,'2016-09-14','Morning',10254,10402,403),(29588,1,0,'2016-09-14','AfterNoon',10254,10402,403),(29589,1,0,'2016-09-14','Evening',10254,10402,403),(29590,1,0,'2016-09-14','Morning',10255,10403,404),(29591,1,0,'2016-09-14','AfterNoon',10255,10403,404),(29592,1,0,'2016-09-14','Evening',10255,10403,404),(29593,1,0,'2016-09-14','Morning',10256,10404,405),(29594,1,0,'2016-09-14','AfterNoon',10256,10404,405),(29595,1,0,'2016-09-14','Evening',10256,10404,405),(29596,1,0,'2016-09-14','Morning',10300,10453,452),(29597,1,0,'2016-09-14','AfterNoon',10300,10453,452),(29598,1,0,'2016-09-14','Evening',10300,10453,452),(29599,1,0,'2016-09-14','Morning',10150,10150,501),(29600,1,0,'2016-09-14','AfterNoon',10150,10150,501),(29601,1,0,'2016-09-14','Evening',10150,10150,501),(29602,1,0,'2016-09-14','Morning',10204,10216,502),(29603,1,0,'2016-09-14','AfterNoon',10204,10216,502),(29604,1,0,'2016-09-14','Evening',10204,10216,502),(29605,1,0,'2016-09-14','Morning',10205,10220,503),(29606,1,0,'2016-09-14','AfterNoon',10205,10220,503),(29607,1,0,'2016-09-14','Evening',10205,10220,503),(29608,1,0,'2016-09-14','Morning',10206,10224,504),(29609,1,0,'2016-09-14','AfterNoon',10206,10224,504),(29610,1,0,'2016-09-14','Evening',10206,10224,504),(29611,1,0,'2016-09-14','Morning',10151,10154,505),(29612,1,0,'2016-09-14','AfterNoon',10151,10154,505),(29613,1,0,'2016-09-14','Evening',10151,10154,505),(29614,1,0,'2016-09-14','Morning',10200,10200,506),(29615,1,0,'2016-09-14','AfterNoon',10200,10200,506),(29616,1,0,'2016-09-14','Evening',10200,10200,506),(29617,1,0,'2016-09-14','Morning',10202,10208,507),(29618,1,0,'2016-09-14','AfterNoon',10202,10208,507),(29619,1,0,'2016-09-14','Evening',10202,10208,507),(29620,1,0,'2016-09-15','Morning',10201,10207,208),(29621,1,0,'2016-09-15','AfterNoon',10201,10207,208),(29622,1,0,'2016-09-15','Evening',10201,10207,208),(29623,1,0,'2016-09-15','Morning',10203,10213,214),(29624,1,0,'2016-09-15','AfterNoon',10203,10213,214),(29625,1,0,'2016-09-15','Evening',10203,10213,214),(29626,1,0,'2016-09-15','Morning',10203,10215,216),(29627,1,0,'2016-09-15','AfterNoon',10203,10215,216),(29628,1,0,'2016-09-15','Evening',10203,10215,216),(29629,1,0,'2016-09-15','Morning',10207,10231,232),(29630,1,0,'2016-09-15','AfterNoon',10207,10231,232),(29631,1,0,'2016-09-15','Evening',10207,10231,232),(29632,1,0,'2016-09-15','Morning',10208,10235,236),(29633,1,0,'2016-09-15','AfterNoon',10208,10235,236),(29634,1,0,'2016-09-15','Evening',10208,10235,236),(29635,1,0,'2016-09-15','Morning',10209,10239,240),(29636,1,0,'2016-09-15','AfterNoon',10209,10239,240),(29637,1,0,'2016-09-15','Evening',10209,10239,240),(29638,1,0,'2016-09-15','Morning',10210,10243,244),(29639,1,0,'2016-09-15','AfterNoon',10210,10243,244),(29640,1,0,'2016-09-15','Evening',10210,10243,244),(29641,1,0,'2016-09-15','Morning',10211,10247,248),(29642,1,0,'2016-09-15','AfterNoon',10211,10247,248),(29643,1,0,'2016-09-15','Evening',10211,10247,248),(29644,1,0,'2016-09-15','Morning',10212,10249,250),(29645,1,0,'2016-09-15','AfterNoon',10212,10249,250),(29646,1,0,'2016-09-15','Evening',10212,10249,250),(29647,1,0,'2016-09-15','Morning',10212,10251,252),(29648,1,0,'2016-09-15','AfterNoon',10212,10251,252),(29649,1,0,'2016-09-15','Evening',10212,10251,252),(29650,1,0,'2016-09-15','Morning',10213,10253,254),(29651,1,0,'2016-08-25','AfterNoon',10350,10500,551),(29652,1,0,'2016-09-05','Morning',10350,10500,551),(29653,1,0,'2016-08-20','AfterNoon',10350,10500,551),(29654,1,0,'2016-08-26','Evening',10350,10500,551),(29655,1,0,'2016-09-12','Evening',10350,10500,551),(29656,1,0,'2016-09-06','Evening',10350,10500,551),(29657,1,0,'2016-08-31','Evening',10350,10500,551),(29658,1,0,'2016-08-19','Evening',10350,10500,551),(29659,1,0,'2016-09-13','Evening',10350,10500,551),(29660,1,0,'2016-09-07','Morning',10350,10500,551),(29661,1,0,'2016-08-27','AfterNoon',10350,10500,551),(29662,1,0,'2016-08-27','Evening',10350,10500,551),(29663,1,0,'2016-08-30','Morning',10350,10500,551),(29664,1,0,'2016-08-29','AfterNoon',10350,10500,551),(29665,1,0,'2016-08-31','Morning',10350,10500,551),(29667,1,0,'2016-08-29','Morning',10350,10500,551),(29668,1,0,'2016-09-08','Evening',10350,10500,551),(29670,1,0,'2016-08-28','AfterNoon',10350,10500,551),(29671,1,0,'2016-08-23','AfterNoon',10350,10500,551),(29672,1,0,'2016-09-05','Evening',10350,10500,551),(29673,1,0,'2016-09-06','AfterNoon',10350,10500,551),(29674,1,0,'2016-09-10','AfterNoon',10350,10500,551),(29675,1,0,'2016-09-03','Evening',10350,10500,551),(29676,1,0,'2016-09-06','Morning',10350,10500,551),(29677,1,0,'2016-08-25','Evening',10350,10500,551),(29678,1,0,'2016-09-12','AfterNoon',10350,10500,551),(29679,1,0,'2016-08-24','Evening',10350,10500,551),(29680,1,0,'2016-09-04','Morning',10350,10500,551),(29681,1,0,'2016-08-21','AfterNoon',10350,10500,551),(29682,1,0,'2016-08-31','AfterNoon',10350,10500,551),(29684,1,0,'2016-09-01','Evening',10350,10500,551),(29685,1,0,'2016-09-04','AfterNoon',10350,10500,551),(29686,1,0,'2016-09-14','Evening',10350,10500,551),(29688,1,0,'2016-08-22','Evening',10350,10500,551),(29689,1,0,'2016-09-02','Morning',10350,10500,551),(29690,1,0,'2016-09-07','Evening',10350,10500,551),(29691,1,0,'2016-08-23','Evening',10350,10500,551),(29692,1,0,'2016-08-27','Morning',10350,10500,551),(29693,1,0,'2016-09-08','Morning',10350,10500,551),(29695,1,0,'2016-08-18','Evening',10350,10500,551),(29696,1,0,'2016-09-05','AfterNoon',10350,10500,551),(29698,1,0,'2016-08-28','Evening',10350,10500,551),(29699,1,0,'2016-09-09','AfterNoon',10350,10500,551),(29700,1,0,'2016-08-23','Morning',10350,10500,551),(29701,1,0,'2016-09-02','Evening',10350,10500,551),(29702,1,0,'2016-09-13','Morning',10350,10500,551),(29703,1,0,'2016-09-01','Morning',10350,10500,551),(29704,1,0,'2016-09-07','AfterNoon',10350,10500,551),(29705,1,0,'2016-08-24','AfterNoon',10350,10500,551),(29706,1,0,'2016-08-26','Morning',10350,10500,551),(29707,1,0,'2016-08-26','AfterNoon',10350,10500,551),(29708,1,0,'2016-09-12','Morning',10350,10500,551),(29709,1,0,'2016-09-13','AfterNoon',10350,10500,551),(29710,1,0,'2016-09-11','AfterNoon',10350,10500,551),(29712,1,0,'2016-09-10','Morning',10350,10500,551),(29714,1,0,'2016-08-19','Morning',10350,10500,551),(29715,1,0,'2016-08-28','Morning',10350,10500,551),(29716,1,0,'2016-08-29','Evening',10350,10500,551),(29717,1,0,'2016-09-09','Morning',10350,10500,551),(29718,1,0,'2016-08-30','AfterNoon',10350,10500,551),(29719,1,0,'2016-09-14','AfterNoon',10350,10500,551),(29720,1,0,'2016-09-11','Morning',10350,10500,551),(29721,1,0,'2016-09-01','AfterNoon',10350,10500,551),(29722,1,0,'2016-09-10','Evening',10350,10500,551),(29723,1,0,'2016-08-22','Morning',10350,10500,551),(29724,1,0,'2016-08-30','Evening',10350,10500,551),(29725,1,0,'2016-09-11','Evening',10350,10500,551),(29726,1,0,'2016-09-03','AfterNoon',10350,10500,551),(29728,1,0,'2016-09-08','AfterNoon',10350,10500,551),(29729,1,0,'2016-09-14','Morning',10350,10500,551),(29730,1,0,'2016-08-24','Morning',10350,10500,551),(29731,1,0,'2016-09-04','Evening',10350,10500,551),(29732,1,0,'2016-08-19','AfterNoon',10350,10500,551),(29733,1,0,'2016-08-21','Evening',10350,10500,551),(29734,1,0,'2016-08-25','Morning',10350,10500,551),(29735,1,0,'2016-08-20','Morning',10350,10500,551),(29736,1,0,'2016-08-20','Evening',10350,10500,551),(29737,1,0,'2016-08-22','AfterNoon',10350,10500,551),(29738,1,0,'2016-09-03','Morning',10350,10500,551),(29739,1,0,'2016-08-21','Morning',10350,10500,551),(29740,1,0,'2016-08-18','Morning',10350,10500,551),(29741,1,0,'2016-09-09','Evening',10350,10500,551),(29742,1,0,'2016-08-18','AfterNoon',10350,10500,551),(29743,1,0,'2016-09-02','AfterNoon',10350,10500,551),(29744,1,0,'2016-08-24','Evening',10351,10501,552),(29745,1,0,'2016-09-05','Morning',10351,10501,552),(29746,1,0,'2016-09-08','AfterNoon',10351,10501,552),(29747,1,0,'2016-09-08','Morning',10351,10501,552),(29748,1,0,'2016-08-28','Evening',10351,10501,552),(29750,1,0,'2016-09-01','AfterNoon',10351,10501,552),(29751,1,0,'2016-09-06','AfterNoon',10351,10501,552),(29752,1,0,'2016-08-19','Evening',10351,10501,552),(29753,1,0,'2016-09-04','Evening',10351,10501,552),(29754,1,0,'2016-08-19','Morning',10351,10501,552),(29755,1,0,'2016-09-03','Morning',10351,10501,552),(29756,1,0,'2016-09-03','Evening',10351,10501,552),(29757,1,0,'2016-08-24','AfterNoon',10351,10501,552),(29758,1,0,'2016-08-31','AfterNoon',10351,10501,552),(29759,1,0,'2016-08-27','Evening',10351,10501,552),(29761,1,0,'2016-08-21','Morning',10351,10501,552),(29762,1,0,'2016-08-26','Morning',10351,10501,552),(29763,1,0,'2016-09-12','Evening',10351,10501,552),(29764,1,0,'2016-08-22','Evening',10351,10501,552),(29765,1,0,'2016-08-25','Evening',10351,10501,552),(29766,1,0,'2016-08-27','Morning',10351,10501,552),(29769,1,0,'2016-09-10','Evening',10351,10501,552),(29770,1,0,'2016-08-27','AfterNoon',10351,10501,552),(29772,1,0,'2016-09-06','Evening',10351,10501,552),(29773,1,0,'2016-09-09','Evening',10351,10501,552),(29775,1,0,'2016-09-06','Morning',10351,10501,552),(29776,1,0,'2016-08-28','Morning',10351,10501,552),(29777,1,0,'2016-09-02','AfterNoon',10351,10501,552),(29778,1,0,'2016-09-05','Evening',10351,10501,552),(29779,1,0,'2016-08-24','Morning',10351,10501,552),(29780,1,0,'2016-09-09','AfterNoon',10351,10501,552),(29782,1,0,'2016-09-13','Evening',10351,10501,552),(29783,1,0,'2016-08-25','Morning',10351,10501,552),(29784,1,0,'2016-08-28','AfterNoon',10351,10501,552),(29785,1,0,'2016-08-29','Evening',10351,10501,552),(29786,1,0,'2016-09-09','Morning',10351,10501,552),(29787,1,0,'2016-08-20','Morning',10351,10501,552),(29788,1,0,'2016-09-12','Morning',10351,10501,552),(29789,1,0,'2016-09-04','AfterNoon',10351,10501,552),(29790,1,0,'2016-08-21','Evening',10351,10501,552),(29791,1,0,'2016-09-11','AfterNoon',10351,10501,552),(29792,1,0,'2016-09-13','Morning',10351,10501,552),(29793,1,0,'2016-08-26','Evening',10351,10501,552),(29794,1,0,'2016-09-14','Evening',10351,10501,552),(29795,1,0,'2016-09-11','Morning',10351,10501,552),(29796,1,0,'2016-08-18','AfterNoon',10351,10501,552),(29797,1,0,'2016-08-30','Morning',10351,10501,552),(29798,1,0,'2016-08-18','Morning',10351,10501,552),(29799,1,0,'2016-09-07','Evening',10351,10501,552),(29800,1,0,'2016-08-20','AfterNoon',10351,10501,552),(29801,1,0,'2016-08-26','AfterNoon',10351,10501,552),(29802,1,0,'2016-09-07','Morning',10351,10501,552),(29803,1,0,'2016-09-10','AfterNoon',10351,10501,552),(29804,1,0,'2016-09-14','AfterNoon',10351,10501,552),(29805,1,0,'2016-09-10','Morning',10351,10501,552),(29807,1,0,'2016-08-29','AfterNoon',10351,10501,552),(29809,1,0,'2016-08-23','Morning',10351,10501,552),(29810,1,0,'2016-08-29','Morning',10351,10501,552),(29811,1,0,'2016-09-04','Morning',10351,10501,552),(29812,1,0,'2016-09-08','Evening',10351,10501,552),(29813,1,0,'2016-08-23','AfterNoon',10351,10501,552),(29814,1,0,'2016-09-01','Morning',10351,10501,552),(29815,1,0,'2016-08-19','AfterNoon',10351,10501,552),(29816,1,0,'2016-09-12','AfterNoon',10351,10501,552),(29817,1,0,'2016-08-30','AfterNoon',10351,10501,552),(29818,1,0,'2016-08-30','Evening',10351,10501,552),(29819,1,0,'2016-08-31','Morning',10351,10501,552),(29820,1,0,'2016-09-05','AfterNoon',10351,10501,552),(29821,1,0,'2016-08-22','Morning',10351,10501,552),(29822,1,0,'2016-08-23','Evening',10351,10501,552),(29823,1,0,'2016-09-13','AfterNoon',10351,10501,552),(29824,1,0,'2016-08-21','AfterNoon',10351,10501,552),(29825,1,0,'2016-09-03','AfterNoon',10351,10501,552),(29826,1,0,'2016-09-01','Evening',10351,10501,552),(29827,1,0,'2016-09-02','Morning',10351,10501,552),(29828,1,0,'2016-08-18','Evening',10351,10501,552),(29829,1,0,'2016-08-22','AfterNoon',10351,10501,552),(29830,1,0,'2016-09-11','Evening',10351,10501,552),(29831,1,0,'2016-08-25','AfterNoon',10351,10501,552),(29832,1,0,'2016-09-14','Morning',10351,10501,552),(29833,1,0,'2016-08-31','Evening',10351,10501,552),(29834,1,0,'2016-08-20','Evening',10351,10501,552),(29835,1,0,'2016-09-02','Evening',10351,10501,552),(29836,1,0,'2016-09-07','AfterNoon',10351,10501,552),(29838,1,0,'2016-08-25','Morning',10352,10502,553),(29839,1,0,'2016-08-20','Evening',10352,10502,553),(29841,1,0,'2016-08-20','Morning',10352,10502,553),(29842,1,0,'2016-09-05','Morning',10352,10502,553),(29843,1,0,'2016-09-12','AfterNoon',10352,10502,553),(29844,1,0,'2016-08-30','Morning',10352,10502,553),(29845,1,0,'2016-09-09','Evening',10352,10502,553),(29846,1,0,'2016-09-11','AfterNoon',10352,10502,553),(29847,1,0,'2016-09-08','AfterNoon',10352,10502,553),(29848,1,0,'2016-08-27','Morning',10352,10502,553),(29849,1,0,'2016-09-04','Morning',10352,10502,553),(29850,1,0,'2016-08-27','AfterNoon',10352,10502,553),(29851,1,0,'2016-09-02','Evening',10352,10502,553),(29852,1,0,'2016-09-11','Evening',10352,10502,553),(29853,1,0,'2016-08-27','Evening',10352,10502,553),(29854,1,0,'2016-08-29','Evening',10352,10502,553),(29855,1,0,'2016-08-23','Morning',10352,10502,553),(29856,1,0,'2016-08-18','Evening',10352,10502,553),(29857,1,0,'2016-09-06','Evening',10352,10502,553),(29858,1,0,'2016-09-08','Morning',10352,10502,553),(29860,1,0,'2016-08-26','Evening',10352,10502,553),(29861,1,0,'2016-08-29','Morning',10352,10502,553),(29862,1,0,'2016-08-24','AfterNoon',10352,10502,553),(29863,1,0,'2016-08-21','AfterNoon',10352,10502,553),(29864,1,0,'2016-08-25','Evening',10352,10502,553),(29865,1,0,'2016-09-01','AfterNoon',10352,10502,553),(29866,1,0,'2016-09-03','Evening',10352,10502,553),(29867,1,0,'2016-08-26','Morning',10352,10502,553),(29868,1,0,'2016-09-07','Morning',10352,10502,553),(29870,1,0,'2016-08-21','Morning',10352,10502,553),(29871,1,0,'2016-08-19','AfterNoon',10352,10502,553),(29872,1,0,'2016-09-07','AfterNoon',10352,10502,553),(29873,1,0,'2016-09-08','Evening',10352,10502,553),(29874,1,0,'2016-09-13','Evening',10352,10502,553),(29876,1,0,'2016-09-03','Morning',10352,10502,553),(29877,1,0,'2016-09-14','Evening',10352,10502,553),(29878,1,0,'2016-08-20','AfterNoon',10352,10502,553),(29879,1,0,'2016-08-28','AfterNoon',10352,10502,553),(29880,1,0,'2016-08-23','AfterNoon',10352,10502,553),(29881,1,0,'2016-08-31','Morning',10352,10502,553),(29882,1,0,'2016-08-18','AfterNoon',10352,10502,553),(29883,1,0,'2016-09-14','AfterNoon',10352,10502,553),(29884,1,0,'2016-08-30','AfterNoon',10352,10502,553),(29885,1,0,'2016-09-01','Morning',10352,10502,553),(29886,1,0,'2016-09-10','Morning',10352,10502,553),(29887,1,0,'2016-09-11','Morning',10352,10502,553),(29888,1,0,'2016-09-10','AfterNoon',10352,10502,553),(29889,1,0,'2016-08-28','Evening',10352,10502,553),(29890,1,0,'2016-08-18','Morning',10352,10502,553),(29891,1,0,'2016-08-24','Morning',10352,10502,553),(29892,1,0,'2016-09-02','Morning',10352,10502,553),(29893,1,0,'2016-09-05','AfterNoon',10352,10502,553),(29895,1,0,'2016-09-07','Evening',10352,10502,553),(29897,1,0,'2016-09-09','Morning',10352,10502,553),(29898,1,0,'2016-08-22','Morning',10352,10502,553),(29899,1,0,'2016-08-25','AfterNoon',10352,10502,553),(29900,1,0,'2016-09-10','Evening',10352,10502,553),(29902,1,0,'2016-08-19','Evening',10352,10502,553),(29903,1,0,'2016-09-06','Morning',10352,10502,553),(29904,1,0,'2016-09-13','AfterNoon',10352,10502,553),(29905,1,0,'2016-09-06','AfterNoon',10352,10502,553),(29906,1,0,'2016-08-24','Evening',10352,10502,553),(29907,1,0,'2016-09-12','Morning',10352,10502,553),(29908,1,0,'2016-09-14','Morning',10352,10502,553),(29909,1,0,'2016-09-12','Evening',10352,10502,553),(29910,1,0,'2016-08-23','Evening',10352,10502,553),(29911,1,0,'2016-09-03','AfterNoon',10352,10502,553),(29912,1,0,'2016-09-02','AfterNoon',10352,10502,553),(29913,1,0,'2016-08-29','AfterNoon',10352,10502,553),(29914,1,0,'2016-08-28','Morning',10352,10502,553),(29915,1,0,'2016-08-31','Evening',10352,10502,553),(29916,1,0,'2016-08-22','Evening',10352,10502,553),(29917,1,0,'2016-08-26','AfterNoon',10352,10502,553),(29918,1,0,'2016-08-30','Evening',10352,10502,553),(29919,1,0,'2016-09-13','Morning',10352,10502,553),(29921,1,0,'2016-08-31','AfterNoon',10352,10502,553),(29922,1,0,'2016-08-22','AfterNoon',10352,10502,553),(29923,1,0,'2016-09-05','Evening',10352,10502,553),(29924,1,0,'2016-08-21','Evening',10352,10502,553),(29925,1,0,'2016-09-04','Evening',10352,10502,553),(29926,1,0,'2016-08-19','Morning',10352,10502,553),(29927,1,0,'2016-09-01','Evening',10352,10502,553),(29928,1,0,'2016-09-04','AfterNoon',10352,10502,553),(29929,1,0,'2016-09-09','AfterNoon',10352,10502,553),(29930,1,0,'2016-09-03','AfterNoon',10353,10503,554),(29931,1,0,'2016-09-13','Evening',10353,10503,554),(29932,1,0,'2016-09-01','Evening',10353,10503,554),(29933,1,0,'2016-08-22','AfterNoon',10353,10503,554),(29934,1,0,'2016-09-13','Morning',10353,10503,554),(29935,1,0,'2016-08-24','Morning',10353,10503,554),(29936,1,0,'2016-08-25','Morning',10353,10503,554),(29937,1,0,'2016-09-08','AfterNoon',10353,10503,554),(29938,1,0,'2016-08-23','Morning',10353,10503,554),(29939,1,0,'2016-08-27','Morning',10353,10503,554),(29940,1,0,'2016-09-05','Evening',10353,10503,554),(29941,1,0,'2016-09-09','Evening',10353,10503,554),(29942,1,0,'2016-08-27','AfterNoon',10353,10503,554),(29943,1,0,'2016-08-29','Evening',10353,10503,554),(29944,1,0,'2016-09-07','Morning',10353,10503,554),(29945,1,0,'2016-08-28','AfterNoon',10353,10503,554),(29946,1,0,'2016-09-02','Morning',10353,10503,554),(29947,1,0,'2016-08-18','AfterNoon',10353,10503,554),(29950,1,0,'2016-09-01','AfterNoon',10353,10503,554),(29951,1,0,'2016-09-01','Morning',10353,10503,554),(29952,1,0,'2016-08-20','Morning',10353,10503,554),(29953,1,0,'2016-08-31','Morning',10353,10503,554),(29954,1,0,'2016-08-26','AfterNoon',10353,10503,554),(29955,1,0,'2016-09-11','Evening',10353,10503,554),(29956,1,0,'2016-08-20','AfterNoon',10353,10503,554),(29957,1,0,'2016-08-19','AfterNoon',10353,10503,554),(29958,1,0,'2016-08-25','AfterNoon',10353,10503,554),(29959,1,0,'2016-08-27','Evening',10353,10503,554),(29960,1,0,'2016-08-21','Evening',10353,10503,554),(29962,1,0,'2016-09-02','AfterNoon',10353,10503,554),(29963,1,0,'2016-09-12','AfterNoon',10353,10503,554),(29964,1,0,'2016-09-12','Morning',10353,10503,554),(29966,1,0,'2016-09-06','Morning',10353,10503,554),(29967,1,0,'2016-08-23','Evening',10353,10503,554),(29968,1,0,'2016-08-28','Evening',10353,10503,554),(29969,1,0,'2016-09-06','Evening',10353,10503,554),(29970,1,0,'2016-09-13','AfterNoon',10353,10503,554),(29971,1,0,'2016-08-29','AfterNoon',10353,10503,554),(29972,1,0,'2016-09-12','Evening',10353,10503,554),(29973,1,0,'2016-08-22','Morning',10353,10503,554),(29974,1,0,'2016-09-14','Morning',10353,10503,554),(29975,1,0,'2016-09-04','AfterNoon',10353,10503,554),(29976,1,0,'2016-09-06','AfterNoon',10353,10503,554),(29977,1,0,'2016-08-31','AfterNoon',10353,10503,554),(29978,1,0,'2016-09-10','Evening',10353,10503,554),(29979,1,0,'2016-09-05','AfterNoon',10353,10503,554),(29981,1,0,'2016-08-26','Morning',10353,10503,554),(29982,1,0,'2016-09-10','AfterNoon',10353,10503,554),(29983,1,0,'2016-08-19','Evening',10353,10503,554),(29984,1,0,'2016-08-24','AfterNoon',10353,10503,554),(29985,1,0,'2016-08-29','Morning',10353,10503,554),(29986,1,0,'2016-09-03','Evening',10353,10503,554),(29987,1,0,'2016-08-20','Evening',10353,10503,554),(29988,1,0,'2016-09-10','Morning',10353,10503,554),(29989,1,0,'2016-09-08','Evening',10353,10503,554),(29991,1,0,'2016-09-09','Morning',10353,10503,554),(29993,1,0,'2016-09-11','AfterNoon',10353,10503,554),(29995,1,0,'2016-09-14','Evening',10353,10503,554),(29996,1,0,'2016-08-18','Morning',10353,10503,554),(29997,1,0,'2016-08-30','AfterNoon',10353,10503,554),(29998,1,0,'2016-08-22','Evening',10353,10503,554),(29999,1,0,'2016-09-04','Morning',10353,10503,554),(30000,1,0,'2016-09-02','Evening',10353,10503,554),(30001,1,0,'2016-08-26','Evening',10353,10503,554),(30002,1,0,'2016-08-24','Evening',10353,10503,554),(30003,1,0,'2016-08-30','Evening',10353,10503,554),(30004,1,0,'2016-09-05','Morning',10353,10503,554),(30005,1,0,'2016-08-19','Morning',10353,10503,554),(30006,1,0,'2016-08-25','Evening',10353,10503,554),(30007,1,0,'2016-09-08','Morning',10353,10503,554),(30008,1,0,'2016-09-07','Evening',10353,10503,554),(30009,1,0,'2016-09-09','AfterNoon',10353,10503,554),(30011,1,0,'2016-08-21','AfterNoon',10353,10503,554),(30012,1,0,'2016-08-28','Morning',10353,10503,554),(30013,1,0,'2016-09-11','Morning',10353,10503,554),(30014,1,0,'2016-08-23','AfterNoon',10353,10503,554),(30015,1,0,'2016-08-30','Morning',10353,10503,554),(30016,1,0,'2016-08-21','Morning',10353,10503,554),(30017,1,0,'2016-09-04','Evening',10353,10503,554),(30018,1,0,'2016-09-07','AfterNoon',10353,10503,554),(30019,1,0,'2016-09-03','Morning',10353,10503,554),(30020,1,0,'2016-08-31','Evening',10353,10503,554),(30021,1,0,'2016-09-14','AfterNoon',10353,10503,554),(30022,1,0,'2016-08-18','Evening',10353,10503,554),(30023,1,0,'2016-09-12','Morning',10354,10504,555),(30024,1,0,'2016-08-27','Evening',10354,10504,555),(30025,1,0,'2016-09-01','Evening',10354,10504,555),(30026,1,0,'2016-09-08','AfterNoon',10354,10504,555),(30027,1,0,'2016-08-26','AfterNoon',10354,10504,555),(30030,1,0,'2016-09-14','AfterNoon',10354,10504,555),(30031,1,0,'2016-08-18','AfterNoon',10354,10504,555),(30032,1,0,'2016-09-01','AfterNoon',10354,10504,555),(30033,1,0,'2016-08-19','Evening',10354,10504,555),(30034,1,0,'2016-08-20','Morning',10354,10504,555),(30035,1,0,'2016-09-11','Morning',10354,10504,555),(30036,1,0,'2016-09-13','Evening',10354,10504,555),(30037,1,0,'2016-08-23','Morning',10354,10504,555),(30038,1,0,'2016-08-28','Morning',10354,10504,555),(30039,1,0,'2016-08-31','Evening',10354,10504,555),(30040,1,0,'2016-08-21','Evening',10354,10504,555),(30041,1,0,'2016-08-26','Morning',10354,10504,555),(30043,1,0,'2016-09-09','AfterNoon',10354,10504,555),(30044,1,0,'2016-09-12','AfterNoon',10354,10504,555),(30045,1,0,'2016-09-13','Morning',10354,10504,555),(30046,1,0,'2016-09-05','Evening',10354,10504,555),(30047,1,0,'2016-09-07','Evening',10354,10504,555),(30048,1,0,'2016-08-18','Evening',10354,10504,555),(30049,1,0,'2016-08-22','AfterNoon',10354,10504,555),(30050,1,0,'2016-09-04','Morning',10354,10504,555),(30051,1,0,'2016-08-29','Evening',10354,10504,555),(30052,1,0,'2016-08-29','Morning',10354,10504,555),(30053,1,0,'2016-08-25','AfterNoon',10354,10504,555),(30055,1,0,'2016-09-05','Morning',10354,10504,555),(30056,1,0,'2016-09-07','Morning',10354,10504,555),(30057,1,0,'2016-08-27','AfterNoon',10354,10504,555),(30058,1,0,'2016-09-04','Evening',10354,10504,555),(30059,1,0,'2016-09-10','Morning',10354,10504,555),(30060,1,0,'2016-09-02','Morning',10354,10504,555),(30061,1,0,'2016-08-19','Morning',10354,10504,555),(30062,1,0,'2016-09-06','Morning',10354,10504,555),(30063,1,0,'2016-09-10','Evening',10354,10504,555),(30064,1,0,'2016-08-18','Morning',10354,10504,555),(30065,1,0,'2016-09-05','AfterNoon',10354,10504,555),(30066,1,0,'2016-08-30','Morning',10354,10504,555),(30067,1,0,'2016-09-06','Evening',10354,10504,555),(30068,1,0,'2016-09-10','AfterNoon',10354,10504,555),(30069,1,0,'2016-09-08','Morning',10354,10504,555),(30070,1,0,'2016-08-23','AfterNoon',10354,10504,555),(30071,1,0,'2016-09-06','AfterNoon',10354,10504,555),(30072,1,0,'2016-09-09','Evening',10354,10504,555),(30073,1,0,'2016-09-02','AfterNoon',10354,10504,555),(30074,1,0,'2016-09-04','AfterNoon',10354,10504,555),(30075,1,0,'2016-08-19','AfterNoon',10354,10504,555),(30076,1,0,'2016-08-20','Evening',10354,10504,555),(30077,1,0,'2016-09-03','Evening',10354,10504,555),(30078,1,0,'2016-08-30','Evening',10354,10504,555),(30079,1,0,'2016-09-01','Morning',10354,10504,555),(30080,1,0,'2016-08-30','AfterNoon',10354,10504,555),(30081,1,0,'2016-08-21','Morning',10354,10504,555),(30082,1,0,'2016-08-28','Evening',10354,10504,555),(30083,1,0,'2016-08-31','Morning',10354,10504,555),(30086,1,0,'2016-08-28','AfterNoon',10354,10504,555),(30087,1,0,'2016-09-07','AfterNoon',10354,10504,555),(30089,1,0,'2016-09-14','Morning',10354,10504,555),(30090,1,0,'2016-09-02','Evening',10354,10504,555),(30091,1,0,'2016-08-24','Evening',10354,10504,555),(30092,1,0,'2016-09-09','Morning',10354,10504,555),(30094,1,0,'2016-08-23','Evening',10354,10504,555),(30095,1,0,'2016-08-27','Morning',10354,10504,555),(30096,1,0,'2016-09-13','AfterNoon',10354,10504,555),(30097,1,0,'2016-08-31','AfterNoon',10354,10504,555),(30098,1,0,'2016-08-24','AfterNoon',10354,10504,555),(30099,1,0,'2016-09-03','AfterNoon',10354,10504,555),(30100,1,0,'2016-08-20','AfterNoon',10354,10504,555),(30101,1,0,'2016-08-24','Morning',10354,10504,555),(30102,1,0,'2016-09-14','Evening',10354,10504,555),(30103,1,0,'2016-09-03','Morning',10354,10504,555),(30104,1,0,'2016-09-11','AfterNoon',10354,10504,555),(30106,1,0,'2016-08-22','Evening',10354,10504,555),(30107,1,0,'2016-08-25','Evening',10354,10504,555),(30108,1,0,'2016-08-22','Morning',10354,10504,555),(30109,1,0,'2016-09-11','Evening',10354,10504,555),(30110,1,0,'2016-08-26','Evening',10354,10504,555),(30111,1,0,'2016-09-08','Evening',10354,10504,555),(30112,1,0,'2016-08-25','Morning',10354,10504,555),(30113,1,0,'2016-08-29','AfterNoon',10354,10504,555),(30114,1,0,'2016-09-12','Evening',10354,10504,555),(30115,1,0,'2016-08-21','AfterNoon',10354,10504,555),(30116,1,0,'2016-09-05','Evening',10355,10505,556),(30117,1,0,'2016-09-07','AfterNoon',10355,10505,556),(30118,1,0,'2016-08-23','AfterNoon',10355,10505,556),(30119,1,0,'2016-08-19','Morning',10355,10505,556),(30121,1,0,'2016-09-11','Morning',10355,10505,556),(30122,1,0,'2016-08-21','Evening',10355,10505,556),(30123,1,0,'2016-09-03','AfterNoon',10355,10505,556),(30124,1,0,'2016-08-18','Morning',10355,10505,556),(30125,1,0,'2016-08-28','Evening',10355,10505,556),(30126,1,0,'2016-09-11','Evening',10355,10505,556),(30128,1,0,'2016-08-25','Morning',10355,10505,556),(30129,1,0,'2016-09-08','Morning',10355,10505,556),(30130,1,0,'2016-08-27','Evening',10355,10505,556),(30131,1,0,'2016-08-31','AfterNoon',10355,10505,556),(30132,1,0,'2016-09-02','Morning',10355,10505,556),(30133,1,0,'2016-09-08','AfterNoon',10355,10505,556),(30134,1,0,'2016-08-26','AfterNoon',10355,10505,556),(30136,1,0,'2016-09-01','Morning',10355,10505,556),(30137,1,0,'2016-09-08','Evening',10355,10505,556),(30138,1,0,'2016-09-12','AfterNoon',10355,10505,556),(30139,1,0,'2016-09-04','Evening',10355,10505,556),(30140,1,0,'2016-08-27','AfterNoon',10355,10505,556),(30141,1,0,'2016-08-19','AfterNoon',10355,10505,556),(30142,1,0,'2016-09-04','AfterNoon',10355,10505,556),(30144,1,0,'2016-08-24','AfterNoon',10355,10505,556),(30145,1,0,'2016-08-22','Morning',10355,10505,556),(30146,1,0,'2016-09-01','AfterNoon',10355,10505,556),(30147,1,0,'2016-08-29','Morning',10355,10505,556),(30148,1,0,'2016-09-14','Evening',10355,10505,556),(30149,1,0,'2016-09-14','AfterNoon',10355,10505,556),(30150,1,0,'2016-09-03','Morning',10355,10505,556),(30151,1,0,'2016-08-23','Morning',10355,10505,556),(30152,1,0,'2016-08-25','AfterNoon',10355,10505,556),(30153,1,0,'2016-09-10','Evening',10355,10505,556),(30155,1,0,'2016-08-28','AfterNoon',10355,10505,556),(30156,1,0,'2016-08-26','Evening',10355,10505,556),(30157,1,0,'2016-09-10','AfterNoon',10355,10505,556),(30158,1,0,'2016-08-19','Evening',10355,10505,556),(30159,1,0,'2016-09-01','Evening',10355,10505,556),(30160,1,0,'2016-08-30','Evening',10355,10505,556),(30162,1,0,'2016-08-18','Evening',10355,10505,556),(30164,1,0,'2016-08-23','Evening',10355,10505,556),(30165,1,0,'2016-08-18','AfterNoon',10355,10505,556),(30166,1,0,'2016-08-28','Morning',10355,10505,556),(30167,1,0,'2016-08-22','Evening',10355,10505,556),(30168,1,0,'2016-08-24','Evening',10355,10505,556),(30169,1,0,'2016-09-06','Evening',10355,10505,556),(30171,1,0,'2016-08-30','AfterNoon',10355,10505,556),(30172,1,0,'2016-08-20','Evening',10355,10505,556),(30173,1,0,'2016-09-09','Evening',10355,10505,556),(30174,1,0,'2016-09-13','Morning',10355,10505,556),(30175,1,0,'2016-08-27','Morning',10355,10505,556),(30176,1,0,'2016-08-20','Morning',10355,10505,556),(30177,1,0,'2016-09-07','Evening',10355,10505,556),(30178,1,0,'2016-09-11','AfterNoon',10355,10505,556),(30179,1,0,'2016-09-09','AfterNoon',10355,10505,556),(30180,1,0,'2016-09-05','Morning',10355,10505,556),(30181,1,0,'2016-08-29','AfterNoon',10355,10505,556),(30182,1,0,'2016-09-02','Evening',10355,10505,556),(30183,1,0,'2016-08-21','Morning',10355,10505,556),(30184,1,0,'2016-09-13','Evening',10355,10505,556),(30185,1,0,'2016-08-20','AfterNoon',10355,10505,556),(30186,1,0,'2016-08-26','Morning',10355,10505,556),(30187,1,0,'2016-09-06','Morning',10355,10505,556),(30188,1,0,'2016-08-21','AfterNoon',10355,10505,556),(30189,1,0,'2016-08-30','Morning',10355,10505,556),(30190,1,0,'2016-09-02','AfterNoon',10355,10505,556),(30191,1,0,'2016-09-10','Morning',10355,10505,556),(30192,1,0,'2016-08-31','Evening',10355,10505,556),(30193,1,0,'2016-08-24','Morning',10355,10505,556),(30194,1,0,'2016-08-31','Morning',10355,10505,556),(30195,1,0,'2016-09-07','Morning',10355,10505,556),(30196,1,0,'2016-09-14','Morning',10355,10505,556),(30197,1,0,'2016-09-09','Morning',10355,10505,556),(30198,1,0,'2016-09-04','Morning',10355,10505,556),(30199,1,0,'2016-09-12','Morning',10355,10505,556),(30200,1,0,'2016-09-03','Evening',10355,10505,556),(30201,1,0,'2016-09-05','AfterNoon',10355,10505,556),(30202,1,0,'2016-09-13','AfterNoon',10355,10505,556),(30203,1,0,'2016-08-22','AfterNoon',10355,10505,556),(30204,1,0,'2016-08-25','Evening',10355,10505,556),(30206,1,0,'2016-08-29','Evening',10355,10505,556),(30207,1,0,'2016-09-06','AfterNoon',10355,10505,556),(30208,1,0,'2016-09-12','Evening',10355,10505,556),(30209,1,0,'2016-08-27','AfterNoon',10356,10506,557),(30211,1,0,'2016-08-22','Evening',10356,10506,557),(30212,1,0,'2016-08-29','Evening',10356,10506,557),(30213,1,0,'2016-08-25','AfterNoon',10356,10506,557),(30214,1,0,'2016-08-30','AfterNoon',10356,10506,557),(30215,1,0,'2016-08-30','Evening',10356,10506,557),(30216,1,0,'2016-09-04','AfterNoon',10356,10506,557),(30217,1,0,'2016-09-14','Evening',10356,10506,557),(30218,1,0,'2016-09-14','Morning',10356,10506,557),(30220,1,0,'2016-09-11','Evening',10356,10506,557),(30222,1,0,'2016-09-01','AfterNoon',10356,10506,557),(30223,1,0,'2016-08-20','Morning',10356,10506,557),(30224,1,0,'2016-09-01','Morning',10356,10506,557),(30225,1,0,'2016-09-12','Evening',10356,10506,557),(30226,1,0,'2016-09-13','Morning',10356,10506,557),(30227,1,0,'2016-09-06','Evening',10356,10506,557),(30228,1,0,'2016-08-18','Evening',10356,10506,557),(30229,1,0,'2016-09-11','AfterNoon',10356,10506,557),(30230,1,0,'2016-08-18','Morning',10356,10506,557),(30231,1,0,'2016-09-09','Evening',10356,10506,557),(30232,1,0,'2016-09-12','Morning',10356,10506,557),(30233,1,0,'2016-08-27','Evening',10356,10506,557),(30234,1,0,'2016-09-02','Morning',10356,10506,557),(30235,1,0,'2016-09-02','AfterNoon',10356,10506,557),(30236,1,0,'2016-09-12','AfterNoon',10356,10506,557),(30237,1,0,'2016-08-22','AfterNoon',10356,10506,557),(30238,1,0,'2016-08-19','Morning',10356,10506,557),(30239,1,0,'2016-08-21','AfterNoon',10356,10506,557),(30240,1,0,'2016-09-14','AfterNoon',10356,10506,557),(30242,1,0,'2016-09-06','Morning',10356,10506,557),(30243,1,0,'2016-08-21','Evening',10356,10506,557),(30244,1,0,'2016-08-25','Morning',10356,10506,557),(30245,1,0,'2016-08-29','AfterNoon',10356,10506,557),(30246,1,0,'2016-09-09','Morning',10356,10506,557),(30247,1,0,'2016-08-26','Morning',10356,10506,557),(30250,1,0,'2016-09-08','AfterNoon',10356,10506,557),(30251,1,0,'2016-09-10','AfterNoon',10356,10506,557),(30252,1,0,'2016-08-28','Morning',10356,10506,557),(30253,1,0,'2016-08-24','Morning',10356,10506,557),(30254,1,0,'2016-08-21','Morning',10356,10506,557),(30255,1,0,'2016-09-06','AfterNoon',10356,10506,557),(30256,1,0,'2016-08-26','AfterNoon',10356,10506,557),(30257,1,0,'2016-09-11','Morning',10356,10506,557),(30258,1,0,'2016-08-22','Morning',10356,10506,557),(30259,1,0,'2016-08-24','AfterNoon',10356,10506,557),(30260,1,0,'2016-09-03','AfterNoon',10356,10506,557),(30261,1,0,'2016-08-28','Evening',10356,10506,557),(30262,1,0,'2016-08-30','Morning',10356,10506,557),(30263,1,0,'2016-09-04','Morning',10356,10506,557),(30264,1,0,'2016-08-31','Morning',10356,10506,557),(30265,1,0,'2016-08-20','Evening',10356,10506,557),(30266,1,0,'2016-09-04','Evening',10356,10506,557),(30267,1,0,'2016-09-13','Evening',10356,10506,557),(30268,1,0,'2016-08-27','Morning',10356,10506,557),(30269,1,0,'2016-09-09','AfterNoon',10356,10506,557),(30270,1,0,'2016-09-05','AfterNoon',10356,10506,557),(30271,1,0,'2016-08-23','Evening',10356,10506,557),(30272,1,0,'2016-09-05','Morning',10356,10506,557),(30273,1,0,'2016-09-02','Evening',10356,10506,557),(30274,1,0,'2016-09-01','Evening',10356,10506,557),(30276,1,0,'2016-08-28','AfterNoon',10356,10506,557),(30277,1,0,'2016-09-10','Morning',10356,10506,557),(30278,1,0,'2016-08-31','Evening',10356,10506,557),(30279,1,0,'2016-08-20','AfterNoon',10356,10506,557),(30280,1,0,'2016-09-07','AfterNoon',10356,10506,557),(30281,1,0,'2016-08-19','AfterNoon',10356,10506,557),(30282,1,0,'2016-09-07','Evening',10356,10506,557),(30283,1,0,'2016-09-05','Evening',10356,10506,557),(30284,1,0,'2016-08-24','Evening',10356,10506,557),(30285,1,0,'2016-08-25','Evening',10356,10506,557),(30286,1,0,'2016-08-26','Evening',10356,10506,557),(30287,1,0,'2016-09-10','Evening',10356,10506,557),(30288,1,0,'2016-09-13','AfterNoon',10356,10506,557),(30290,1,0,'2016-08-29','Morning',10356,10506,557),(30291,1,0,'2016-09-08','Evening',10356,10506,557),(30292,1,0,'2016-08-23','Morning',10356,10506,557),(30293,1,0,'2016-08-23','AfterNoon',10356,10506,557),(30294,1,0,'2016-08-19','Evening',10356,10506,557),(30295,1,0,'2016-09-03','Morning',10356,10506,557),(30296,1,0,'2016-09-07','Morning',10356,10506,557),(30298,1,0,'2016-08-18','AfterNoon',10356,10506,557),(30299,1,0,'2016-08-31','AfterNoon',10356,10506,557),(30300,1,0,'2016-09-08','Morning',10356,10506,557),(30301,1,0,'2016-09-03','Evening',10356,10506,557),(30302,1,0,'2016-08-24','Evening',10357,10507,558),(30303,1,0,'2016-09-14','AfterNoon',10357,10507,558),(30305,1,0,'2016-08-20','Morning',10357,10507,558),(30307,1,0,'2016-08-19','AfterNoon',10357,10507,558),(30308,1,0,'2016-08-31','AfterNoon',10357,10507,558),(30309,1,0,'2016-08-30','AfterNoon',10357,10507,558),(30310,1,0,'2016-09-03','AfterNoon',10357,10507,558),(30311,1,0,'2016-08-29','Morning',10357,10507,558),(30312,1,0,'2016-08-20','AfterNoon',10357,10507,558),(30313,1,0,'2016-08-20','Evening',10357,10507,558),(30314,1,0,'2016-08-30','Morning',10357,10507,558),(30315,1,0,'2016-09-11','Morning',10357,10507,558),(30316,1,0,'2016-08-25','Morning',10357,10507,558),(30317,1,0,'2016-09-12','AfterNoon',10357,10507,558),(30318,1,0,'2016-08-27','Morning',10357,10507,558),(30319,1,0,'2016-09-13','Morning',10357,10507,558),(30320,1,0,'2016-08-18','Morning',10357,10507,558),(30321,1,0,'2016-08-22','Morning',10357,10507,558),(30322,1,0,'2016-09-13','AfterNoon',10357,10507,558),(30323,1,0,'2016-09-14','Morning',10357,10507,558),(30324,1,0,'2016-08-23','AfterNoon',10357,10507,558),(30325,1,0,'2016-08-30','Evening',10357,10507,558),(30326,1,0,'2016-09-02','Morning',10357,10507,558),(30327,1,0,'2016-09-10','Morning',10357,10507,558),(30328,1,0,'2016-09-05','Evening',10357,10507,558),(30329,1,0,'2016-09-06','Morning',10357,10507,558),(30330,1,0,'2016-08-27','AfterNoon',10357,10507,558),(30331,1,0,'2016-08-29','AfterNoon',10357,10507,558),(30332,1,0,'2016-08-19','Morning',10357,10507,558),(30333,1,0,'2016-09-11','Evening',10357,10507,558),(30334,1,0,'2016-09-08','Evening',10357,10507,558),(30335,1,0,'2016-08-26','Morning',10357,10507,558),(30336,1,0,'2016-09-06','Evening',10357,10507,558),(30337,1,0,'2016-09-05','Morning',10357,10507,558),(30338,1,0,'2016-09-04','AfterNoon',10357,10507,558),(30339,1,0,'2016-09-04','Morning',10357,10507,558),(30340,1,0,'2016-09-11','AfterNoon',10357,10507,558),(30341,1,0,'2016-09-09','Morning',10357,10507,558),(30343,1,0,'2016-09-12','Morning',10357,10507,558),(30344,1,0,'2016-09-07','Evening',10357,10507,558),(30345,1,0,'2016-09-10','Evening',10357,10507,558),(30346,1,0,'2016-09-13','Evening',10357,10507,558),(30347,1,0,'2016-08-27','Evening',10357,10507,558),(30348,1,0,'2016-09-02','Evening',10357,10507,558),(30349,1,0,'2016-09-09','Evening',10357,10507,558),(30350,1,0,'2016-08-24','Morning',10357,10507,558),(30351,1,0,'2016-09-12','Evening',10357,10507,558),(30352,1,0,'2016-09-10','AfterNoon',10357,10507,558),(30353,1,0,'2016-09-07','Morning',10357,10507,558),(30354,1,0,'2016-09-06','AfterNoon',10357,10507,558),(30355,1,0,'2016-09-03','Evening',10357,10507,558),(30357,1,0,'2016-08-21','Evening',10357,10507,558),(30358,1,0,'2016-09-04','Evening',10357,10507,558),(30360,1,0,'2016-08-29','Evening',10357,10507,558),(30361,1,0,'2016-09-09','AfterNoon',10357,10507,558),(30362,1,0,'2016-08-26','AfterNoon',10357,10507,558),(30363,1,0,'2016-08-22','Evening',10357,10507,558),(30366,1,0,'2016-08-31','Morning',10357,10507,558),(30367,1,0,'2016-09-03','Morning',10357,10507,558),(30368,1,0,'2016-09-05','AfterNoon',10357,10507,558),(30369,1,0,'2016-08-21','Morning',10357,10507,558),(30370,1,0,'2016-08-24','AfterNoon',10357,10507,558),(30371,1,0,'2016-09-02','AfterNoon',10357,10507,558),(30372,1,0,'2016-08-22','AfterNoon',10357,10507,558),(30373,1,0,'2016-08-31','Evening',10357,10507,558),(30374,1,0,'2016-08-18','AfterNoon',10357,10507,558),(30375,1,0,'2016-08-25','Evening',10357,10507,558),(30376,1,0,'2016-08-28','Morning',10357,10507,558),(30377,1,0,'2016-09-08','Morning',10357,10507,558),(30378,1,0,'2016-08-19','Evening',10357,10507,558),(30380,1,0,'2016-08-21','AfterNoon',10357,10507,558),(30381,1,0,'2016-08-23','Evening',10357,10507,558),(30382,1,0,'2016-08-28','AfterNoon',10357,10507,558),(30383,1,0,'2016-08-28','Evening',10357,10507,558),(30384,1,0,'2016-08-23','Morning',10357,10507,558),(30385,1,0,'2016-09-01','Evening',10357,10507,558),(30386,1,0,'2016-09-01','AfterNoon',10357,10507,558),(30387,1,0,'2016-09-14','Evening',10357,10507,558),(30389,1,0,'2016-08-18','Evening',10357,10507,558),(30390,1,0,'2016-09-08','AfterNoon',10357,10507,558),(30391,1,0,'2016-08-26','Evening',10357,10507,558),(30392,1,0,'2016-08-25','AfterNoon',10357,10507,558),(30393,1,0,'2016-09-07','AfterNoon',10357,10507,558),(30394,1,0,'2016-09-01','Morning',10357,10507,558),(30395,1,0,'2016-08-29','Morning',10358,10508,559),(30396,1,0,'2016-09-13','Morning',10358,10508,559),(30397,1,0,'2016-09-03','Morning',10358,10508,559),(30398,1,0,'2016-08-23','Evening',10358,10508,559),(30400,1,0,'2016-08-21','AfterNoon',10358,10508,559),(30401,1,0,'2016-08-31','Evening',10358,10508,559),(30402,1,0,'2016-08-27','AfterNoon',10358,10508,559),(30403,1,0,'2016-08-24','AfterNoon',10358,10508,559),(30404,1,0,'2016-09-01','Morning',10358,10508,559),(30405,1,0,'2016-09-01','Evening',10358,10508,559),(30406,1,0,'2016-09-14','AfterNoon',10358,10508,559),(30407,1,0,'2016-09-13','AfterNoon',10358,10508,559),(30408,1,0,'2016-08-24','Morning',10358,10508,559),(30409,1,0,'2016-08-31','Morning',10358,10508,559),(30410,1,0,'2016-08-29','AfterNoon',10358,10508,559),(30411,1,0,'2016-09-01','AfterNoon',10358,10508,559),(30412,1,0,'2016-09-05','Evening',10358,10508,559),(30413,1,0,'2016-08-28','Morning',10358,10508,559),(30414,1,0,'2016-09-09','Evening',10358,10508,559),(30415,1,0,'2016-08-20','Evening',10358,10508,559),(30416,1,0,'2016-08-28','Evening',10358,10508,559),(30417,1,0,'2016-09-05','AfterNoon',10358,10508,559),(30418,1,0,'2016-08-21','Morning',10358,10508,559),(30419,1,0,'2016-09-07','AfterNoon',10358,10508,559),(30420,1,0,'2016-08-18','Evening',10358,10508,559),(30421,1,0,'2016-08-23','AfterNoon',10358,10508,559),(30422,1,0,'2016-08-22','Evening',10358,10508,559),(30423,1,0,'2016-09-06','AfterNoon',10358,10508,559),(30424,1,0,'2016-08-25','Evening',10358,10508,559),(30425,1,0,'2016-08-27','Morning',10358,10508,559),(30426,1,0,'2016-08-27','Evening',10358,10508,559),(30427,1,0,'2016-08-24','Evening',10358,10508,559),(30428,1,0,'2016-08-20','AfterNoon',10358,10508,559),(30429,1,0,'2016-09-03','Evening',10358,10508,559),(30430,1,0,'2016-09-14','Morning',10358,10508,559),(30431,1,0,'2016-08-30','AfterNoon',10358,10508,559),(30432,1,0,'2016-09-04','AfterNoon',10358,10508,559),(30435,1,0,'2016-09-08','Morning',10358,10508,559),(30436,1,0,'2016-09-02','AfterNoon',10358,10508,559),(30437,1,0,'2016-09-05','Morning',10358,10508,559),(30438,1,0,'2016-08-30','Evening',10358,10508,559),(30439,1,0,'2016-09-11','Morning',10358,10508,559),(30440,1,0,'2016-09-12','Evening',10358,10508,559),(30442,1,0,'2016-09-10','Evening',10358,10508,559),(30443,1,0,'2016-09-13','Evening',10358,10508,559),(30445,1,0,'2016-08-18','Morning',10358,10508,559),(30446,1,0,'2016-09-03','AfterNoon',10358,10508,559),(30447,1,0,'2016-09-10','Morning',10358,10508,559),(30448,1,0,'2016-09-11','Evening',10358,10508,559),(30449,1,0,'2016-09-08','Evening',10358,10508,559),(30450,1,0,'2016-08-20','Morning',10358,10508,559),(30451,1,0,'2016-08-19','AfterNoon',10358,10508,559),(30452,1,0,'2016-08-19','Morning',10358,10508,559),(30453,1,0,'2016-09-04','Evening',10358,10508,559),(30454,1,0,'2016-09-06','Evening',10358,10508,559),(30455,1,0,'2016-08-21','Evening',10358,10508,559),(30456,1,0,'2016-08-23','Morning',10358,10508,559),(30457,1,0,'2016-08-22','AfterNoon',10358,10508,559),(30459,1,0,'2016-09-10','AfterNoon',10358,10508,559),(30461,1,0,'2016-09-12','AfterNoon',10358,10508,559),(30462,1,0,'2016-08-19','Evening',10358,10508,559),(30463,1,0,'2016-09-02','Morning',10358,10508,559),(30464,1,0,'2016-09-07','Evening',10358,10508,559),(30465,1,0,'2016-08-25','Morning',10358,10508,559),(30466,1,0,'2016-08-28','AfterNoon',10358,10508,559),(30467,1,0,'2016-08-26','Evening',10358,10508,559),(30468,1,0,'2016-09-11','AfterNoon',10358,10508,559),(30469,1,0,'2016-08-26','Morning',10358,10508,559),(30470,1,0,'2016-09-04','Morning',10358,10508,559),(30471,1,0,'2016-08-22','Morning',10358,10508,559),(30473,1,0,'2016-08-29','Evening',10358,10508,559),(30474,1,0,'2016-09-06','Morning',10358,10508,559),(30475,1,0,'2016-09-12','Morning',10358,10508,559),(30476,1,0,'2016-08-30','Morning',10358,10508,559),(30478,1,0,'2016-08-26','AfterNoon',10358,10508,559),(30479,1,0,'2016-09-08','AfterNoon',10358,10508,559),(30480,1,0,'2016-09-09','Morning',10358,10508,559),(30481,1,0,'2016-08-25','AfterNoon',10358,10508,559),(30482,1,0,'2016-09-09','AfterNoon',10358,10508,559),(30483,1,0,'2016-08-18','AfterNoon',10358,10508,559),(30484,1,0,'2016-08-31','AfterNoon',10358,10508,559),(30485,1,0,'2016-09-07','Morning',10358,10508,559),(30486,1,0,'2016-09-14','Evening',10358,10508,559),(30487,1,0,'2016-09-02','Evening',10358,10508,559),(30501,1,0,'2016-09-15','AfterNoon',10213,10253,254),(30502,1,0,'2016-09-15','Evening',10213,10253,254),(30503,1,0,'2016-09-15','Morning',10214,10257,258),(30504,1,0,'2016-09-15','AfterNoon',10214,10257,258),(30505,1,0,'2016-09-15','Evening',10214,10257,258),(30506,1,0,'2016-09-15','Morning',10216,10264,265),(30507,1,0,'2016-09-15','AfterNoon',10216,10264,265),(30508,1,0,'2016-09-15','Evening',10216,10264,265),(30509,1,0,'2016-09-15','Morning',10217,10266,267),(30510,1,0,'2016-09-15','AfterNoon',10217,10266,267),(30511,1,0,'2016-09-15','Evening',10217,10266,267),(30512,1,0,'2016-09-15','Morning',10217,10267,268),(30513,1,0,'2016-09-15','AfterNoon',10217,10267,268),(30514,1,0,'2016-09-15','Evening',10217,10267,268),(30515,1,0,'2016-09-15','Morning',10217,10268,269),(30516,1,0,'2016-09-15','AfterNoon',10217,10268,269),(30517,1,0,'2016-09-15','Evening',10217,10268,269),(30518,1,0,'2016-09-15','Morning',10218,10269,270),(30519,1,0,'2016-09-15','AfterNoon',10218,10269,270),(30520,1,0,'2016-09-15','Evening',10218,10269,270),(30521,1,0,'2016-09-15','Morning',10219,10270,271),(30522,1,0,'2016-09-15','AfterNoon',10219,10270,271),(30523,1,0,'2016-09-15','Evening',10219,10270,271),(30524,1,0,'2016-09-15','Morning',10220,10271,272),(30525,1,0,'2016-09-15','AfterNoon',10220,10271,272),(30526,1,0,'2016-09-15','Evening',10220,10271,272),(30527,1,0,'2016-09-15','Morning',10221,10272,273),(30528,1,0,'2016-09-15','AfterNoon',10221,10272,273),(30529,1,0,'2016-09-15','Evening',10221,10272,273),(30530,1,0,'2016-09-15','Morning',10222,10273,274),(30531,1,0,'2016-09-15','AfterNoon',10222,10273,274),(30532,1,0,'2016-09-15','Evening',10222,10273,274),(30533,1,0,'2016-09-15','Morning',10223,10274,275),(30534,1,0,'2016-09-15','AfterNoon',10223,10274,275),(30535,1,0,'2016-09-15','Evening',10223,10274,275),(30536,1,0,'2016-09-15','Morning',10224,10275,276),(30537,1,0,'2016-09-15','AfterNoon',10224,10275,276),(30538,1,0,'2016-09-15','Evening',10224,10275,276),(30539,1,0,'2016-09-15','Morning',10225,10276,277),(30540,1,0,'2016-09-15','AfterNoon',10225,10276,277),(30541,1,0,'2016-09-15','Evening',10225,10276,277),(30542,1,0,'2016-09-15','Morning',10226,10277,278),(30543,1,0,'2016-09-15','AfterNoon',10226,10277,278),(30544,1,0,'2016-09-15','Evening',10226,10277,278),(30545,1,0,'2016-09-15','Morning',10227,10279,279),(30546,1,0,'2016-09-15','AfterNoon',10227,10279,279),(30547,1,0,'2016-09-15','Evening',10227,10279,279),(30548,1,0,'2016-09-15','Morning',10228,10280,280),(30549,1,0,'2016-09-15','AfterNoon',10228,10280,280),(30550,1,0,'2016-09-15','Evening',10228,10280,280),(30551,1,0,'2016-09-15','Morning',10229,10281,281),(30552,1,0,'2016-09-15','AfterNoon',10229,10281,281),(30553,1,0,'2016-09-15','Evening',10229,10281,281),(30554,1,0,'2016-09-15','Morning',10230,10282,282),(30555,1,0,'2016-09-15','AfterNoon',10230,10282,282),(30556,1,0,'2016-09-15','Evening',10230,10282,282),(30557,1,0,'2016-09-15','Morning',10231,10283,283),(30558,1,0,'2016-09-15','AfterNoon',10231,10283,283),(30559,1,0,'2016-09-15','Evening',10231,10283,283),(30560,1,0,'2016-09-15','Morning',10232,10284,284),(30561,1,0,'2016-09-15','AfterNoon',10232,10284,284),(30562,1,0,'2016-09-15','Evening',10232,10284,284),(30563,1,0,'2016-09-15','Morning',10233,10285,285),(30564,1,0,'2016-09-15','AfterNoon',10233,10285,285),(30565,1,0,'2016-09-15','Evening',10233,10285,285),(30566,1,0,'2016-09-15','Morning',10234,10286,286),(30567,1,0,'2016-09-15','AfterNoon',10234,10286,286),(30568,1,0,'2016-09-15','Evening',10234,10286,286),(30569,1,0,'2016-09-15','Morning',10235,10287,287),(30570,1,0,'2016-09-15','AfterNoon',10235,10287,287),(30571,1,0,'2016-09-15','Evening',10235,10287,287),(30572,1,0,'2016-09-15','Morning',10236,10288,288),(30573,1,0,'2016-09-15','AfterNoon',10236,10288,288),(30574,1,0,'2016-09-15','Evening',10236,10288,288),(30575,1,0,'2016-09-15','Morning',10237,10289,289),(30576,1,0,'2016-09-15','AfterNoon',10237,10289,289),(30577,1,0,'2016-09-15','Evening',10237,10289,289),(30578,1,0,'2016-09-15','Morning',10238,10290,290),(30579,1,0,'2016-09-15','AfterNoon',10238,10290,290),(30580,1,0,'2016-09-15','Evening',10238,10290,290),(30581,1,0,'2016-09-15','Morning',10239,10291,291),(30582,1,0,'2016-09-15','AfterNoon',10239,10291,291),(30583,1,0,'2016-09-15','Evening',10239,10291,291),(30584,1,0,'2016-09-15','Morning',10240,10292,292),(30585,1,0,'2016-09-15','AfterNoon',10240,10292,292),(30586,1,0,'2016-09-15','Evening',10240,10292,292),(30587,1,0,'2016-09-15','Morning',10241,10293,293),(30588,1,0,'2016-09-15','AfterNoon',10241,10293,293),(30589,1,0,'2016-09-15','Evening',10241,10293,293),(30590,1,0,'2016-09-15','Morning',10242,10294,294),(30591,1,0,'2016-09-15','AfterNoon',10242,10294,294),(30592,1,0,'2016-09-15','Evening',10242,10294,294),(30593,1,0,'2016-09-15','Morning',10243,10295,295),(30594,1,0,'2016-09-15','AfterNoon',10243,10295,295),(30595,1,0,'2016-09-15','Evening',10243,10295,295),(30596,1,0,'2016-09-15','Morning',10244,10296,296),(30597,1,0,'2016-09-15','AfterNoon',10244,10296,296),(30598,1,0,'2016-09-15','Evening',10244,10296,296),(30599,1,0,'2016-09-15','Morning',10245,10297,297),(30600,1,0,'2016-09-15','AfterNoon',10245,10297,297),(30601,1,0,'2016-09-15','Evening',10245,10297,297),(30602,1,0,'2016-09-15','Morning',10246,10299,299),(30603,1,0,'2016-09-15','AfterNoon',10246,10299,299),(30604,1,0,'2016-09-15','Evening',10246,10299,299),(30605,1,0,'2016-09-15','Morning',10247,10302,302),(30606,1,0,'2016-09-15','AfterNoon',10247,10302,302),(30607,1,0,'2016-09-15','Evening',10247,10302,302),(30608,1,0,'2016-09-15','Morning',10247,10303,303),(30609,1,0,'2016-09-15','AfterNoon',10247,10303,303),(30610,1,0,'2016-09-15','Evening',10247,10303,303),(30611,1,0,'2016-09-15','Morning',10248,10305,305),(30612,1,0,'2016-09-15','AfterNoon',10248,10305,305),(30613,1,0,'2016-09-15','Evening',10248,10305,305),(30614,1,0,'2016-09-15','Morning',10249,10307,307),(30615,1,0,'2016-09-15','AfterNoon',10249,10307,307),(30616,1,0,'2016-09-15','Evening',10249,10307,307),(30617,1,0,'2016-09-15','Morning',10250,10309,309),(30618,1,0,'2016-09-15','AfterNoon',10250,10309,309),(30619,1,0,'2016-09-15','Evening',10250,10309,309),(30620,1,0,'2016-09-15','Morning',10251,10312,312),(30621,1,0,'2016-09-15','AfterNoon',10251,10312,312),(30622,1,0,'2016-09-15','Evening',10251,10312,312),(30623,1,0,'2016-09-15','Morning',10252,10315,315),(30624,1,0,'2016-09-15','AfterNoon',10252,10315,315),(30625,1,0,'2016-09-15','Evening',10252,10315,315),(30626,1,0,'2016-09-15','Morning',10252,10317,317),(30627,1,0,'2016-09-15','AfterNoon',10252,10317,317),(30628,1,0,'2016-09-15','Evening',10252,10317,317),(30629,1,0,'2016-09-15','Morning',10253,10319,319),(30630,1,0,'2016-09-15','AfterNoon',10253,10319,319),(30631,1,0,'2016-09-15','Evening',10253,10319,319),(30632,1,0,'2016-09-15','Morning',10254,10321,321),(30633,1,0,'2016-09-15','AfterNoon',10254,10321,321),(30634,1,0,'2016-09-15','Evening',10254,10321,321),(30635,1,0,'2016-09-15','Morning',10255,10323,323),(30636,1,0,'2016-09-15','AfterNoon',10255,10323,323),(30637,1,0,'2016-09-15','Evening',10255,10323,323),(30638,1,0,'2016-09-15','Morning',10256,10324,324),(30639,1,0,'2016-09-15','AfterNoon',10256,10324,324),(30640,1,0,'2016-09-15','Evening',10256,10324,324),(30641,1,0,'2016-09-15','Morning',10256,10327,327),(30642,1,0,'2016-09-15','AfterNoon',10256,10327,327),(30643,1,0,'2016-09-15','Evening',10256,10327,327),(30644,1,0,'2016-09-15','Morning',10257,10329,329),(30645,1,0,'2016-09-15','AfterNoon',10257,10329,329),(30646,1,0,'2016-09-15','Evening',10257,10329,329),(30647,1,0,'2016-09-15','Morning',10215,10352,353),(30648,1,0,'2016-09-15','AfterNoon',10215,10352,353),(30649,1,0,'2016-09-15','Evening',10215,10352,353),(30650,1,0,'2016-09-15','Morning',10249,10400,401),(30651,1,0,'2016-09-15','AfterNoon',10249,10400,401),(30652,1,0,'2016-09-15','Evening',10249,10400,401),(30653,1,0,'2016-09-15','Morning',10253,10401,402),(30654,1,0,'2016-09-15','AfterNoon',10253,10401,402),(30655,1,0,'2016-09-15','Evening',10253,10401,402),(30656,1,0,'2016-09-15','Morning',10254,10402,403),(30657,1,0,'2016-09-15','AfterNoon',10254,10402,403),(30658,1,0,'2016-09-15','Evening',10254,10402,403),(30659,1,0,'2016-09-15','Morning',10255,10403,404),(30660,1,0,'2016-09-15','AfterNoon',10255,10403,404),(30661,1,0,'2016-09-15','Evening',10255,10403,404),(30662,1,0,'2016-09-15','Morning',10256,10404,405),(30663,1,0,'2016-09-15','AfterNoon',10256,10404,405),(30664,1,0,'2016-09-15','Evening',10256,10404,405),(30665,1,0,'2016-09-15','Morning',10300,10453,452),(30666,1,0,'2016-09-15','AfterNoon',10300,10453,452),(30667,1,0,'2016-09-15','Evening',10300,10453,452),(30668,1,0,'2016-09-15','Morning',10150,10150,501),(30669,1,0,'2016-09-15','AfterNoon',10150,10150,501),(30670,1,0,'2016-09-15','Evening',10150,10150,501),(30671,1,0,'2016-09-15','Morning',10204,10216,502),(30672,1,0,'2016-09-15','AfterNoon',10204,10216,502),(30673,1,0,'2016-09-15','Evening',10204,10216,502),(30674,1,0,'2016-09-15','Morning',10205,10220,503),(30675,1,0,'2016-09-15','AfterNoon',10205,10220,503),(30676,1,0,'2016-09-15','Evening',10205,10220,503),(30677,1,0,'2016-09-15','Morning',10206,10224,504),(30678,1,0,'2016-09-15','AfterNoon',10206,10224,504),(30679,1,0,'2016-09-15','Evening',10206,10224,504),(30680,1,0,'2016-09-15','Morning',10151,10154,505),(30681,1,0,'2016-09-15','AfterNoon',10151,10154,505),(30682,1,0,'2016-09-15','Evening',10151,10154,505),(30683,1,0,'2016-09-15','Morning',10200,10200,506),(30684,1,0,'2016-09-15','AfterNoon',10200,10200,506),(30685,1,0,'2016-09-15','Evening',10200,10200,506),(30686,1,0,'2016-09-15','Morning',10202,10208,507),(30687,1,0,'2016-09-15','AfterNoon',10202,10208,507),(30688,1,0,'2016-09-15','Evening',10202,10208,507),(30689,1,0,'2016-09-15','Morning',10350,10500,551),(30690,1,0,'2016-09-15','AfterNoon',10350,10500,551),(30691,1,0,'2016-09-15','Evening',10350,10500,551),(30692,1,0,'2016-09-15','Morning',10351,10501,552),(30693,1,0,'2016-09-15','AfterNoon',10351,10501,552),(30694,1,0,'2016-09-15','Evening',10351,10501,552),(30695,1,0,'2016-09-15','Morning',10352,10502,553),(30696,1,0,'2016-09-15','AfterNoon',10352,10502,553),(30697,1,0,'2016-09-15','Evening',10352,10502,553),(30698,1,0,'2016-09-15','Morning',10353,10503,554),(30699,1,0,'2016-09-15','AfterNoon',10353,10503,554),(30700,1,0,'2016-09-15','Evening',10353,10503,554),(30701,1,0,'2016-09-15','Morning',10354,10504,555),(30702,1,0,'2016-09-15','AfterNoon',10354,10504,555),(30703,1,0,'2016-09-15','Evening',10354,10504,555),(30704,1,0,'2016-09-15','Morning',10355,10505,556),(30705,1,0,'2016-09-15','AfterNoon',10355,10505,556),(30706,1,0,'2016-09-15','Evening',10355,10505,556),(30707,1,0,'2016-09-15','Morning',10356,10506,557),(30708,1,0,'2016-09-15','AfterNoon',10356,10506,557),(30709,1,0,'2016-09-15','Evening',10356,10506,557),(30710,1,0,'2016-09-15','Morning',10357,10507,558),(30711,1,0,'2016-09-15','AfterNoon',10357,10507,558),(30712,1,0,'2016-09-15','Evening',10357,10507,558),(30713,1,0,'2016-09-15','Morning',10358,10508,559),(30714,1,0,'2016-09-15','AfterNoon',10358,10508,559),(30715,1,0,'2016-09-15','Evening',10358,10508,559),(30751,1,0,'2016-09-16','Morning',10201,10207,208),(30752,1,0,'2016-09-16','AfterNoon',10201,10207,208),(30753,1,0,'2016-09-16','Evening',10201,10207,208),(30754,1,0,'2016-09-16','Morning',10203,10213,214),(30755,1,0,'2016-09-16','AfterNoon',10203,10213,214),(30756,1,0,'2016-09-16','Evening',10203,10213,214),(30757,1,0,'2016-09-16','Morning',10203,10215,216),(30758,1,0,'2016-09-16','AfterNoon',10203,10215,216),(30759,1,0,'2016-09-16','Evening',10203,10215,216),(30760,1,0,'2016-09-16','Morning',10207,10231,232),(30761,1,0,'2016-09-16','AfterNoon',10207,10231,232),(30762,1,0,'2016-09-16','Evening',10207,10231,232),(30763,1,0,'2016-09-16','Morning',10208,10235,236),(30764,1,0,'2016-09-16','AfterNoon',10208,10235,236),(30765,1,0,'2016-09-16','Evening',10208,10235,236),(30766,1,0,'2016-09-16','Morning',10209,10239,240),(30767,1,0,'2016-09-16','AfterNoon',10209,10239,240),(30768,1,0,'2016-09-16','Evening',10209,10239,240),(30769,1,0,'2016-09-16','Morning',10210,10243,244),(30770,1,0,'2016-09-16','AfterNoon',10210,10243,244),(30771,1,0,'2016-09-16','Evening',10210,10243,244),(30772,1,0,'2016-09-16','Morning',10211,10247,248),(30773,1,0,'2016-09-16','AfterNoon',10211,10247,248),(30774,1,0,'2016-09-16','Evening',10211,10247,248),(30775,1,0,'2016-09-16','Morning',10212,10249,250),(30776,1,0,'2016-09-16','AfterNoon',10212,10249,250),(30777,1,0,'2016-09-16','Evening',10212,10249,250),(30778,1,0,'2016-09-16','Morning',10212,10251,252),(30779,1,0,'2016-09-16','AfterNoon',10212,10251,252),(30780,1,0,'2016-09-16','Evening',10212,10251,252),(30781,1,0,'2016-09-16','Morning',10213,10253,254),(30782,1,0,'2016-09-16','AfterNoon',10213,10253,254),(30783,1,0,'2016-09-16','Evening',10213,10253,254),(30784,1,0,'2016-09-16','Morning',10214,10257,258),(30785,1,0,'2016-09-16','AfterNoon',10214,10257,258),(30786,1,0,'2016-09-16','Evening',10214,10257,258),(30787,1,0,'2016-09-16','Morning',10216,10264,265),(30788,1,0,'2016-09-16','AfterNoon',10216,10264,265),(30789,1,0,'2016-09-16','Evening',10216,10264,265),(30790,1,0,'2016-09-16','Morning',10217,10266,267),(30791,1,0,'2016-09-16','AfterNoon',10217,10266,267),(30792,1,0,'2016-09-16','Evening',10217,10266,267),(30793,1,0,'2016-09-16','Morning',10217,10267,268),(30794,1,0,'2016-09-16','AfterNoon',10217,10267,268),(30795,1,0,'2016-09-16','Evening',10217,10267,268),(30796,1,0,'2016-09-16','Morning',10217,10268,269),(30797,1,0,'2016-09-16','AfterNoon',10217,10268,269),(30798,1,0,'2016-09-16','Evening',10217,10268,269),(30799,1,0,'2016-09-16','Morning',10218,10269,270),(30800,1,0,'2016-09-16','AfterNoon',10218,10269,270),(30801,1,0,'2016-09-16','Evening',10218,10269,270),(30802,1,0,'2016-09-16','Morning',10219,10270,271),(30803,1,0,'2016-09-16','AfterNoon',10219,10270,271),(30804,1,0,'2016-09-16','Evening',10219,10270,271),(30805,1,0,'2016-09-16','Morning',10220,10271,272),(30806,1,0,'2016-09-16','AfterNoon',10220,10271,272),(30807,1,0,'2016-09-16','Evening',10220,10271,272),(30808,1,0,'2016-09-16','Morning',10221,10272,273),(30809,1,0,'2016-09-16','AfterNoon',10221,10272,273),(30810,1,0,'2016-09-16','Evening',10221,10272,273),(30811,1,0,'2016-09-16','Morning',10222,10273,274),(30812,1,0,'2016-09-16','AfterNoon',10222,10273,274),(30813,1,0,'2016-09-16','Evening',10222,10273,274),(30814,1,0,'2016-09-16','Morning',10223,10274,275),(30815,1,0,'2016-09-16','AfterNoon',10223,10274,275),(30816,1,0,'2016-09-16','Evening',10223,10274,275),(30817,1,0,'2016-09-16','Morning',10224,10275,276),(30818,1,0,'2016-09-16','AfterNoon',10224,10275,276),(30819,1,0,'2016-09-16','Evening',10224,10275,276),(30820,1,0,'2016-09-16','Morning',10225,10276,277),(30821,1,0,'2016-09-16','AfterNoon',10225,10276,277),(30822,1,0,'2016-09-16','Evening',10225,10276,277),(30823,1,0,'2016-09-16','Morning',10226,10277,278),(30824,1,0,'2016-09-16','AfterNoon',10226,10277,278),(30825,1,0,'2016-09-16','Evening',10226,10277,278),(30826,1,0,'2016-09-16','Morning',10227,10279,279),(30827,1,0,'2016-09-16','AfterNoon',10227,10279,279),(30828,1,0,'2016-09-16','Evening',10227,10279,279),(30829,1,0,'2016-09-16','Morning',10228,10280,280),(30830,1,0,'2016-09-16','AfterNoon',10228,10280,280),(30831,1,0,'2016-09-16','Evening',10228,10280,280),(30832,1,0,'2016-09-16','Morning',10229,10281,281),(30833,1,0,'2016-09-16','AfterNoon',10229,10281,281),(30834,1,0,'2016-09-16','Evening',10229,10281,281),(30835,1,0,'2016-09-16','Morning',10230,10282,282),(30836,1,0,'2016-09-16','AfterNoon',10230,10282,282),(30837,1,0,'2016-09-16','Evening',10230,10282,282),(30838,1,0,'2016-09-16','Morning',10231,10283,283),(30839,1,0,'2016-09-16','AfterNoon',10231,10283,283),(30840,1,0,'2016-09-16','Evening',10231,10283,283),(30841,1,0,'2016-09-16','Morning',10232,10284,284),(30842,1,0,'2016-09-16','AfterNoon',10232,10284,284),(30843,1,0,'2016-09-16','Evening',10232,10284,284),(30844,1,0,'2016-09-16','Morning',10233,10285,285),(30845,1,0,'2016-09-16','AfterNoon',10233,10285,285),(30846,1,0,'2016-09-16','Evening',10233,10285,285),(30847,1,0,'2016-09-16','Morning',10234,10286,286),(30848,1,0,'2016-09-16','AfterNoon',10234,10286,286),(30849,1,0,'2016-09-16','Evening',10234,10286,286),(30850,1,0,'2016-09-16','Morning',10235,10287,287),(30851,1,0,'2016-09-16','AfterNoon',10235,10287,287),(30852,1,0,'2016-09-16','Evening',10235,10287,287),(30853,1,0,'2016-09-16','Morning',10236,10288,288),(30854,1,0,'2016-09-16','AfterNoon',10236,10288,288),(30855,1,0,'2016-09-16','Evening',10236,10288,288),(30856,1,0,'2016-09-16','Morning',10237,10289,289),(30857,1,0,'2016-09-16','AfterNoon',10237,10289,289),(30858,1,0,'2016-09-16','Evening',10237,10289,289),(30859,1,0,'2016-09-16','Morning',10238,10290,290),(30860,1,0,'2016-09-16','AfterNoon',10238,10290,290),(30861,1,0,'2016-09-16','Evening',10238,10290,290),(30862,1,0,'2016-09-16','Morning',10239,10291,291),(30863,1,0,'2016-09-16','AfterNoon',10239,10291,291),(30864,1,0,'2016-09-16','Evening',10239,10291,291),(30865,1,0,'2016-09-16','Morning',10240,10292,292),(30866,1,0,'2016-09-16','AfterNoon',10240,10292,292),(30867,1,0,'2016-09-16','Evening',10240,10292,292),(30868,1,0,'2016-09-16','Morning',10241,10293,293),(30869,1,0,'2016-09-16','AfterNoon',10241,10293,293),(30870,1,0,'2016-09-16','Evening',10241,10293,293),(30871,1,0,'2016-09-16','Morning',10242,10294,294),(30872,1,0,'2016-09-16','AfterNoon',10242,10294,294),(30873,1,0,'2016-09-16','Evening',10242,10294,294),(30874,1,0,'2016-09-16','Morning',10243,10295,295),(30875,1,0,'2016-09-16','AfterNoon',10243,10295,295),(30876,1,0,'2016-09-16','Evening',10243,10295,295),(30877,1,0,'2016-09-16','Morning',10244,10296,296),(30878,1,0,'2016-09-16','AfterNoon',10244,10296,296),(30879,1,0,'2016-09-16','Evening',10244,10296,296),(30880,1,0,'2016-09-16','Morning',10245,10297,297),(30881,1,0,'2016-09-16','AfterNoon',10245,10297,297),(30882,1,0,'2016-09-16','Evening',10245,10297,297),(30883,1,0,'2016-09-16','Morning',10246,10299,299),(30884,1,0,'2016-09-16','AfterNoon',10246,10299,299),(30885,1,0,'2016-09-16','Evening',10246,10299,299),(30886,1,0,'2016-09-16','Morning',10247,10302,302),(30887,1,0,'2016-09-16','AfterNoon',10247,10302,302),(30888,1,0,'2016-09-16','Evening',10247,10302,302),(30889,1,0,'2016-09-16','Morning',10247,10303,303),(30890,1,0,'2016-09-16','AfterNoon',10247,10303,303),(30891,1,0,'2016-09-16','Evening',10247,10303,303),(30892,1,0,'2016-09-16','Morning',10248,10305,305),(30893,1,0,'2016-09-16','AfterNoon',10248,10305,305),(30894,1,0,'2016-09-16','Evening',10248,10305,305),(30895,1,0,'2016-09-16','Morning',10249,10307,307),(30896,1,0,'2016-09-16','AfterNoon',10249,10307,307),(30897,1,0,'2016-09-16','Evening',10249,10307,307),(30898,1,0,'2016-09-16','Morning',10250,10309,309),(30899,1,0,'2016-09-16','AfterNoon',10250,10309,309),(30900,1,0,'2016-09-16','Evening',10250,10309,309),(30901,1,0,'2016-09-16','Morning',10251,10312,312),(30902,1,0,'2016-09-16','AfterNoon',10251,10312,312),(30903,1,0,'2016-09-16','Evening',10251,10312,312),(30904,1,0,'2016-09-16','Morning',10252,10315,315),(30905,1,0,'2016-09-16','AfterNoon',10252,10315,315),(30906,1,0,'2016-09-16','Evening',10252,10315,315),(30907,1,0,'2016-09-16','Morning',10252,10317,317),(30908,1,0,'2016-09-16','AfterNoon',10252,10317,317),(30909,1,0,'2016-09-16','Evening',10252,10317,317),(30910,1,0,'2016-09-16','Morning',10253,10319,319),(30911,1,0,'2016-09-16','AfterNoon',10253,10319,319),(30912,1,0,'2016-09-16','Evening',10253,10319,319),(30913,1,0,'2016-09-16','Morning',10254,10321,321),(30914,1,0,'2016-09-16','AfterNoon',10254,10321,321),(30915,1,0,'2016-09-16','Evening',10254,10321,321),(30916,1,0,'2016-09-16','Morning',10255,10323,323),(30917,1,0,'2016-09-16','AfterNoon',10255,10323,323),(30918,1,0,'2016-09-16','Evening',10255,10323,323),(30919,1,0,'2016-09-16','Morning',10256,10324,324),(30920,1,0,'2016-09-16','AfterNoon',10256,10324,324),(30921,1,0,'2016-09-16','Evening',10256,10324,324),(30922,1,0,'2016-09-16','Morning',10256,10327,327),(30923,1,0,'2016-09-16','AfterNoon',10256,10327,327),(30924,1,0,'2016-09-16','Evening',10256,10327,327),(30925,1,0,'2016-09-16','Morning',10257,10329,329),(30926,1,0,'2016-09-16','AfterNoon',10257,10329,329),(30927,1,0,'2016-09-16','Evening',10257,10329,329),(30928,1,0,'2016-09-16','Morning',10215,10352,353),(30929,1,0,'2016-09-16','AfterNoon',10215,10352,353),(30930,1,0,'2016-09-16','Evening',10215,10352,353),(30931,1,0,'2016-09-16','Morning',10249,10400,401),(30932,1,0,'2016-09-16','AfterNoon',10249,10400,401),(30933,1,0,'2016-09-16','Evening',10249,10400,401),(30934,1,0,'2016-09-16','Morning',10253,10401,402),(30935,1,0,'2016-09-16','AfterNoon',10253,10401,402),(30936,1,0,'2016-09-16','Evening',10253,10401,402),(30937,1,0,'2016-09-16','Morning',10254,10402,403),(30938,1,0,'2016-09-16','AfterNoon',10254,10402,403),(30939,1,0,'2016-09-16','Evening',10254,10402,403),(30940,1,0,'2016-09-16','Morning',10255,10403,404),(30941,1,0,'2016-09-16','AfterNoon',10255,10403,404),(30942,1,0,'2016-09-16','Evening',10255,10403,404),(30943,1,0,'2016-09-16','Morning',10256,10404,405),(30944,1,0,'2016-09-16','AfterNoon',10256,10404,405),(30945,1,0,'2016-09-16','Evening',10256,10404,405),(30946,1,0,'2016-09-16','Morning',10300,10453,452),(30947,1,0,'2016-09-16','AfterNoon',10300,10453,452),(30948,1,0,'2016-09-16','Evening',10300,10453,452),(30949,1,0,'2016-09-16','Morning',10150,10150,501),(30950,1,0,'2016-09-16','AfterNoon',10150,10150,501),(30951,1,0,'2016-09-16','Evening',10150,10150,501),(30952,1,0,'2016-09-16','Morning',10204,10216,502),(30953,1,0,'2016-09-16','AfterNoon',10204,10216,502),(30954,1,0,'2016-09-16','Evening',10204,10216,502),(30955,1,0,'2016-09-16','Morning',10205,10220,503),(30956,1,0,'2016-09-16','AfterNoon',10205,10220,503),(30957,1,0,'2016-09-16','Evening',10205,10220,503),(30958,1,0,'2016-09-16','Morning',10206,10224,504),(30959,1,0,'2016-09-16','AfterNoon',10206,10224,504),(30960,1,0,'2016-09-16','Evening',10206,10224,504),(30961,1,0,'2016-09-16','Morning',10151,10154,505),(30962,1,0,'2016-09-16','AfterNoon',10151,10154,505),(30963,1,0,'2016-09-16','Evening',10151,10154,505),(30964,1,0,'2016-09-16','Morning',10200,10200,506),(30965,1,0,'2016-09-16','AfterNoon',10200,10200,506),(30966,1,0,'2016-09-16','Evening',10200,10200,506),(30967,1,0,'2016-09-16','Morning',10202,10208,507),(30968,1,0,'2016-09-16','AfterNoon',10202,10208,507),(30969,1,0,'2016-09-16','Evening',10202,10208,507),(30970,1,0,'2016-09-16','Morning',10350,10500,551),(30971,1,0,'2016-09-16','AfterNoon',10350,10500,551),(30972,1,0,'2016-09-16','Evening',10350,10500,551),(30973,1,0,'2016-09-16','Morning',10351,10501,552),(30974,1,0,'2016-09-16','AfterNoon',10351,10501,552),(30975,1,0,'2016-09-16','Evening',10351,10501,552),(30976,1,0,'2016-09-16','Morning',10352,10502,553),(30977,1,0,'2016-09-16','AfterNoon',10352,10502,553),(30978,1,0,'2016-09-16','Evening',10352,10502,553),(30979,1,0,'2016-09-16','Morning',10353,10503,554),(30980,1,0,'2016-09-16','AfterNoon',10353,10503,554),(30981,1,0,'2016-09-16','Evening',10353,10503,554),(30982,1,0,'2016-09-16','Morning',10354,10504,555),(30983,1,0,'2016-09-16','AfterNoon',10354,10504,555),(30984,1,0,'2016-09-16','Evening',10354,10504,555),(30985,1,0,'2016-09-16','Morning',10355,10505,556),(30986,1,0,'2016-09-16','AfterNoon',10355,10505,556),(30987,1,0,'2016-09-16','Evening',10355,10505,556),(30988,1,0,'2016-09-16','Morning',10356,10506,557),(30989,1,0,'2016-09-16','AfterNoon',10356,10506,557),(30990,1,0,'2016-09-16','Evening',10356,10506,557),(30991,1,0,'2016-09-16','Morning',10357,10507,558),(30992,1,0,'2016-09-16','AfterNoon',10357,10507,558),(30993,1,0,'2016-09-16','Evening',10357,10507,558),(30994,1,0,'2016-09-16','Morning',10358,10508,559),(30995,1,0,'2016-09-16','AfterNoon',10358,10508,559),(30996,1,0,'2016-09-16','Evening',10358,10508,559),(30997,1,0,'2016-09-17','Morning',10201,10207,208),(30998,1,0,'2016-09-17','AfterNoon',10201,10207,208),(30999,1,0,'2016-09-17','Evening',10201,10207,208),(31000,1,0,'2016-09-17','Morning',10203,10213,214),(31001,1,0,'2016-09-17','AfterNoon',10203,10213,214),(31002,1,0,'2016-09-17','Evening',10203,10213,214),(31003,1,0,'2016-09-17','Morning',10203,10215,216),(31004,1,0,'2016-09-17','AfterNoon',10203,10215,216),(31005,1,0,'2016-09-17','Evening',10203,10215,216),(31006,1,0,'2016-09-17','Morning',10207,10231,232),(31007,1,0,'2016-09-17','AfterNoon',10207,10231,232),(31008,1,0,'2016-09-17','Evening',10207,10231,232),(31009,1,0,'2016-09-17','Morning',10208,10235,236),(31010,1,0,'2016-09-17','AfterNoon',10208,10235,236),(31011,1,0,'2016-09-17','Evening',10208,10235,236),(31012,1,0,'2016-09-17','Morning',10209,10239,240),(31013,1,0,'2016-09-17','AfterNoon',10209,10239,240),(31014,1,0,'2016-09-17','Evening',10209,10239,240),(31015,1,0,'2016-09-17','Morning',10210,10243,244),(31016,1,0,'2016-09-17','AfterNoon',10210,10243,244),(31017,1,0,'2016-09-17','Evening',10210,10243,244),(31018,1,0,'2016-09-17','Morning',10211,10247,248),(31019,1,0,'2016-09-17','AfterNoon',10211,10247,248),(31020,1,0,'2016-09-17','Evening',10211,10247,248),(31021,1,0,'2016-09-17','Morning',10212,10249,250),(31022,1,0,'2016-09-17','AfterNoon',10212,10249,250),(31023,1,0,'2016-09-17','Evening',10212,10249,250),(31024,1,0,'2016-09-17','Morning',10212,10251,252),(31025,1,0,'2016-09-17','AfterNoon',10212,10251,252),(31026,1,0,'2016-09-17','Evening',10212,10251,252),(31027,1,0,'2016-09-17','Morning',10213,10253,254),(31028,1,0,'2016-09-17','AfterNoon',10213,10253,254),(31029,1,0,'2016-09-17','Evening',10213,10253,254),(31030,1,0,'2016-09-17','Morning',10214,10257,258),(31031,1,0,'2016-09-17','AfterNoon',10214,10257,258),(31032,1,0,'2016-09-17','Evening',10214,10257,258),(31033,1,0,'2016-09-17','Morning',10216,10264,265),(31034,1,0,'2016-09-17','AfterNoon',10216,10264,265),(31035,1,0,'2016-09-17','Evening',10216,10264,265),(31036,1,0,'2016-09-17','Morning',10217,10266,267),(31037,1,0,'2016-09-17','AfterNoon',10217,10266,267),(31038,1,0,'2016-09-17','Evening',10217,10266,267),(31039,1,0,'2016-09-17','Morning',10217,10267,268),(31040,1,0,'2016-09-17','AfterNoon',10217,10267,268),(31041,1,0,'2016-09-17','Evening',10217,10267,268),(31042,1,0,'2016-09-17','Morning',10217,10268,269),(31043,1,0,'2016-09-17','AfterNoon',10217,10268,269),(31044,1,0,'2016-09-17','Evening',10217,10268,269),(31045,1,0,'2016-09-17','Morning',10218,10269,270),(31046,1,0,'2016-09-17','AfterNoon',10218,10269,270),(31047,1,0,'2016-09-17','Evening',10218,10269,270),(31048,1,0,'2016-09-17','Morning',10219,10270,271),(31049,1,0,'2016-09-17','AfterNoon',10219,10270,271),(31050,1,0,'2016-09-17','Evening',10219,10270,271),(31051,1,0,'2016-09-17','Morning',10220,10271,272),(31052,1,0,'2016-09-17','AfterNoon',10220,10271,272),(31053,1,0,'2016-09-17','Evening',10220,10271,272),(31054,1,0,'2016-09-17','Morning',10221,10272,273),(31055,1,0,'2016-09-17','AfterNoon',10221,10272,273),(31056,1,0,'2016-09-17','Evening',10221,10272,273),(31057,1,0,'2016-09-17','Morning',10222,10273,274),(31058,1,0,'2016-09-17','AfterNoon',10222,10273,274),(31059,1,0,'2016-09-17','Evening',10222,10273,274),(31060,1,0,'2016-09-17','Morning',10223,10274,275),(31061,1,0,'2016-09-17','AfterNoon',10223,10274,275),(31062,1,0,'2016-09-17','Evening',10223,10274,275),(31063,1,0,'2016-09-17','Morning',10224,10275,276),(31064,1,0,'2016-09-17','AfterNoon',10224,10275,276),(31065,1,0,'2016-09-17','Evening',10224,10275,276),(31066,1,0,'2016-09-17','Morning',10225,10276,277),(31067,1,0,'2016-09-17','AfterNoon',10225,10276,277),(31068,1,0,'2016-09-17','Evening',10225,10276,277),(31069,1,0,'2016-09-17','Morning',10226,10277,278),(31070,1,0,'2016-09-17','AfterNoon',10226,10277,278),(31071,1,0,'2016-09-17','Evening',10226,10277,278),(31072,1,0,'2016-09-17','Morning',10227,10279,279),(31073,1,0,'2016-09-17','AfterNoon',10227,10279,279),(31074,1,0,'2016-09-17','Evening',10227,10279,279),(31075,1,0,'2016-09-17','Morning',10228,10280,280),(31076,1,0,'2016-09-17','AfterNoon',10228,10280,280),(31077,1,0,'2016-09-17','Evening',10228,10280,280),(31078,1,0,'2016-09-17','Morning',10229,10281,281),(31079,1,0,'2016-09-17','AfterNoon',10229,10281,281),(31080,1,0,'2016-09-17','Evening',10229,10281,281),(31081,1,0,'2016-09-17','Morning',10230,10282,282),(31082,1,0,'2016-09-17','AfterNoon',10230,10282,282),(31083,1,0,'2016-09-17','Evening',10230,10282,282),(31084,1,0,'2016-09-17','Morning',10231,10283,283),(31085,1,0,'2016-09-17','AfterNoon',10231,10283,283),(31086,1,0,'2016-09-17','Evening',10231,10283,283),(31087,1,0,'2016-09-17','Morning',10232,10284,284),(31088,1,0,'2016-09-17','AfterNoon',10232,10284,284),(31089,1,0,'2016-09-17','Evening',10232,10284,284),(31090,1,0,'2016-09-17','Morning',10233,10285,285),(31091,1,0,'2016-09-17','AfterNoon',10233,10285,285),(31092,1,0,'2016-09-17','Evening',10233,10285,285),(31093,1,0,'2016-09-17','Morning',10234,10286,286),(31094,1,0,'2016-09-17','AfterNoon',10234,10286,286),(31095,1,0,'2016-09-17','Evening',10234,10286,286),(31096,1,0,'2016-09-17','Morning',10235,10287,287),(31097,1,0,'2016-09-17','AfterNoon',10235,10287,287),(31098,1,0,'2016-09-17','Evening',10235,10287,287),(31099,1,0,'2016-09-17','Morning',10236,10288,288),(31100,1,0,'2016-09-17','AfterNoon',10236,10288,288),(31101,1,0,'2016-09-17','Evening',10236,10288,288),(31102,1,0,'2016-09-17','Morning',10237,10289,289),(31103,1,0,'2016-09-17','AfterNoon',10237,10289,289),(31104,1,0,'2016-09-17','Evening',10237,10289,289),(31105,1,0,'2016-09-17','Morning',10238,10290,290),(31106,1,0,'2016-09-17','AfterNoon',10238,10290,290),(31107,1,0,'2016-09-17','Evening',10238,10290,290),(31108,1,0,'2016-09-17','Morning',10239,10291,291),(31109,1,0,'2016-09-17','AfterNoon',10239,10291,291),(31110,1,0,'2016-09-17','Evening',10239,10291,291),(31111,1,0,'2016-09-17','Morning',10240,10292,292),(31112,1,0,'2016-09-17','AfterNoon',10240,10292,292),(31113,1,0,'2016-09-17','Evening',10240,10292,292),(31114,1,0,'2016-09-17','Morning',10241,10293,293),(31115,1,0,'2016-09-17','AfterNoon',10241,10293,293),(31116,1,0,'2016-09-17','Evening',10241,10293,293),(31117,1,0,'2016-09-17','Morning',10242,10294,294),(31118,1,0,'2016-09-17','AfterNoon',10242,10294,294),(31119,1,0,'2016-09-17','Evening',10242,10294,294),(31120,1,0,'2016-09-17','Morning',10243,10295,295),(31121,1,0,'2016-09-17','AfterNoon',10243,10295,295),(31122,1,0,'2016-09-17','Evening',10243,10295,295),(31123,1,0,'2016-09-17','Morning',10244,10296,296),(31124,1,0,'2016-09-17','AfterNoon',10244,10296,296),(31125,1,0,'2016-09-17','Evening',10244,10296,296),(31126,1,0,'2016-09-17','Morning',10245,10297,297),(31127,1,0,'2016-09-17','AfterNoon',10245,10297,297),(31128,1,0,'2016-09-17','Evening',10245,10297,297),(31129,1,0,'2016-09-17','Morning',10246,10299,299),(31130,1,0,'2016-09-17','AfterNoon',10246,10299,299),(31131,1,0,'2016-09-17','Evening',10246,10299,299),(31132,1,0,'2016-09-17','Morning',10247,10302,302),(31133,1,0,'2016-09-17','AfterNoon',10247,10302,302),(31134,1,0,'2016-09-17','Evening',10247,10302,302),(31135,1,0,'2016-09-17','Morning',10247,10303,303),(31136,1,0,'2016-09-17','AfterNoon',10247,10303,303),(31137,1,0,'2016-09-17','Evening',10247,10303,303),(31138,1,0,'2016-09-17','Morning',10248,10305,305),(31139,1,0,'2016-09-17','AfterNoon',10248,10305,305),(31140,1,0,'2016-09-17','Evening',10248,10305,305),(31141,1,0,'2016-09-17','Morning',10249,10307,307),(31142,1,0,'2016-09-17','AfterNoon',10249,10307,307),(31143,1,0,'2016-09-17','Evening',10249,10307,307),(31144,1,0,'2016-09-17','Morning',10250,10309,309),(31145,1,0,'2016-09-17','AfterNoon',10250,10309,309),(31146,1,0,'2016-09-17','Evening',10250,10309,309),(31147,1,0,'2016-09-17','Morning',10251,10312,312),(31148,1,0,'2016-09-17','AfterNoon',10251,10312,312),(31149,1,0,'2016-09-17','Evening',10251,10312,312),(31150,1,0,'2016-09-17','Morning',10252,10315,315),(31151,1,0,'2016-09-17','AfterNoon',10252,10315,315),(31152,1,0,'2016-09-17','Evening',10252,10315,315),(31153,1,0,'2016-09-17','Morning',10252,10317,317),(31154,1,0,'2016-09-17','AfterNoon',10252,10317,317),(31155,1,0,'2016-09-17','Evening',10252,10317,317),(31156,1,0,'2016-09-17','Morning',10253,10319,319),(31157,1,0,'2016-09-17','AfterNoon',10253,10319,319),(31158,1,0,'2016-09-17','Evening',10253,10319,319),(31159,1,0,'2016-09-17','Morning',10254,10321,321),(31160,1,0,'2016-09-17','AfterNoon',10254,10321,321),(31161,1,0,'2016-09-17','Evening',10254,10321,321),(31162,1,0,'2016-09-17','Morning',10255,10323,323),(31163,1,0,'2016-09-17','AfterNoon',10255,10323,323),(31164,1,0,'2016-09-17','Evening',10255,10323,323),(31165,1,0,'2016-09-17','Morning',10256,10324,324),(31166,1,0,'2016-09-17','AfterNoon',10256,10324,324),(31167,1,0,'2016-09-17','Evening',10256,10324,324),(31168,1,0,'2016-09-17','Morning',10256,10327,327),(31169,1,0,'2016-09-17','AfterNoon',10256,10327,327),(31170,1,0,'2016-09-17','Evening',10256,10327,327),(31171,1,0,'2016-09-17','Morning',10257,10329,329),(31172,1,0,'2016-09-17','AfterNoon',10257,10329,329),(31173,1,0,'2016-09-17','Evening',10257,10329,329),(31174,1,0,'2016-09-17','Morning',10215,10352,353),(31175,1,0,'2016-09-17','AfterNoon',10215,10352,353),(31176,1,0,'2016-09-17','Evening',10215,10352,353),(31177,1,0,'2016-09-17','Morning',10249,10400,401),(31178,1,0,'2016-09-17','AfterNoon',10249,10400,401),(31179,1,0,'2016-09-17','Evening',10249,10400,401),(31180,1,0,'2016-09-17','Morning',10253,10401,402),(31181,1,0,'2016-09-17','AfterNoon',10253,10401,402),(31182,1,0,'2016-09-17','Evening',10253,10401,402),(31183,1,0,'2016-09-17','Morning',10254,10402,403),(31184,1,0,'2016-09-17','AfterNoon',10254,10402,403),(31185,1,0,'2016-09-17','Evening',10254,10402,403),(31186,1,0,'2016-09-17','Morning',10255,10403,404),(31187,1,0,'2016-09-17','AfterNoon',10255,10403,404),(31188,1,0,'2016-09-17','Evening',10255,10403,404),(31189,1,0,'2016-09-17','Morning',10256,10404,405),(31190,1,0,'2016-09-17','AfterNoon',10256,10404,405),(31191,1,0,'2016-09-17','Evening',10256,10404,405),(31192,1,0,'2016-09-17','Morning',10300,10453,452),(31193,1,0,'2016-09-17','AfterNoon',10300,10453,452),(31194,1,0,'2016-09-17','Evening',10300,10453,452),(31195,1,0,'2016-09-17','Morning',10150,10150,501),(31196,1,0,'2016-09-17','AfterNoon',10150,10150,501),(31197,1,0,'2016-09-17','Evening',10150,10150,501),(31198,1,0,'2016-09-17','Morning',10204,10216,502),(31199,1,0,'2016-09-17','AfterNoon',10204,10216,502),(31200,1,0,'2016-09-17','Evening',10204,10216,502),(31201,1,0,'2016-09-17','Morning',10205,10220,503),(31202,1,0,'2016-09-17','AfterNoon',10205,10220,503),(31203,1,0,'2016-09-17','Evening',10205,10220,503),(31204,1,0,'2016-09-17','Morning',10206,10224,504),(31205,1,0,'2016-09-17','AfterNoon',10206,10224,504),(31206,1,0,'2016-09-17','Evening',10206,10224,504),(31207,1,0,'2016-09-17','Morning',10151,10154,505),(31208,1,0,'2016-09-17','AfterNoon',10151,10154,505),(31209,1,0,'2016-09-17','Evening',10151,10154,505),(31210,1,0,'2016-09-17','Morning',10200,10200,506),(31211,1,0,'2016-09-17','AfterNoon',10200,10200,506),(31212,1,0,'2016-09-17','Evening',10200,10200,506),(31213,1,0,'2016-09-17','Morning',10202,10208,507),(31214,1,0,'2016-09-17','AfterNoon',10202,10208,507),(31215,1,0,'2016-09-17','Evening',10202,10208,507),(31216,1,0,'2016-09-17','Morning',10350,10500,551),(31217,1,0,'2016-09-17','AfterNoon',10350,10500,551),(31218,1,0,'2016-09-17','Evening',10350,10500,551),(31219,1,0,'2016-09-17','Morning',10351,10501,552),(31220,1,0,'2016-09-17','AfterNoon',10351,10501,552),(31221,1,0,'2016-09-17','Evening',10351,10501,552),(31222,1,0,'2016-09-17','Morning',10352,10502,553),(31223,1,0,'2016-09-17','AfterNoon',10352,10502,553),(31224,1,0,'2016-09-17','Evening',10352,10502,553),(31225,1,0,'2016-09-17','Morning',10353,10503,554),(31226,1,0,'2016-09-17','AfterNoon',10353,10503,554),(31227,1,0,'2016-09-17','Evening',10353,10503,554),(31228,1,0,'2016-09-17','Morning',10354,10504,555),(31229,1,0,'2016-09-17','AfterNoon',10354,10504,555),(31230,1,0,'2016-09-17','Evening',10354,10504,555),(31231,1,0,'2016-09-17','Morning',10355,10505,556),(31232,1,0,'2016-09-17','AfterNoon',10355,10505,556),(31233,1,0,'2016-09-17','Evening',10355,10505,556),(31234,1,0,'2016-09-17','Morning',10356,10506,557),(31235,1,0,'2016-09-17','AfterNoon',10356,10506,557),(31236,1,0,'2016-09-17','Evening',10356,10506,557),(31237,1,0,'2016-09-17','Morning',10357,10507,558),(31238,1,0,'2016-09-17','AfterNoon',10357,10507,558),(31239,1,0,'2016-09-17','Evening',10357,10507,558),(31240,1,0,'2016-09-17','Morning',10358,10508,559),(31241,1,0,'2016-09-17','AfterNoon',10358,10508,559),(31242,1,0,'2016-09-17','Evening',10358,10508,559);
/*!40000 ALTER TABLE `SKU_INSTANCE_AVAILABILITY` ENABLE KEYS */;
UNLOCK TABLES;
/*!40103 SET TIME_ZONE=@OLD_TIME_ZONE */;

/*!40101 SET SQL_MODE=@OLD_SQL_MODE */;
/*!40014 SET FOREIGN_KEY_CHECKS=@OLD_FOREIGN_KEY_CHECKS */;
/*!40014 SET UNIQUE_CHECKS=@OLD_UNIQUE_CHECKS */;
/*!40101 SET CHARACTER_SET_CLIENT=@OLD_CHARACTER_SET_CLIENT */;
/*!40101 SET CHARACTER_SET_RESULTS=@OLD_CHARACTER_SET_RESULTS */;
/*!40101 SET COLLATION_CONNECTION=@OLD_COLLATION_CONNECTION */;
/*!40111 SET SQL_NOTES=@OLD_SQL_NOTES */;

-- Dump completed on 2016-08-18 15:54:24
